####
#
#	OBJ File Generated by LightWave3D
#	LightWave3D OBJ Export v2.3
#
####
o sande_pretzel
mtllib sande_pretzel.mtl
g default
v 0.0128096 0.676937 0.416325
v -0.14939 0.646842 0.510217
v -0.180918 0.528462 0.398931
v -0.0324056 0.552955 0.308435
v 0.025348 0.832925 0.470128
v -0.148628 0.803954 0.575535
v 0.167653 0.683839 0.318649
v 0.192365 0.84343 0.367
v 0.114125 0.561858 0.218885
v 0.257115 0.558713 0.130264
v 0.318969 0.682167 0.226533
v -0.0982447 0.482173 0.173204
v 0.0414793 0.489872 0.0863475
v 0.179796 0.48629 4.46753e-05
v 0.315864 0.47008 -0.0821457
v 0.394888 0.543396 0.0470588
v -0.0401165 0.482652 -0.0596491
v 0.0985291 0.478786 -0.146527
v 0.237462 0.461201 -0.230923
v 0.378269 0.430971 -0.309776
v 0.45053 0.442354 -0.157149
v 0.0261466 0.534477 -0.286506
v 0.172951 0.515345 -0.375511
v 0.322909 0.482761 -0.46073
v 0.476281 0.433841 -0.535597
v 0.5171 0.388129 -0.377404
v 0.133631 0.62881 -0.493246
v 0.295843 0.593031 -0.584504
v 0.465153 0.537454 -0.669214
v 0.640399 0.462591 -0.735334
v 0.631827 0.367809 -0.59491
v 0.299624 0.74113 -0.667045
v 0.486037 0.679047 -0.75953
v 0.681451 0.593235 -0.833636
v 0.878912 0.479692 -0.880853
v 0.816381 0.362371 -0.778861
v 0.537584 0.834333 -0.792999
v 0.749006 0.739768 -0.872684
v 0.96303 0.615949 -0.923577
v 1.17077 0.465823 -0.942764
v 1.06984 0.342675 -0.898689
v 0.831858 0.885403 -0.850189
v 1.05672 0.753769 -0.904535
v 1.27618 0.594266 -0.924677
v 1.48111 0.410338 -0.906647
v 1.3649 0.292386 -0.926071
v 1.14618 0.869971 -0.819776
v 1.36933 0.707755 -0.839373
v 1.57776 0.521383 -0.822079
v 1.76255 0.315509 -0.765324
v 1.66393 0.207396 -0.853299
v 1.43484 0.789153 -0.707601
v 1.63878 0.606547 -0.69075
v 1.81848 0.405045 -0.634349
v 1.96963 0.191873 -0.54096
v 1.9171 0.0974573 -0.670715
v 1.65405 0.652226 -0.530347
v 1.82332 0.463126 -0.47778
v 1.96566 0.263108 -0.390223
v 2.07213 0.0555186 -0.268995
v 2.08217 -0.0276185 -0.412751
v 1.77954 0.482667 -0.320595
v 1.90569 0.298762 -0.240145
v 2.00327 0.11139 -0.129202
v 2.06575 -0.077596 0.00774243
v 2.14049 -0.1508 -0.118929
v 1.79946 0.298362 -0.110943
v 1.88342 0.130536 -0.0153444
v 1.93778 -0.0349865 0.10705
v 1.95843 -0.198103 0.249814
v 2.0902 -0.262157 0.167802
v 1.73393 0.11297 0.059247
v 1.77991 -0.0307422 0.164542
v 1.79741 -0.172236 0.289461
v 1.78411 -0.312217 0.426636
v 1.94491 -0.358201 0.407837
v 1.61512 -0.0662799 0.170463
v 1.62897 -0.18916 0.278262
v 1.61606 -0.309012 0.395198
v 1.57545 -0.42943 0.516329
v 1.73585 -0.451281 0.567036
v 1.48015 -0.243459 0.21699
v 1.46829 -0.349888 0.318923
v 1.43246 -0.453947 0.422539
v 1.37222 -0.553106 0.521984
v 1.50466 -0.545359 0.631166
v 1.36774 -0.42918 0.206714
v 1.33602 -0.525095 0.299318
v 1.28215 -0.615324 0.389821
v 1.20752 -0.696941 0.471494
v 1.28654 -0.64626 0.614434
v 1.29773 -0.625498 0.170547
v 1.24677 -0.714542 0.257198
v 1.17507 -0.792888 0.335847
v 1.08357 -0.860935 0.404885
v 1.11057 -0.768467 0.543414
v 1.26905 -0.835152 0.144737
v 1.19442 -0.918199 0.226552
v 1.09982 -0.989276 0.298364
v 0.990461 -1.04828 0.356138
v 0.977447 -0.917928 0.460958
v 1.26131 -1.05384 0.158479
v 1.15647 -1.13392 0.238191
v 1.03621 -1.19976 0.302606
v 0.899389 -1.24983 0.35025
v 0.867341 -1.09316 0.398268
v 1.24739 -1.27562 0.234787
v 1.10832 -1.35257 0.311331
v 0.949642 -1.40913 0.367218
v 0.779757 -1.44521 0.403725
v 0.752965 -1.28075 0.381039
v 1.19226 -1.48042 0.379299
v 1.00885 -1.54535 0.444744
v 0.809755 -1.58659 0.486746
v 0.605721 -1.59996 0.50239
v 0.603488 -1.45657 0.415602
v 1.0674 -1.63764 0.569145
v 0.841522 -1.68455 0.617505
v 0.608345 -1.70015 0.635703
v 0.375242 -1.68939 0.622635
v 0.401297 -1.59013 0.491933
v 0.869626 -1.72527 0.776064
v 0.610783 -1.74205 0.795339
v 0.352125 -1.73054 0.781119
v 0.101158 -1.68334 0.735402
v 0.148071 -1.64777 0.581498
v 0.612363 -1.71926 0.961205
v 0.335357 -1.70399 0.946583
v 0.0666482 -1.65608 0.897269
v -0.18399 -1.57364 0.814769
v -0.133587 -1.60679 0.658162
v 0.327865 -1.62163 1.09235
v 0.0523423 -1.56902 1.03945
v -0.205876 -1.48573 0.956136
v -0.436803 -1.37141 0.84047
v -0.411828 -1.46504 0.70416
v 0.0590244 -1.43741 1.14217
v -0.194181 -1.35307 1.0577
v -0.423037 -1.24117 0.946087
v -0.617227 -1.1028 0.808146
v -0.635104 -1.23153 0.701185
v -0.154013 -1.20008 1.11127
v -0.368964 -1.09254 1.00282
v -0.554302 -0.961509 0.872678
v -0.701033 -0.812023 0.722725
v -0.774329 -0.945798 0.651997
v -0.285631 -0.949084 1.0032
v -0.454448 -0.829325 0.882729
v -0.58911 -0.690373 0.74613
v -0.687351 -0.540751 0.597183
v -0.80873 -0.65024 0.563297
v -0.331958 -0.724339 0.837065
v -0.450257 -0.600688 0.714483
v -0.535909 -0.466171 0.580632
v -0.588875 -0.325708 0.441129
v -0.748275 -0.38378 0.446637
v -0.308716 -0.556086 0.635988
v -0.381897 -0.43722 0.51841
v -0.42594 -0.310609 0.391566
v -0.447982 -0.180144 0.261561
v -0.614896 -0.187834 0.298352
v -0.245587 -0.457084 0.416383
v -0.285198 -0.343278 0.302938
v -0.302696 -0.220757 0.181126
v -0.313706 -0.097904 0.0507798
v -0.460814 -0.0517017 0.125546
v -0.187349 -0.419905 0.187086
v -0.199984 -0.303038 0.0719885
v -0.209976 -0.183731 -0.053943
v -0.221661 -0.0592929 -0.186707
v -0.324782 0.0251572 -0.0820364
v -0.159945 -0.414515 -0.0495682
v -0.167621 -0.294866 -0.173569
v -0.178874 -0.167074 -0.306532
v -0.198951 -0.0341874 -0.441102
v -0.236836 0.0680729 -0.318395
v -0.192363 -0.412802 -0.290424
v -0.203522 -0.280635 -0.423962
v -0.225071 -0.139653 -0.559197
v -0.240114 0.00718676 -0.696236
v -0.217221 0.105908 -0.571662
v -0.290417 -0.381507 -0.521765
v -0.308621 -0.235098 -0.659438
v -0.324105 -0.0809534 -0.801599
v -0.344551 0.0904249 -0.936802
v -0.261147 0.167445 -0.82442
v -0.439356 -0.304733 -0.726809
v -0.457215 -0.14371 -0.869888
v -0.47765 0.0350702 -1.00937
v -0.495596 0.233357 -1.14031
v -0.360488 0.276867 -1.05934
v -0.617349 -0.171153 -0.888939
v -0.637572 0.0111549 -1.0317
v -0.655795 0.213736 -1.16837
v -0.668356 0.443097 -1.2833
v -0.505247 0.452271 -1.25239
v -0.800506 0.0178344 -1.00418
v -0.819548 0.22275 -1.13938
v -0.834548 0.454097 -1.25618
v -0.834425 0.715177 -1.33482
v -0.669736 0.698719 -1.36525
v -0.959877 0.259582 -1.05831
v -0.976142 0.486823 -1.17168
v -0.979061 0.742128 -1.25085
v -0.95853 1.01586 -1.27742
v -0.817399 0.994739 -1.36765
v -1.07433 0.532557 -1.04619
v -1.07497 0.774974 -1.11611
v -1.0569 1.03303 -1.14138
v -1.0209 1.29461 -1.12237
v -0.920749 1.29368 -1.25958
v -1.11027 0.806414 -0.960075
v -1.09261 1.04167 -0.981185
v -1.05891 1.27964 -0.96069
v -1.00325 1.51222 -0.905216
v -0.962109 1.54894 -1.0595
v -1.06748 1.03987 -0.81649
v -1.03531 1.25118 -0.799113
v -0.986461 1.45535 -0.747679
v -0.918554 1.6465 -0.664735
v -0.926542 1.72649 -0.809959
v -0.952961 1.21362 -0.65926
v -0.90939 1.38965 -0.614342
v -0.85207 1.55487 -0.543398
v -0.78043 1.70436 -0.44461
v -0.837272 1.81893 -0.552103
v -0.783337 1.32078 -0.52078
v -0.735379 1.46404 -0.460649
v -0.674228 1.59122 -0.376893
v -0.603847 1.69895 -0.274784
v -0.698849 1.82838 -0.325542
v -0.584352 1.39068 -0.438033
v -0.531263 1.5012 -0.364433
v -0.469342 1.59632 -0.274834
v -0.402494 1.66985 -0.171363
v -0.526147 1.78276 -0.15516
v -0.376529 1.44623 -0.406447
v -0.319882 1.53467 -0.32386
v -0.25918 1.60222 -0.22703
v -0.192436 1.6493 -0.120247
v -0.329665 1.72021 -0.0538358
v -0.17682 1.52455 -0.413592
v -0.115067 1.59256 -0.316872
v -0.0490379 1.64046 -0.210353
v 0.0188698 1.66555 -0.0992239
v -0.123076 1.67334 -0.00889432
v 0.00744978 1.64102 -0.425199
v 0.0778848 1.69249 -0.309181
v 0.151213 1.72004 -0.187954
v 0.225395 1.72248 -0.0655548
v 0.0893855 1.66714 0.0152791
v 0.16703 1.80324 -0.40247
v 0.251875 1.83554 -0.261875
v 0.334363 1.83937 -0.122083
v 0.417493 1.8146 0.0173183
v 0.299849 1.70109 0.0541976
v 0.304324 1.98925 -0.311478
v 0.40176 1.9929 -0.146722
v 0.497012 1.96303 0.0144159
v 0.590269 1.90054 0.164796
v 0.497378 1.76026 0.145824
v 0.414 2.16001 -0.136024
v 0.524056 2.12486 0.0490665
v 0.63185 2.05189 0.224269
v 0.733643 1.94344 0.380685
v 0.678897 1.80714 0.300871
v 0.495321 2.27475 0.11539
v 0.617976 2.19321 0.312267
v 0.731359 2.06991 0.490638
v 0.837172 1.91293 0.643421
v 0.826246 1.80456 0.516997
v 0.547125 2.29943 0.418044
v 0.672483 2.16472 0.612349
v 0.787889 1.99312 0.780541
v 0.887138 1.78917 0.918329
v 0.929311 1.72708 0.770078
v 0.568567 2.21934 0.730132
v 0.687776 2.03682 0.906921
v 0.791733 1.82095 1.05188
v 0.877813 1.57745 1.16002
v 0.968422 1.55873 1.02036
v 0.550138 2.03525 1.00447
v 0.65475 1.81536 1.15039
v 0.742473 1.56825 1.26052
v 0.80765 1.29905 1.32596
v 0.942688 1.31428 1.22744
v 0.499257 1.77596 1.20066
v 0.584123 1.53351 1.3057
v 0.648986 1.27132 1.37361
v 0.691022 0.995605 1.39373
v 0.851523 1.01973 1.3497
v 0.427755 1.47762 1.28586
v 0.486486 1.23105 1.34872
v 0.52569 0.972337 1.36661
v 0.542841 0.712915 1.3407
v 0.711881 0.72005 1.36777
v 0.351086 1.18717 1.26417
v 0.385887 0.952898 1.2802
v 0.400151 0.717561 1.25512
v 0.401388 0.490733 1.18733
v 0.543934 0.466891 1.26618
v 0.28633 0.938746 1.14465
v 0.298043 0.731957 1.12313
v 0.30026 0.529013 1.06261
v 0.29388 0.338678 0.971285
v 0.393105 0.281165 1.08453
v 0.254883 0.753222 0.961175
v 0.257252 0.57586 0.908454
v 0.255373 0.406145 0.827616
v 0.243279 0.2447 0.724284
v 0.281337 0.160982 0.85612
v 0.282337 0.625772 0.748745
v 0.279664 0.473608 0.677069
v 0.27113 0.329538 0.584707
v 0.25204 0.19154 0.472895
v 0.22476 0.0961243 0.603501
v 0.365209 0.532728 0.547315
v 0.353539 0.400361 0.460981
v 0.336986 0.271392 0.355355
v 0.318427 0.145951 0.235496
v 0.229678 0.0593549 0.348109
v 0.48826 0.444157 0.377406
v 0.472863 0.320259 0.273987
v 0.455961 0.198652 0.155791
v 0.441606 0.0761526 0.0269346
v 0.302078 0.020778 0.105998
v 0.633958 0.331928 0.239691
v 0.619367 0.211713 0.120093
v 0.605814 0.0901865 -0.0110177
v 0.59573 -0.0369026 -0.147709
v 0.430725 -0.0476849 -0.107431
v 0.7821 0.180609 0.134898
v 0.769702 0.0576336 -0.000289395
v 0.759051 -0.073089 -0.139758
v 0.747991 -0.211584 -0.286992
v 0.584458 -0.168807 -0.288738
v 0.905231 -0.0153673 0.0553098
v 0.898003 -0.147517 -0.0890595
v 0.887122 -0.292103 -0.240818
v 0.860619 -0.44717 -0.401417
v 0.724772 -0.354595 -0.441626
v 0.991094 -0.250324 -0.000532062
v 0.981436 -0.399264 -0.155587
v 0.953462 -0.562732 -0.323651
v 0.889466 -0.732178 -0.494761
v 0.800108 -0.609334 -0.565557
v 1.0178 -0.51771 -0.0450055
v 0.988257 -0.685365 -0.214242
v 0.924687 -0.858479 -0.38885
v 0.814293 -1.02969 -0.55942
v 0.783801 -0.90065 -0.663104
v 0.962558 -0.797448 -0.0902341
v 0.895795 -0.967787 -0.262107
v 0.790693 -1.13833 -0.430699
v 0.640133 -1.29621 -0.589334
v 0.664568 -1.19254 -0.722033
v 0.812601 -1.04343 -0.137637
v 0.711904 -1.20539 -0.298607
v 0.570463 -1.35619 -0.448909
v 0.391837 -1.48898 -0.58243
v 0.452486 -1.43869 -0.72986
v 0.59585 -1.22326 -0.18221
v 0.465438 -1.3625 -0.321246
v 0.303382 -1.48394 -0.443133
v 0.111489 -1.58313 -0.543672
v 0.181348 -1.59945 -0.692134
v 0.3393 -1.31519 -0.222571
v 0.196053 -1.42291 -0.328697
v 0.027222 -1.51236 -0.417357
v -0.161594 -1.57876 -0.484025
v -0.102717 -1.65912 -0.617714
v 0.0867958 -1.31507 -0.261749
v -0.0583761 -1.39141 -0.338845
v -0.222319 -1.4493 -0.395752
v -0.396566 -1.48318 -0.431535
v -0.365166 -1.62047 -0.524305
v -0.131991 -1.24236 -0.31707
v -0.274015 -1.29173 -0.366196
v -0.423545 -1.32097 -0.3969
v -0.578473 -1.33071 -0.407604
v -0.577174 -1.49468 -0.443744
v -0.307522 -1.13179 -0.400326
v -0.441168 -1.15695 -0.428729
v -0.579548 -1.16611 -0.438774
v -0.71841 -1.15897 -0.430879
v -0.734515 -1.32189 -0.399398
v -0.446613 -1.01627 -0.519371
v -0.579433 -1.02478 -0.528828
v -0.711546 -1.01784 -0.521964
v -0.838349 -0.993056 -0.497623
v -0.852683 -1.13309 -0.405434
v -0.576932 -0.927733 -0.667121
v -0.714401 -0.920513 -0.660954
v -0.847129 -0.895119 -0.636256
v -0.97237 -0.854707 -0.595582
v -0.959164 -0.95309 -0.458912
v -0.728111 -0.884907 -0.824062
v -0.878002 -0.857133 -0.797174
v -1.01722 -0.812118 -0.751886
v -1.14408 -0.749288 -0.690273
v -1.08584 -0.797924 -0.540296
v -0.924171 -0.88342 -0.958797
v -1.08715 -0.829746 -0.905219
v -1.23371 -0.758148 -0.834128
v -1.36003 -0.668441 -0.74518
v -1.25293 -0.672766 -0.61377
v -1.16997 -0.906578 -1.03071
v -1.3409 -0.823645 -0.946546
v -1.48673 -0.719415 -0.843173
v -1.60451 -0.600081 -0.723679
v -1.46143 -0.565278 -0.642363
v -1.44736 -0.934879 -1.0137
v -1.6139 -0.817703 -0.894212
v -1.74847 -0.68057 -0.758605
v -1.84648 -0.532094 -0.609581
v -1.6911 -0.470046 -0.593988
v -1.72079 -0.944118 -0.891162
v -1.86755 -0.793421 -0.738527
v -1.97609 -0.628668 -0.574296
v -2.04139 -0.45647 -0.400816
v -1.90595 -0.376786 -0.453376
v -1.95105 -0.921763 -0.672025
v -2.0645 -0.746079 -0.49353
v -2.13437 -0.560239 -0.307849
v -2.15527 -0.368608 -0.121365
v -2.06361 -0.281856 -0.22719
v -2.09893 -0.866762 -0.381997
v -2.16929 -0.673971 -0.188815
v -2.18917 -0.472162 0.00522701
v -2.16346 -0.262865 0.186966
v -2.13376 -0.169858 0.0513293
v -2.1389 -0.78058 -0.0602044
v -2.15734 -0.577192 0.133579
v -2.13361 -0.364689 0.317619
v -2.05962 -0.146488 0.480627
v -2.09657 -0.0484064 0.347534
v -2.06262 -0.665467 0.240943
v -2.03751 -0.460446 0.42102
v -1.96512 -0.244871 0.579359
v -1.85554 -0.0251815 0.711549
v -1.95034 0.0774828 0.614973
v -1.89846 -0.533187 0.48295
v -1.82918 -0.329647 0.631102
v -1.72594 -0.121521 0.756564
v -1.58461 0.085422 0.847287
v -1.70764 0.19149 0.809907
v -1.67393 -0.386709 0.627646
v -1.5781 -0.196685 0.741574
v -1.44992 -0.00662197 0.824394
v -1.29431 0.172818 0.877555
v -1.41559 0.28211 0.906002
v -1.43417 -0.240631 0.66774
v -1.3197 -0.0737678 0.742539
v -1.18162 0.0858487 0.788619
v -1.0235 0.232152 0.806359
v -1.11606 0.336469 0.898749
v -1.2179 -0.102242 0.610848
v -1.0971 0.0364872 0.651134
v -0.960589 0.162271 0.664892
v -0.809563 0.273762 0.653491
v -0.851519 0.359902 0.794256
v -1.0531 0.0289603 0.486467
v -0.935345 0.138082 0.498726
v -0.80455 0.233851 0.488151
v -0.66697 0.314035 0.455814
v -0.653253 0.365088 0.617902
v -0.954258 0.166732 0.333554
v -0.838324 0.251045 0.324344
v -0.713451 0.323228 0.29448
v -0.582989 0.378776 0.246118
v -0.524206 0.375977 0.403915
v -0.903116 0.320318 0.184284
v -0.784732 0.387384 0.155869
v -0.658519 0.439982 0.107499
v -0.528629 0.481772 0.0458814
v -0.449362 0.423135 0.18254
v -0.867452 0.499172 0.0634991
v -0.7399 0.553496 0.0131385
v -0.606727 0.595984 -0.0512877
v -0.468425 0.627741 -0.127341
v -0.39488 0.513034 -0.0279991
v -0.814636 0.699444 -0.0270169
v -0.672117 0.745301 -0.0957801
v -0.52338 0.77878 -0.176515
v -0.370108 0.798794 -0.266096
v -0.325046 0.647819 -0.2118
v -0.714437 0.908111 -0.0775217
v -0.551493 0.944206 -0.165255
v -0.386494 0.966547 -0.262491
v -0.215688 0.973798 -0.365488
v -0.211051 0.806551 -0.362517
v -0.551654 1.09961 -0.0992336
v -0.371496 1.12313 -0.202578
v -0.190922 1.13159 -0.316029
v -0.00373731 1.12549 -0.430696
v -0.0392603 0.968064 -0.473253
v -0.328038 1.24394 -0.0970765
v -0.136506 1.2531 -0.214959
v 0.0586827 1.24735 -0.336088
v 0.260528 1.22335 -0.45909
v 0.18949 1.10313 -0.551203
v -0.0648173 1.32352 -0.0840363
v 0.135587 1.31354 -0.207392
v 0.339521 1.29385 -0.33109
v 0.549694 1.24708 -0.447484
v 0.471197 1.17508 -0.574099
v 0.214056 1.32244 -0.0643028
v 0.415373 1.3 -0.184195
v 0.620722 1.25822 -0.2978
v 0.82921 1.18859 -0.397827
v 0.767077 1.17578 -0.551241
v 0.479289 1.2482 -0.0401564
v 0.673953 1.20828 -0.147197
v 0.869067 1.14369 -0.241807
v 1.06664 1.05965 -0.315915
v 1.04358 1.0957 -0.47617
v 0.699941 1.09951 -0.0206192
v 0.87934 1.04219 -0.107647
v 1.05703 0.9663 -0.174809
v 1.23083 0.86764 -0.219299
v 1.26188 0.946007 -0.363626
v 0.858857 0.904109 -0.0149271
v 1.01669 0.836367 -0.0766025
v 1.16984 0.751202 -0.116556
v 1.31512 0.648161 -0.132155
v 1.39787 0.748092 -0.236595
v 0.94916 0.687955 -0.0364557
v 1.08517 0.612447 -0.0730866
v 1.21278 0.523502 -0.0870757
v 1.32997 0.419763 -0.0777937
v 1.4481 0.527813 -0.121406
v 0.994012 0.475256 -0.0910244
v 1.11017 0.394712 -0.102657
v 1.21437 0.302194 -0.0952536
v 1.30454 0.200974 -0.0667184
v 1.43097 0.306429 -0.0463363
v 1.01775 0.280585 -0.185282
v 1.11735 0.191246 -0.178019
v 1.20342 0.093472 -0.150904
v 1.27656 -0.00784756 -0.107459
v 1.38008 0.0941188 -0.0210617
v 1.05374 0.105504 -0.308886
v 1.14526 0.00316333 -0.28208
v 1.22198 -0.103545 -0.23602
v 1.27784 -0.211275 -0.171971
v 1.3298 -0.112657 -0.0458914
v 1.13884 -0.0567548 -0.439554
v 1.224 -0.176071 -0.388838
v 1.28729 -0.297901 -0.319332
v 1.32905 -0.416667 -0.235003
v 1.31535 -0.318928 -0.0951936
v 1.28384 -0.215388 -0.54374
v 1.35749 -0.357364 -0.463574
v 1.40778 -0.494902 -0.368168
v 1.43111 -0.622681 -0.259226
v 1.34902 -0.528646 -0.142512
v 1.48107 -0.378622 -0.580143
v 1.53924 -0.537786 -0.469198
v 1.5657 -0.68926 -0.340667
v 1.5629 -0.82629 -0.21026
v 1.42946 -0.742464 -0.145414
v 1.69889 -0.542787 -0.524199
v 1.7297 -0.71461 -0.376141
v 1.72471 -0.872677 -0.224918
v 1.68246 -1.02192 -0.076779
v 1.52784 -0.956085 -0.0819861
v 1.89454 -0.697749 -0.363606
v 1.88804 -0.875682 -0.191782
v 1.83943 -1.0442 -0.0253683
v 1.75106 -1.19989 0.131751
v 1.60574 -1.15857 0.0605032
v 2.03065 -0.838035 -0.116725
v 1.97478 -1.02062 0.0662112
v 1.87627 -1.19081 0.238746
v 1.73752 -1.34776 0.39407
v 1.62539 -1.341 0.273271
v 2.07237 -0.95307 0.186436
v 1.96684 -1.13339 0.369219
v 1.816 -1.29877 0.534908
v 1.62622 -1.44225 0.678325
v 1.55898 -1.48041 0.529792
v 2.00335 -1.03644 0.500263
v 1.85009 -1.20659 0.670646
v 1.6536 -1.35118 0.816798
v 1.42537 -1.47012 0.938087
v 1.40293 -1.55771 0.795962
v 1.83135 -1.08016 0.780019
v 1.63782 -1.22196 0.923482
v 1.41276 -1.33888 1.04244
v 1.16199 -1.42721 1.13103
v 1.17037 -1.55921 1.02747
v 1.58369 -1.07601 0.98538
v 1.3701 -1.18682 1.09927
v 1.13078 -1.27107 1.17934
v 0.875208 -1.32379 1.23249
v 0.891831 -1.48251 1.18587
v 1.30163 -1.03636 1.09371
v 1.08212 -1.11411 1.16461
v 0.849667 -1.16213 1.21245
v 0.607772 -1.17952 1.22914
v 0.60967 -1.342 1.24943
v 1.02373 -0.977313 1.08961
v 0.818344 -1.02016 1.12939
v 0.6058 -1.03518 1.14512
v 0.39219 -1.02316 1.13339
v 0.365524 -1.16526 1.21637
v 0.786635 -0.919429 1.00012
v 0.602969 -0.931614 1.0134
v 0.41953 -0.921492 1.00287
v 0.240331 -0.887054 0.970042
v 0.185056 -0.982803 1.09581
v 0.601199 -0.884724 0.849461
v 0.44374 -0.876749 0.841052
v 0.290317 -0.847281 0.812054
v 0.146933 -0.800686 0.765136
v 0.074604 -0.831579 0.914703
v 0.459782 -0.901045 0.674488
v 0.324582 -0.87535 0.648927
v 0.196206 -0.833521 0.606776
v 0.0821803 -0.775994 0.548599
v 0.0162075 -0.735734 0.698634
v 0.338273 -0.963191 0.506817
v 0.216608 -0.923425 0.466882
v 0.108692 -0.868086 0.411381
v 0.0142657 -0.800071 0.342404
v -0.0169662 -0.703921 0.475518
v 0.206097 -1.05413 0.362751
v 0.0944776 -0.998203 0.306453
v -0.00352186 -0.928457 0.236172
v -0.0815929 -0.846269 0.15407
v -0.0616869 -0.720915 0.262063
v 0.041195 -1.14711 0.250069
v -0.0673621 -1.06887 0.172674
v -0.153139 -0.978301 0.0830176
v -0.215272 -0.874849 -0.0202086
v -0.138984 -0.751249 0.0595637
v -0.16811 -1.20384 0.161111
v -0.268229 -1.09979 0.0578854
v -0.337587 -0.984596 -0.0567043
v -0.382913 -0.861736 -0.179699
v -0.253123 -0.764688 -0.132301
v -0.407161 -1.18851 0.0880808
v -0.488812 -1.05873 -0.0401623
v -0.539656 -0.922195 -0.178413
v -0.564185 -0.780182 -0.318291
v -0.403499 -0.732699 -0.310088
v -0.64246 -1.08778 0.0208407
v -0.699459 -0.937875 -0.131008
v -0.726664 -0.784799 -0.28091
v -0.736538 -0.631881 -0.425962
v -0.574757 -0.63681 -0.459898
v -0.839911 -0.905373 -0.0416041
v -0.869175 -0.744299 -0.2025
v -0.877154 -0.587142 -0.352033
v -0.889114 -0.43848 -0.500702
v -0.74748 -0.484556 -0.573557
v -0.969169 -0.664852 -0.0933731
v -0.977352 -0.507434 -0.248559
v -0.98865 -0.35954 -0.396614
v -1.00202 -0.20999 -0.539949
v -0.902579 -0.284557 -0.64372
v -1.02081 -0.403067 -0.130337
v -1.0276 -0.256959 -0.277089
v -1.04232 -0.113126 -0.418771
v -1.06182 0.0375786 -0.555188
v -1.02326 -0.0524345 -0.680954
v -1.00774 -0.147483 -0.161479
v -1.02063 -0.00990857 -0.300789
v -1.04162 0.133252 -0.431278
v -1.05666 0.286142 -0.554275
v -1.07865 0.202884 -0.684186
v -0.939133 0.0852292 -0.201673
v -0.957331 0.220946 -0.327736
v -0.972173 0.361314 -0.442885
v -0.98438 0.513269 -0.541509
v -1.07087 0.452243 -0.662451
v -0.827419 0.287454 -0.257153
v -0.841195 0.418766 -0.365214
v -0.851495 0.556573 -0.455418
v -0.859401 0.702219 -0.52425
v -0.99255 0.674672 -0.615032
v -0.680739 0.444663 -0.339376
v -0.691591 0.574062 -0.425121
v -0.698574 0.710936 -0.488146
v -0.696714 0.849987 -0.526627
v -0.858035 0.855866 -0.564965
v -0.527791 0.567725 -0.445443
v -0.534786 0.699501 -0.509831
v -0.533554 0.832504 -0.551299
v -0.518122 0.967216 -0.563052
v -0.682573 0.992246 -0.536005
v -0.393451 0.668495 -0.590111
v -0.391613 0.805476 -0.632382
v -0.378664 0.944353 -0.650419
v -0.357862 1.08086 -0.645733
v -0.49613 1.09909 -0.555111
v -0.291256 0.775176 -0.763508
v -0.28044 0.927006 -0.784998
v -0.25806 1.07746 -0.77967
v -0.222539 1.21945 -0.747112
v -0.326172 1.21103 -0.615331
v -0.24422 0.920106 -0.948654
v -0.219078 1.09321 -0.940707
v -0.180114 1.25643 -0.904621
v -0.128369 1.40795 -0.843707
v -0.178128 1.35141 -0.694803
v -0.242774 1.12314 -1.1045
v -0.196018 1.31348 -1.06212
v -0.13704 1.48835 -0.988451
v -0.0641263 1.64504 -0.891182
v -0.0653094 1.54264 -0.758521
v -0.275082 1.38121 -1.19434
v -0.205167 1.58227 -1.11135
v -0.123934 1.7607 -0.997177
v -0.0258085 1.91205 -0.856999
v 0.0190401 1.77695 -0.769842
v -0.322856 1.67199 -1.18914
v -0.229604 1.87146 -1.06248
v -0.122191 2.03916 -0.904359
v -0.00451303 2.17275 -0.723371
v 0.078336 2.0309 -0.695111
v -0.371094 1.95973 -1.07271
v -0.255101 2.14166 -0.904191
v -0.127848 2.28277 -0.706396
v 0.00732185 2.38424 -0.491167
v 0.118872 2.26482 -0.522259
v -0.402756 2.20218 -0.855165
v -0.271519 2.34937 -0.650583
v -0.131203 2.45071 -0.425341
v 0.010184 2.50316 -0.184277
v 0.143516 2.43362 -0.259025
v -0.415134 2.35829 -0.561846
v -0.275206 2.45909 -0.337159
v -0.132986 2.51053 -0.0965332
v 0.0112517 2.51202 0.149441
v 0.153315 2.50595 0.0605257
v -0.402022 2.4064 -0.23883
v -0.265442 2.45499 -0.00751636
v -0.125808 2.46013 0.230081
v 0.0153362 2.40881 0.463378
v 0.15579 2.46216 0.390591
v -0.36159 2.3412 0.0660521
v -0.23333 2.34199 0.286408
v -0.10304 2.29483 0.502215
v 0.0236274 2.20344 0.70661
v 0.151656 2.31019 0.682568
v -0.298918 2.19262 0.311905
v -0.181874 2.14992 0.505984
v -0.0676815 2.0675 0.689597
v 0.0397304 1.94861 0.857141
v 0.141883 2.07353 0.895116
v -0.210396 1.98906 0.474838
v -0.110954 1.91714 0.633152
v -0.0150152 1.81305 0.779225
v 0.0693348 1.6795 0.906251
v 0.138474 1.79702 1.00268
v -0.0977166 1.7735 0.545435
v -0.0170231 1.68452 0.669368
v 0.0561214 1.56956 0.776921
v 0.122597 1.4353 0.86759
v 0.144743 1.52143 1.00941
v 0.0438318 1.58636 0.542801
v 0.10744 1.48763 0.637667
v 0.164215 1.37004 0.716114
v 0.210139 1.23695 0.772678
v 0.176354 1.27913 0.932327
v 0.20879 1.44469 0.510939
v 0.259282 1.33866 0.58225
v 0.300775 1.21911 0.634929
v 0.333303 1.0872 0.667136
v 0.246785 1.08944 0.807443
v 0.394547 1.34368 0.484396
v 0.433914 1.22756 0.534848
v 0.464674 1.10167 0.56654
v 0.48696 0.970446 0.575115
v 0.35512 0.948853 0.673776
v 0.591314 1.26087 0.486192
v 0.623563 1.13035 0.520429
v 0.646569 0.994955 0.532239
v 0.661155 0.855544 0.524493
v 0.502009 0.836051 0.56183
v 0.787525 1.17069 0.543323
v 0.812065 1.01813 0.558278
v 0.824909 0.865144 0.550891
v 0.826834 0.713275 0.515402
v 0.66491 0.717591 0.491146
v 0.95519 1.03869 0.645103
v 0.968503 0.863519 0.633943
v 0.969517 0.693525 0.593251
v 0.960911 0.533469 0.525528
v 0.820883 0.570616 0.450696
v 1.06979 0.851894 0.767039
v 1.07054 0.658131 0.719825
v 1.05986 0.477702 0.639034
v 1.04456 0.3151 0.534747
v 0.948534 0.384418 0.431635
v 1.1152 0.61052 0.869036
v 1.10062 0.410532 0.776618
v 1.08462 0.232627 0.661134
v 1.06866 0.0704151 0.532637
v 1.0344 0.16529 0.411152
v 1.07452 0.342008 0.917791
v 1.05431 0.149805 0.792897
v 1.03757 -0.0208618 0.658504
v 1.01759 -0.17796 0.518984
v 1.04779 -0.0798413 0.396723
v 0.967512 0.0822788 0.909734
v 0.949411 -0.0967121 0.771173
v 0.928711 -0.256637 0.6283
v 0.917949 -0.412268 0.486959
v 1.00475 -0.327349 0.37845
v 0.816249 -0.146249 0.853557
v 0.797398 -0.308779 0.708362
v 0.784913 -0.465829 0.566263
v 0.773923 -0.614601 0.419348
v 0.906856 -0.56078 0.338919
v 0.638212 -0.326673 0.74797
v 0.624307 -0.481778 0.605213
v 0.613585 -0.629158 0.461638
v 0.604069 -0.773802 0.318375
v 0.764159 -0.766542 0.271674
v 0.460336 -0.455542 0.596549
v 0.450759 -0.59764 0.455022
v 0.44124 -0.735038 0.31848
v 0.420975 -0.867424 0.185024
v 0.580816 -0.917513 0.176104
v 0.309003 -0.527292 0.40395
v 0.30023 -0.656978 0.272919
v 0.282914 -0.778433 0.147233
v 0.247626 -0.891318 0.0313842
v 0.378742 -0.993047 0.0588704
v 0.20207 -0.550332 0.187253
v 0.188895 -0.664348 0.0676841
v 0.159167 -0.770495 -0.0420176
v 0.10526 -0.86808 -0.138759
v 0.187139 -0.997873 -0.0748013
v 0.15235 -0.543605 -0.0404081
v 0.124606 -0.648401 -0.146352
v 0.0724341 -0.742597 -0.240503
v -0.00156514 -0.824568 -0.321957
v 0.0282192 -0.955202 -0.223562
v 0.14939 -0.539616 -0.267793
v 0.0962881 -0.634879 -0.36472
v 0.020596 -0.718938 -0.450528
v -0.0741009 -0.79042 -0.523134
v -0.0934414 -0.89473 -0.391509
v 0.174393 -0.564643 -0.494731
v 0.0910183 -0.657649 -0.589377
v -0.0129845 -0.73686 -0.670428
v -0.13578 -0.80231 -0.736944
v -0.184216 -0.848592 -0.582777
v 0.198721 -0.649862 -0.71954
v 0.0779975 -0.742449 -0.813841
v -0.0639388 -0.817037 -0.889795
v -0.222785 -0.873333 -0.947807
v -0.27277 -0.850304 -0.787317
v 0.185597 -0.804362 -0.926887
v 0.0206267 -0.890557 -1.01562
v -0.164379 -0.955703 -1.08123
v -0.364203 -0.996336 -1.12393
v -0.394978 -0.910377 -0.983994
v 0.105533 -1.01361 -1.09354
v -0.105695 -1.08743 -1.169
v -0.332913 -1.13526 -1.21449
v -0.56924 -1.15325 -1.2309
v -0.570833 -1.01577 -1.13762
v -0.0569074 -1.24306 -1.1957
v -0.307502 -1.29443 -1.24729
v -0.567697 -1.31469 -1.2656
v -0.829063 -1.30213 -1.2537
v -0.806207 -1.14105 -1.22199
v -0.290475 -1.4583 -1.21523
v -0.566948 -1.47881 -1.235
v -0.845111 -1.4651 -1.22018
v -1.1159 -1.4164 -1.17129
v -1.08307 -1.25627 -1.20399
v -0.567197 -1.61958 -1.14372
v -0.851449 -1.6061 -1.12996
v -1.12748 -1.55488 -1.07707
v -1.38732 -1.47204 -0.992392
v -1.36848 -1.33437 -1.08601
v -0.847354 -1.7023 -0.99039
v -1.11827 -1.65237 -0.939628
v -1.37325 -1.57117 -0.855784
v -1.60259 -1.45646 -0.741006
v -1.62129 -1.35636 -0.876358
v -1.08823 -1.68918 -0.779932
v -1.32733 -1.61021 -0.700915
v -1.5434 -1.50286 -0.592216
v -1.72751 -1.36962 -0.458362
v -1.79853 -1.31487 -0.599234
v -1.26098 -1.59361 -0.551274
v -1.45668 -1.49547 -0.452615
v -1.62346 -1.37433 -0.330416
v -1.75761 -1.23063 -0.189847
v -1.87599 -1.2159 -0.302011
v -1.35119 -1.43136 -0.33871
v -1.49744 -1.32452 -0.232295
v -1.61715 -1.19991 -0.106335
v -1.70204 -1.05976 0.0335278
v -1.8561 -1.07486 -0.0301582
v -1.37162 -1.22942 -0.178233
v -1.47355 -1.12106 -0.0709364
v -1.54659 -0.999202 0.051175
v -1.58891 -0.868456 0.182438
v -1.75104 -0.909953 0.184968
v -1.35029 -1.00841 -0.0880257
v -1.41518 -0.901155 0.0182942
v -1.4499 -0.786551 0.128915
v -1.45648 -0.664378 0.246605
v -1.59719 -0.727089 0.317769
v -1.32496 -0.787183 -0.0607647
v -1.35678 -0.683017 0.0367956
v -1.36116 -0.573329 0.138029
v -1.34314 -0.458583 0.23517
v -1.43653 -0.534071 0.360328
v -1.32095 -0.573455 -0.0815835
v -1.32833 -0.469906 0.010571
v -1.3138 -0.363047 0.0979908
v -1.27902 -0.254311 0.176066
v -1.30328 -0.337345 0.322709
v -1.3605 -0.367864 -0.117096
v -1.35188 -0.26289 -0.03201
v -1.31906 -0.15643 0.0421747
v -1.26771 -0.0512807 0.105944
v -1.22403 -0.143795 0.242312
v -1.44821 -0.172785 -0.133897
v -1.41615 -0.0613144 -0.0543005
v -1.36288 0.048773 0.0124787
v -1.29052 0.155165 0.0606319
v -1.19707 0.0512412 0.152362
v -1.55129 0.0196499 -0.102886
v -1.49235 0.142225 -0.0284978
v -1.41383 0.260325 0.0241242
v -1.31718 0.37233 0.057033
v -1.2029 0.256402 0.0908741
v -1.63912 0.217 -0.0116102
v -1.54981 0.352969 0.0495218
v -1.43864 0.482279 0.0880516
v -1.31202 0.597996 0.101424
v -1.20631 0.474284 0.0687964
v -1.67875 0.420507 0.132832
v -1.55141 0.570214 0.176821
v -1.40473 0.705138 0.194365
v -1.24518 0.824 0.181708
v -1.17208 0.701358 0.0903853
v -1.63331 0.617628 0.315307
v -1.46511 0.772262 0.335195
v -1.28373 0.906593 0.32144
v -1.09476 1.02015 0.277982
v -1.07775 0.924005 0.140463
v -1.4895 0.794167 0.496995
v -1.2897 0.944319 0.483519
v -1.08176 1.06883 0.435821
v -0.871935 1.16629 0.36162
v -0.901306 1.10746 0.207868
v -1.25857 0.928534 0.646534
v -1.03755 1.06272 0.597027
v -0.815717 1.16386 0.516937
v -0.598278 1.23843 0.418202
v -0.664236 1.23477 0.26601
v -0.965728 0.998827 0.738839
v -0.739829 1.10348 0.6549
v -0.519692 1.18197 0.555308
v -0.310514 1.23135 0.436886
v -0.389478 1.28822 0.303446
v -0.656728 0.990591 0.750666
v -0.441874 1.06634 0.648072
v -0.235861 1.11889 0.535037
v -0.0396265 1.1484 0.416506
v -0.10691 1.26184 0.3168
v -0.374102 0.920688 0.692611
v -0.177455 0.968939 0.584883
v 0.00783923 0.998199 0.472012
v 0.186336 1.01082 0.360671
v 0.150865 1.16278 0.300848
v 0.335721 1.15782 0.185916
v 0.285101 1.26882 0.0744215
v 0.0911499 1.27656 0.1955
v 0.359869 1.00763 0.254756
v 0.531105 0.989532 0.155761
v 0.519745 1.13764 0.0789795
v 0.353132 0.841266 0.267511
v 0.511169 0.824268 0.175794
v 0.662134 0.793101 0.0925645
v 0.696611 0.954964 0.0644541
v 0.463922 0.666579 0.139783
v 0.604648 0.637985 0.0617914
v 0.740178 0.596066 -0.00490153
v 0.810078 0.746749 0.0205927
v 0.529893 0.516094 -0.0281071
v 0.660094 0.47684 -0.0920812
v 0.786837 0.424756 -0.142632
v 0.86979 0.542031 -0.0580537
v 0.582627 0.402976 -0.221146
v 0.711583 0.349279 -0.270929
v 0.834871 0.281497 -0.303573
v 0.906902 0.359421 -0.174242
v 0.657376 0.328994 -0.430459
v 0.791048 0.254535 -0.464603
v 0.919658 0.16225 -0.478525
v 0.949495 0.198632 -0.315677
v 0.784407 0.281788 -0.633292
v 0.931343 0.17641 -0.648066
v 1.06659 0.0553558 -0.638512
v 1.03581 0.0588155 -0.470443
v 0.98517 0.241117 -0.79475
v 1.14255 0.101195 -0.782667
v 1.28002 -0.0515047 -0.742322
v 1.18499 -0.0769495 -0.602537
v 1.24685 0.184429 -0.885259
v 1.40362 0.010888 -0.837835
v 1.53342 -0.172071 -0.756866
v 1.39369 -0.214062 -0.67396
v 1.53638 0.100659 -0.875819
v 1.67979 -0.100047 -0.787441
v 1.7882 -0.305778 -0.670726
v 1.63212 -0.359755 -0.653064
v 1.81552 -0.00707496 -0.760204
v 1.92927 -0.223992 -0.632074
v 2.00655 -0.439091 -0.478942
v 1.86104 -0.507227 -0.527134
v 2.03379 -0.125482 -0.540672
v 2.11144 -0.345775 -0.382713
v 2.14446 -0.55851 -0.200587
v 2.04025 -0.644455 -0.302552
v 2.15637 -0.24521 -0.256038
v 2.18917 -0.455887 -0.0752409
v 2.17497 -0.658683 0.119264
v 2.13291 -0.760971 -0.00662242
v 2.1699 -0.351923 0.0543375
v 2.15584 -0.546186 0.242471
v 2.09247 -0.734853 0.431937
v 2.11378 -0.852819 0.314716
v 2.0736 -0.441292 0.343226
v 2.01503 -0.617631 0.521689
v 1.91162 -0.787502 0.691331
v 1.98568 -0.915245 0.613848
v 1.89017 -0.518981 0.568359
v 1.79612 -0.673014 0.722821
v 1.66363 -0.814297 0.863457
v 1.76778 -0.942638 0.849987
v 1.65187 -0.588052 0.701302
v 1.53593 -0.711811 0.824824
v 1.38945 -0.820491 0.93419
v 1.49674 -0.935851 0.988605
v 1.40333 -0.653014 0.738635
v 1.27851 -0.746561 0.832663
v 1.1296 -0.825186 0.909247
v 1.21657 -0.910833 1.02392
v 1.17861 -0.726775 0.694369
v 1.05182 -0.793623 0.76049
v 0.909784 -0.842202 0.808352
v 0.963962 -0.882123 0.96485
v 0.99853 -0.827417 0.601916
v 0.872666 -0.870711 0.644536
v 0.738836 -0.898931 0.671899
v 0.758194 -0.874388 0.838788
v 0.85802 -0.959709 0.501265
v 0.731468 -0.985886 0.527605
v 0.599254 -0.994953 0.537529
v 0.599925 -0.908249 0.681483
v 0.736006 -1.12027 0.425652
v 0.599613 -1.12916 0.436071
v 0.462896 -1.12111 0.428979
v 0.466509 -0.987403 0.53076
v 0.601088 -1.2908 0.391402
v 0.449174 -1.28236 0.383951
v 0.303348 -1.25427 0.356777
v 0.331089 -1.09591 0.404177
v 0.427695 -1.44841 0.406721
v 0.258043 -1.4161 0.373673
v 0.0990225 -1.36393 0.322238
v 0.164382 -1.20858 0.311613
v 0.202386 -1.55343 0.454828
v 0.0183965 -1.49257 0.393863
v -0.15009 -1.40964 0.310515
v -0.0453492 -1.29202 0.24992
v -0.0636409 -1.57844 0.512409
v -0.254842 -1.48337 0.418036
v -0.417594 -1.36784 0.300728
v -0.292189 -1.30841 0.207924
v -0.345951 -1.50336 0.554287
v -0.526038 -1.37523 0.424979
v -0.670152 -1.22855 0.27776
v -0.549159 -1.23389 0.165918
v -0.603371 -1.32715 0.566198
v -0.757859 -1.17206 0.410673
v -0.869101 -1.00414 0.243609
v -0.775297 -1.06993 0.119995
v -0.792155 -1.07187 0.541498
v -0.907912 -0.901298 0.371596
v -0.977749 -0.727492 0.197837
v -0.940809 -0.833787 0.0731256
v -0.886041 -0.776806 0.483483
v -0.957578 -0.605529 0.312429
v -0.988532 -0.440357 0.142486
v -1.00993 -0.558653 0.028156
v -0.875542 -0.485636 0.39802
v -0.906893 -0.327736 0.233759
v -0.91885 -0.182308 0.0791608
v -1.00058 -0.289084 -0.0153946
v -0.775602 -0.238824 0.288617
v -0.789947 -0.0980799 0.141041
v -0.799469 0.0342244 0.00037224
v -0.927951 -0.045305 -0.0642486
v -0.627998 -0.0531389 0.156172
v -0.639087 0.0763938 0.0196079
v -0.653013 0.200498 -0.111219
v -0.812267 0.159926 -0.135058
v -0.471777 0.0735011 -0.00896594
v -0.485448 0.196231 -0.138093
v -0.501713 0.316417 -0.257446
v -0.667534 0.320962 -0.232287
v -0.339375 0.149124 -0.211854
v -0.356726 0.273325 -0.331908
v -0.372905 0.401428 -0.4379
v -0.516384 0.44043 -0.361396
v -0.257781 0.199216 -0.442953
v -0.274561 0.334519 -0.554813
v -0.285368 0.478306 -0.647422
v -0.385525 0.532576 -0.524067
v -0.237277 0.252143 -0.69099
v -0.248226 0.409892 -0.794599
v -0.253151 0.574991 -0.875131
v -0.291084 0.625728 -0.716967
v -0.274852 0.339632 -0.937462
v -0.280914 0.525519 -1.03113
v -0.281947 0.722723 -1.09138
v -0.254889 0.746944 -0.927229
v -0.370011 0.48137 -1.16277
v -0.372314 0.703737 -1.23294
v -0.36031 0.93452 -1.25853
v -0.270509 0.923228 -1.11599
v -0.505722 0.69451 -1.33114
v -0.492698 0.951021 -1.35717
v -0.454993 1.20519 -1.34116
v -0.326325 1.16245 -1.24422
v -0.653259 0.972009 -1.39373
v -0.613109 1.24471 -1.37523
v -0.552748 1.50464 -1.31286
v -0.39685 1.44803 -1.28407
v -0.776744 1.27569 -1.3469
v -0.714617 1.54422 -1.28189
v -0.62897 1.79357 -1.17709
v -0.472521 1.74698 -1.214
v -0.856312 1.55939 -1.19174
v -0.770915 1.80702 -1.08715
v -0.665198 2.02607 -0.94329
v -0.523406 2.01566 -1.03312
v -0.876424 1.78335 -0.957062
v -0.775734 1.99332 -0.820883
v -0.661429 2.17081 -0.651576
v -0.54615 2.21264 -0.766401
v -0.834845 1.92006 -0.684095
v -0.729577 2.08307 -0.527749
v -0.613869 2.21012 -0.346034
v -0.536789 2.30969 -0.454309
v -0.742244 1.96274 -0.413373
v -0.638797 2.07673 -0.252372
v -0.528429 2.15336 -0.0736386
v -0.490978 2.29951 -0.145852
v -0.608646 1.9274 -0.184026
v -0.513219 1.99302 -0.0309544
v -0.411494 2.02722 0.135836
v -0.413268 2.19339 0.115506
v -0.443038 1.84032 -0.0228486
v -0.357339 1.8685 0.120221
v -0.271205 1.86618 0.266069
v -0.312309 2.02614 0.304267
v -0.254924 1.74457 0.0685
v -0.177396 1.7429 0.195199
v -0.101734 1.71529 0.317786
v -0.183388 1.83456 0.409314
v -0.0516089 1.67275 0.106438
v 0.018526 1.6489 0.218611
v 0.0877502 1.60215 0.325484
v -0.0257723 1.6621 0.435651
v 0.159118 1.6456 0.12631
v 0.226297 1.60013 0.232871
v 0.288947 1.53377 0.33037
v 0.151706 1.53336 0.423916
v 0.370155 1.65242 0.168589
v 0.436456 1.58271 0.272146
v 0.496642 1.49027 0.360252
v 0.345251 1.44643 0.414717
v 0.573872 1.67985 0.262716
v 0.642603 1.57659 0.362435
v 0.702324 1.45456 0.445327
v 0.549259 1.38269 0.4339
v 0.759311 1.68672 0.417685
v 0.828842 1.54468 0.51311
v 0.886024 1.38527 0.584572
v 0.751192 1.31698 0.505322
v 0.907835 1.64117 0.628371
v 0.972723 1.45491 0.710679
v 1.02258 1.2579 0.762243
v 0.927807 1.21457 0.628321
v 1.00381 1.51702 0.863722
v 1.06073 1.29183 0.921408
v 1.09543 1.05884 0.944395
v 1.05355 1.05296 0.78122
v 1.03005 1.31116 1.08465
v 1.06993 1.05513 1.10721
v 1.09025 0.800524 1.08722
v 1.11345 0.828932 0.927368
v 0.984211 1.04092 1.24927
v 1.00748 0.769098 1.22694
v 1.00684 0.51219 1.15206
v 1.09014 0.559243 1.02102
v 0.87415 0.740445 1.32364
v 0.87484 0.477244 1.2467
v 0.857453 0.244033 1.13026
v 0.988388 0.283637 1.04153
v 0.71165 0.462124 1.28661
v 0.697075 0.228391 1.17372
v 0.676964 0.0228004 1.03813
v 0.83711 0.0366598 0.997767
v 0.533845 0.242722 1.15677
v 0.515584 0.0413015 1.02486
v 0.494711 -0.14084 0.883263
v 0.656613 -0.162868 0.894015
v 0.377297 0.0904155 0.960233
v 0.355532 -0.0848414 0.824219
v 0.339015 -0.24022 0.679886
v 0.476561 -0.302342 0.736909
v 0.25933 -0.00226117 0.727203
v 0.242516 -0.151171 0.588075
v 0.221909 -0.293232 0.450414
v 0.318697 -0.390144 0.542217
v 0.203214 -0.0461741 0.472123
v 0.182697 -0.179905 0.336094
v 0.171861 -0.30882 0.200859
v 0.210849 -0.425861 0.31466
v 0.211144 -0.0691496 0.214962
v 0.198166 -0.19489 0.080767
v 0.190015 -0.315498 -0.046314
v 0.163097 -0.430192 0.075241
v 0.290428 -0.102405 -0.0272806
v 0.281775 -0.225747 -0.157502
v 0.266153 -0.347665 -0.278274
v 0.179577 -0.432127 -0.161569
v 0.419631 -0.174524 -0.242112
v 0.400863 -0.303157 -0.372673
v 0.361694 -0.42672 -0.496615
v 0.232233 -0.461258 -0.390742
v 0.562264 -0.306259 -0.428972
v 0.515557 -0.443804 -0.567325
v 0.43696 -0.576555 -0.698887
v 0.29352 -0.544365 -0.613073
v 0.670545 -0.506975 -0.591275
v 0.580131 -0.65626 -0.738007
v 0.454911 -0.79245 -0.875206
v 0.326289 -0.697837 -0.820051
v 0.700581 -0.769782 -0.725259
v 0.561663 -0.919492 -0.874698
v 0.384732 -1.05186 -1.00608
v 0.294704 -0.914017 -0.995304
v 0.634995 -1.05951 -0.820646
v 0.447041 -1.20017 -0.959873
v 0.225464 -1.31684 -1.0762
v 0.176519 -1.16115 -1.11531
v 0.471222 -1.33559 -0.863695
v 0.245337 -1.45574 -0.984221
v -0.0107825 -1.54403 -1.07029
v -0.0230891 -1.40404 -1.16253
v 0.228272 -1.55381 -0.84639
v -0.0213267 -1.64242 -0.932743
v -0.290389 -1.69603 -0.986124
v -0.284198 -1.60122 -1.12743
v -0.0547909 -1.68084 -0.773158
v -0.307993 -1.73352 -0.82378
v -0.569768 -1.75 -0.84266
v -0.56851 -1.71623 -1.00515
v -0.334177 -1.70434 -0.664225
v -0.57254 -1.72032 -0.681217
v -0.811708 -1.70819 -0.667688
v -0.83289 -1.73589 -0.82822
v -0.575225 -1.63173 -0.54069
v -0.784982 -1.62073 -0.527943
v -0.988967 -1.58169 -0.489113
v -1.04337 -1.66477 -0.623324
v -0.757564 -1.4842 -0.433452
v -0.932865 -1.45139 -0.39938
v -1.09781 -1.39716 -0.345323
v -1.17975 -1.51915 -0.425397
v -0.885321 -1.29308 -0.370808
v -1.02735 -1.24471 -0.323352
v -1.15274 -1.18108 -0.259998
v -1.24426 -1.32276 -0.270986
v -0.978532 -1.08966 -0.364109
v -1.09161 -1.03155 -0.30745
v -1.18885 -0.962314 -0.236677
v -1.26254 -1.10123 -0.180468
v -1.06743 -0.897601 -0.404921
v -1.16159 -0.831657 -0.337969
v -1.23554 -0.756266 -0.25943
v -1.2688 -0.881333 -0.153596
v -1.18361 -0.72867 -0.471846
v -1.26072 -0.649814 -0.39057
v -1.31466 -0.563099 -0.301094
v -1.28877 -0.669732 -0.172683
v -1.34002 -0.582985 -0.523419
v -1.40114 -0.487269 -0.426691
v -1.43951 -0.387008 -0.324857
v -1.34858 -0.469172 -0.208649
v -1.53432 -0.453497 -0.53071
v -1.57715 -0.338231 -0.414979
v -1.59387 -0.222324 -0.301027
v -1.45447 -0.282375 -0.226177
v -1.74223 -0.334666 -0.45941
v -1.76111 -0.200403 -0.325241
v -1.74819 -0.0634562 -0.201845
v -1.58558 -0.102993 -0.195172
v -1.92616 -0.220775 -0.299629
v -1.91084 -0.0605117 -0.158079
v -1.8618 0.100252 -0.0363114
v -1.70614 0.0767232 -0.0965368
v -2.04619 -0.100782 -0.0675047
v -1.98927 0.0835512 0.0711246
v -1.89828 0.267931 0.181422
v -1.78337 0.262307 0.0607561
v -2.07026 0.0318884 0.203798
v -1.9705 0.235018 0.327766
v -1.83683 0.433738 0.418561
v -1.77816 0.447584 0.264154
v -1.98798 0.168376 0.47859
v -1.84408 0.380481 0.576678
v -1.67087 0.58364 0.637637
v -1.67473 0.622252 0.474464
v -1.79981 0.295536 0.715867
v -1.6194 0.504356 0.778725
v -1.4145 0.69477 0.803486
v -1.47234 0.767666 0.660828
v -1.52982 0.39798 0.872056
v -1.3263 0.585554 0.894711
v -1.106 0.7494 0.881698
v -1.19321 0.859655 0.7881
v -1.22126 0.45991 0.92902
v -1.01158 0.616539 0.91568
v -0.794544 0.746758 0.868388
v -0.880066 0.88619 0.832502
v -0.922729 0.480336 0.886833
v -0.721281 0.600193 0.841375
v -0.520964 0.691869 0.768514
v -0.580458 0.847372 0.790536
v -0.670528 0.464611 0.754887
v -0.491069 0.546289 0.687889
v -0.316161 0.605196 0.603654
v -0.330382 0.758516 0.675732
v -0.492532 0.435927 0.559463
v -0.334861 0.489961 0.4843
v -0.381077 0.424078 0.335828
v -0.23873 0.460383 0.257642
v -0.314397 0.455632 0.107699
v -0.178079 0.475822 0.0262119
v -0.257966 0.533064 -0.109272
v -0.117114 0.539283 -0.196584
v -0.176577 0.654686 -0.302896
v -0.0245185 0.648908 -0.397411
v -0.0473518 0.800735 -0.463275
v 0.122711 0.780272 -0.56625
v 0.142767 0.946197 -0.584454
v 0.333929 0.904058 -0.69438
v 0.395068 1.05782 -0.664204
v 0.607552 0.985218 -0.770911
v 0.689744 1.10381 -0.681111
v 0.917121 1.00187 -0.763758
v 0.991528 1.07705 -0.633908
v 1.2163 0.947286 -0.688195
v 1.25779 0.974292 -0.527161
v 1.4618 0.8233 -0.546512
v 1.45023 0.811084 -0.382136
v 1.62475 0.654968 -0.367623
v 1.55253 0.611933 -0.223171
v 1.68753 0.459615 -0.182833
v 1.56567 0.39762 -0.0862924
v 1.66142 0.257105 -0.0255616
v 1.51464 0.18523 0.00504373
v 1.57622 0.0593522 0.0796118
v 1.43504 -0.018146 0.0437422
v 1.46957 -0.132374 0.123004
v 1.36514 -0.220084 0.0289502
v 1.377 -0.32618 0.114657
v 1.33181 -0.424882 -0.0103627
v 1.32627 -0.528619 0.080217
v 1.3482 -0.637293 -0.043152
v 1.32111 -0.739587 0.052614
v 1.39983 -0.854117 -0.0362272
v 1.34269 -0.959813 0.0671063
v 1.46174 -1.0745 0.0357908
v 1.36677 -1.18324 0.143523
v 1.49501 -1.28399 0.185021
v 1.35665 -1.39076 0.291706
v 1.46563 -1.46292 0.395923
v 1.27803 -1.56399 0.495537
v 1.35184 -1.5931 0.640332
v 1.11834 -1.67235 0.722245
v 1.1554 -1.64548 0.884257
v 0.888905 -1.69876 0.939944
v 0.896672 -1.61606 1.08507
v 0.612751 -1.63469 1.10473
v 0.611785 -1.50289 1.20637
v 0.331269 -1.48816 1.19392
v 0.344183 -1.32887 1.23837
v 0.0868523 -1.27986 1.18836
v 0.130949 -1.12109 1.17308
v -0.0881297 -1.04756 1.10083
v -0.00837476 -0.919047 1.03104
v -0.18314 -0.830446 0.944795
v -0.0777724 -0.755496 0.838709
v -0.205362 -0.664245 0.745348
v -0.0938112 -0.656508 0.617519
v -0.183178 -0.561867 0.521732
v -0.0962163 -0.620638 0.390659
v -0.153352 -0.525606 0.292839
v -0.117707 -0.629783 0.169342
v -0.149274 -0.526968 0.0653011
v -0.172127 -0.647089 -0.0458833
v -0.185393 -0.534415 -0.164148
v -0.269743 -0.646687 -0.256089
v -0.279632 -0.518759 -0.385679
v -0.41405 -0.596307 -0.444754
v -0.424019 -0.455284 -0.585453
v -0.584768 -0.490465 -0.603083
v -0.599601 -0.334582 -0.744181
v -0.760997 -0.3275 -0.715304
v -0.779763 -0.163704 -0.860035
v -0.923354 -0.123592 -0.788683
v -0.940267 0.0579791 -0.92618
v -1.03912 0.121646 -0.815196
v -1.0588 0.314526 -0.941007
v -1.09641 0.382488 -0.800558
v -1.10909 0.584605 -0.897321
v -1.08261 0.634537 -0.746353
v -1.08164 0.833011 -0.799072
v -0.993328 0.849921 -0.661085
v -0.981249 1.03018 -0.674602
v -0.846879 1.01437 -0.573821
v -0.822221 1.17024 -0.560372
v -0.659339 1.12959 -0.524639
v -0.626635 1.26406 -0.491206
v -0.465879 1.22589 -0.523994
v -0.425775 1.34311 -0.47392
v -0.284576 1.33044 -0.565118
v -0.234224 1.43484 -0.497223
v -0.123222 1.46713 -0.621228
v -0.0608614 1.5656 -0.530284
v 0.00586019 1.65541 -0.655072
v 0.0855827 1.74399 -0.533583
v 0.111861 1.88051 -0.629236
v 0.208297 1.95143 -0.475127
v 0.189987 2.11402 -0.516596
v 0.300986 2.15634 -0.327859
v 0.246167 2.31297 -0.31006
v 0.37119 2.31655 -0.0945063
v 0.279771 2.4367 -0.0253787
v 0.414638 2.38898 0.202856
v 0.296777 2.4574 0.299394
v 0.435249 2.3604 0.525472
v 0.29641 2.36348 0.61797
v 0.429045 2.21889 0.82448
v 0.279462 2.16972 0.883633
v 0.397155 1.99033 1.05812
v 0.251978 1.90467 1.05522
v 0.346331 1.70489 1.18931
v 0.225449 1.6163 1.12234
v 0.297235 1.4106 1.21058
v 0.209128 1.34068 1.08644
v 0.254981 1.14546 1.13321
v 0.217555 1.11089 0.972483
v 0.243145 0.932575 0.982204
v 0.270167 0.936142 0.814706
v 0.28089 0.778107 0.795018
v 0.368801 0.807639 0.655553
v 0.371708 0.669946 0.613105
v 0.506437 0.702427 0.524944
v 0.499895 0.571692 0.461387
v 0.658801 0.584187 0.42821
v 0.648012 0.455987 0.34365
v 0.81063 0.434336 0.36334
v 0.79711 0.305757 0.255488
v 0.937362 0.246933 0.315917
v 0.916765 0.112442 0.193717
v 1.009 0.0221484 0.283426
v 1.00046 -0.112133 0.144036
v 1.03541 -0.222155 0.25758
v 1.02196 -0.365699 0.111935
v 0.99609 -0.474884 0.231502
v 0.987447 -0.629143 0.0763975
v 0.898419 -0.715913 0.186956
v 0.873463 -0.878515 0.0270221
v 0.739912 -0.920196 0.12032
v 0.686471 -1.07293 -0.0335584
v 0.53306 -1.05716 0.0362523
v 0.454771 -1.19152 -0.0974619
v 0.309863 -1.11299 -0.0601696
v 0.21265 -1.22047 -0.167445
v 0.102717 -1.09292 -0.168078
v -0.00586792 -1.17618 -0.250343
v -0.0680223 -1.02951 -0.295906
v -0.18128 -1.08933 -0.355713
v -0.20029 -0.950998 -0.448215
v -0.319679 -0.990867 -0.490777
v -0.307529 -0.890375 -0.6274
v -0.439071 -0.918772 -0.656556
v -0.42033 -0.881929 -0.819191
v -0.573976 -0.892732 -0.831116
v -0.572709 -0.922957 -0.9971
v -0.751298 -0.91415 -0.988456
v -0.779183 -1.00568 -1.12747
v -0.980438 -0.968511 -1.09179
v -1.0363 -1.10008 -1.17866
v -1.25166 -1.03048 -1.10773
v -1.3211 -1.17991 -1.12737
v -1.53573 -1.07448 -1.02092
v -1.59841 -1.22228 -0.975387
v -1.79339 -1.08287 -0.833139
v -1.82248 -1.21357 -0.73259
v -1.98139 -1.04793 -0.565063
v -1.95574 -1.15244 -0.434157
v -2.06973 -0.972749 -0.252948
v -1.98266 -1.04393 -0.130123
v -2.04716 -0.860897 0.0548798
v -1.91213 -0.905345 0.139143
v -1.92468 -0.72494 0.313462
v -1.76289 -0.746521 0.338914
v -1.7378 -0.574026 0.494851
v -1.57421 -0.574046 0.450323
v -1.51762 -0.411037 0.569591
v -1.38904 -0.392164 0.462013
v -1.31671 -0.247002 0.546845
v -1.24146 -0.213053 0.396491
v -1.15666 -0.0897063 0.452719
v -1.14925 -0.0350155 0.291219
v -1.05915 0.0698452 0.32225
v -1.11172 0.150268 0.182242
v -1.01306 0.240805 0.19291
v -1.10155 0.349841 0.101476
v -0.989109 0.431298 0.092924
v -1.08245 0.564587 0.0584246
v -0.951584 0.639167 0.026651
v -1.02553 0.787273 0.054839
v -0.871912 0.855883 -0.0032654
v -0.903632 1.0005 0.0777563
v -0.727443 1.05749 -0.00320053
v -0.708844 1.17103 0.118906
v -0.518934 1.21641 0.0153572
v -0.462508 1.28338 0.155171
v -0.262862 1.31301 0.0378997
v -0.185505 1.31609 0.182667
v 0.0148264 1.33077 0.0594035
vn 0.463048 -0.671896 0.57805
vn 0.463048 -0.671896 0.57805
vn 0.463048 -0.671896 0.57805
vn 0.463048 -0.671896 0.57805
vn 0.518015 -0.33051 0.788938
vn 0.518015 -0.33051 0.788938
vn 0.518015 -0.33051 0.788938
vn 0.518015 -0.33051 0.788938
vn 0.512709 -0.316493 0.798099
vn 0.512709 -0.316493 0.798099
vn 0.512709 -0.316493 0.798099
vn 0.512709 -0.316493 0.798099
vn 0.413434 -0.678262 0.607481
vn 0.413434 -0.678262 0.607481
vn 0.413434 -0.678262 0.607481
vn 0.413434 -0.678262 0.607481
vn 0.375813 -0.679906 0.629676
vn 0.375813 -0.679906 0.629676
vn 0.375813 -0.679906 0.629676
vn 0.375813 -0.679906 0.629676
vn 0.263887 -0.900875 0.344656
vn 0.263887 -0.900875 0.344656
vn 0.263887 -0.900875 0.344656
vn 0.263887 -0.900875 0.344656
vn 0.212804 -0.902116 0.375368
vn 0.212804 -0.902116 0.375368
vn 0.212804 -0.902116 0.375368
vn 0.212804 -0.902116 0.375368
vn 0.148707 -0.899086 0.41174
vn 0.148707 -0.899086 0.41174
vn 0.148707 -0.899086 0.41174
vn 0.148707 -0.899086 0.41174
vn 0.0031126 -0.998774 0.0494113
vn 0.0031126 -0.998774 0.0494113
vn 0.0031126 -0.998774 0.0494113
vn 0.0031126 -0.998774 0.0494113
vn -0.0626311 -0.993759 0.0923106
vn -0.0626311 -0.993759 0.0923106
vn -0.0626311 -0.993759 0.0923106
vn -0.0626311 -0.993759 0.0923106
vn -0.131218 -0.983079 0.127817
vn -0.131218 -0.983079 0.127817
vn -0.131218 -0.983079 0.127817
vn -0.131218 -0.983079 0.127817
vn -0.263305 -0.936134 -0.233074
vn -0.263305 -0.936134 -0.233074
vn -0.263305 -0.936134 -0.233074
vn -0.263305 -0.936134 -0.233074
vn -0.313094 -0.927676 -0.203444
vn -0.313094 -0.927676 -0.203444
vn -0.313094 -0.927676 -0.203444
vn -0.313094 -0.927676 -0.203444
vn -0.368297 -0.91251 -0.177996
vn -0.368297 -0.91251 -0.177996
vn -0.368297 -0.91251 -0.177996
vn -0.368297 -0.91251 -0.177996
vn -0.457201 -0.711368 -0.533782
vn -0.457201 -0.711368 -0.533782
vn -0.457201 -0.711368 -0.533782
vn -0.457201 -0.711368 -0.533782
vn -0.477877 -0.712999 -0.513094
vn -0.477877 -0.712999 -0.513094
vn -0.477877 -0.712999 -0.513094
vn -0.477877 -0.712999 -0.513094
vn -0.493373 -0.706787 -0.506986
vn -0.493373 -0.706787 -0.506986
vn -0.493373 -0.706787 -0.506986
vn -0.493373 -0.706787 -0.506986
vn -0.511149 -0.407357 -0.756826
vn -0.511149 -0.407357 -0.756826
vn -0.511149 -0.407357 -0.756826
vn -0.511149 -0.407357 -0.756826
vn -0.47362 -0.429666 -0.768812
vn -0.47362 -0.429666 -0.768812
vn -0.47362 -0.429666 -0.768812
vn -0.47362 -0.429666 -0.768812
vn -0.445453 -0.444713 -0.777047
vn -0.445453 -0.444713 -0.777047
vn -0.445453 -0.444713 -0.777047
vn -0.445453 -0.444713 -0.777047
vn -0.37941 -0.0709116 -0.922507
vn -0.37941 -0.0709116 -0.922507
vn -0.37941 -0.0709116 -0.922507
vn -0.37941 -0.0709116 -0.922507
vn -0.293691 -0.116193 -0.948812
vn -0.293691 -0.116193 -0.948812
vn -0.293691 -0.116193 -0.948812
vn -0.293691 -0.116193 -0.948812
vn -0.212326 -0.170617 -0.962189
vn -0.212326 -0.170617 -0.962189
vn -0.212326 -0.170617 -0.962189
vn -0.212326 -0.170617 -0.962189
vn -0.111725 0.210144 -0.971266
vn -0.111725 0.210144 -0.971266
vn -0.111725 0.210144 -0.971266
vn -0.111725 0.210144 -0.971266
vn 0.00584609 0.134729 -0.990865
vn 0.00584609 0.134729 -0.990865
vn 0.00584609 0.134729 -0.990865
vn 0.00584609 0.134729 -0.990865
vn 0.121194 0.0401939 -0.991815
vn 0.121194 0.0401939 -0.991815
vn 0.121194 0.0401939 -0.991815
vn 0.121194 0.0401939 -0.991815
vn 0.247315 0.444252 -0.861089
vn 0.247315 0.444252 -0.861089
vn 0.247315 0.444252 -0.861089
vn 0.247315 0.444252 -0.861089
vn 0.374814 0.332767 -0.865321
vn 0.374814 0.332767 -0.865321
vn 0.374814 0.332767 -0.865321
vn 0.374814 0.332767 -0.865321
vn 0.488605 0.218101 -0.844806
vn 0.488605 0.218101 -0.844806
vn 0.488605 0.218101 -0.844806
vn 0.488605 0.218101 -0.844806
vn 0.55173 0.559075 -0.618893
vn 0.55173 0.559075 -0.618893
vn 0.55173 0.559075 -0.618893
vn 0.55173 0.559075 -0.618893
vn 0.674606 0.44269 -0.590705
vn 0.674606 0.44269 -0.590705
vn 0.674606 0.44269 -0.590705
vn 0.674606 0.44269 -0.590705
vn 0.776791 0.313624 -0.54611
vn 0.776791 0.313624 -0.54611
vn 0.776791 0.313624 -0.54611
vn 0.776791 0.313624 -0.54611
vn 0.755039 0.606796 -0.248423
vn 0.755039 0.606796 -0.248423
vn 0.755039 0.606796 -0.248423
vn 0.755039 0.606796 -0.248423
vn 0.838654 0.500635 -0.214532
vn 0.838654 0.500635 -0.214532
vn 0.838654 0.500635 -0.214532
vn 0.838654 0.500635 -0.214532
vn 0.912888 0.377825 -0.154544
vn 0.912888 0.377825 -0.154544
vn 0.912888 0.377825 -0.154544
vn 0.912888 0.377825 -0.154544
vn 0.777581 0.606284 0.166696
vn 0.777581 0.606284 0.166696
vn 0.777581 0.606284 0.166696
vn 0.777581 0.606284 0.166696
vn 0.823204 0.53431 0.191958
vn 0.823204 0.53431 0.191958
vn 0.823204 0.53431 0.191958
vn 0.823204 0.53431 0.191958
vn 0.856446 0.457581 0.238999
vn 0.856446 0.457581 0.238999
vn 0.856446 0.457581 0.238999
vn 0.856446 0.457581 0.238999
vn 0.598828 0.601067 0.529268
vn 0.598828 0.601067 0.529268
vn 0.598828 0.601067 0.529268
vn 0.598828 0.601067 0.529268
vn 0.609103 0.587458 0.53281
vn 0.609103 0.587458 0.53281
vn 0.609103 0.587458 0.53281
vn 0.609103 0.587458 0.53281
vn 0.615952 0.561133 0.552931
vn 0.615952 0.561133 0.552931
vn 0.615952 0.561133 0.552931
vn 0.615952 0.561133 0.552931
vn 0.282122 0.624116 0.728619
vn 0.282122 0.624116 0.728619
vn 0.282122 0.624116 0.728619
vn 0.282122 0.624116 0.728619
vn 0.278381 0.652277 0.70501
vn 0.278381 0.652277 0.70501
vn 0.278381 0.652277 0.70501
vn 0.278381 0.652277 0.70501
vn 0.2777 0.662869 0.695333
vn 0.2777 0.662869 0.695333
vn 0.2777 0.662869 0.695333
vn 0.2777 0.662869 0.695333
vn -0.115154 0.647712 0.753133
vn -0.115154 0.647712 0.753133
vn -0.115154 0.647712 0.753133
vn -0.115154 0.647712 0.753133
vn -0.118256 0.700712 0.703576
vn -0.118256 0.700712 0.703576
vn -0.118256 0.700712 0.703576
vn -0.118256 0.700712 0.703576
vn -0.113245 0.725095 0.679273
vn -0.113245 0.725095 0.679273
vn -0.113245 0.725095 0.679273
vn -0.113245 0.725095 0.679273
vn -0.486282 0.632061 0.603348
vn -0.486282 0.632061 0.603348
vn -0.486282 0.632061 0.603348
vn -0.486282 0.632061 0.603348
vn -0.472029 0.699242 0.536888
vn -0.472029 0.699242 0.536888
vn -0.472029 0.699242 0.536888
vn -0.472029 0.699242 0.536888
vn -0.446594 0.752388 0.484217
vn -0.446594 0.752388 0.484217
vn -0.446594 0.752388 0.484217
vn -0.446594 0.752388 0.484217
vn -0.783072 0.546168 0.297487
vn -0.783072 0.546168 0.297487
vn -0.783072 0.546168 0.297487
vn -0.783072 0.546168 0.297487
vn -0.736972 0.646278 0.197982
vn -0.736972 0.646278 0.197982
vn -0.736972 0.646278 0.197982
vn -0.736972 0.646278 0.197982
vn -0.672364 0.731409 0.113876
vn -0.672364 0.731409 0.113876
vn -0.672364 0.731409 0.113876
vn -0.672364 0.731409 0.113876
vn -0.897826 0.432292 -0.0838589
vn -0.897826 0.432292 -0.0838589
vn -0.897826 0.432292 -0.0838589
vn -0.897826 0.432292 -0.0838589
vn -0.812889 0.549169 -0.193971
vn -0.812889 0.549169 -0.193971
vn -0.812889 0.549169 -0.193971
vn -0.812889 0.549169 -0.193971
vn -0.698982 0.651947 -0.293919
vn -0.698982 0.651947 -0.293919
vn -0.698982 0.651947 -0.293919
vn -0.698982 0.651947 -0.293919
vn -0.834159 0.283722 -0.472949
vn -0.834159 0.283722 -0.472949
vn -0.834159 0.283722 -0.472949
vn -0.834159 0.283722 -0.472949
vn -0.721122 0.386122 -0.575233
vn -0.721122 0.386122 -0.575233
vn -0.721122 0.386122 -0.575233
vn -0.721122 0.386122 -0.575233
vn -0.595964 0.466827 -0.653376
vn -0.595964 0.466827 -0.653376
vn -0.595964 0.466827 -0.653376
vn -0.595964 0.466827 -0.653376
vn -0.637022 0.0698535 -0.767674
vn -0.637022 0.0698535 -0.767674
vn -0.637022 0.0698535 -0.767674
vn -0.637022 0.0698535 -0.767674
vn -0.520653 0.140376 -0.842149
vn -0.520653 0.140376 -0.842149
vn -0.520653 0.140376 -0.842149
vn -0.520653 0.140376 -0.842149
vn -0.382466 0.203041 -0.901385
vn -0.382466 0.203041 -0.901385
vn -0.382466 0.203041 -0.901385
vn -0.382466 0.203041 -0.901385
vn -0.370591 -0.226312 -0.900803
vn -0.370591 -0.226312 -0.900803
vn -0.370591 -0.226312 -0.900803
vn -0.370591 -0.226312 -0.900803
vn -0.262608 -0.183741 -0.947247
vn -0.262608 -0.183741 -0.947247
vn -0.262608 -0.183741 -0.947247
vn -0.262608 -0.183741 -0.947247
vn -0.171225 -0.157607 -0.972544
vn -0.171225 -0.157607 -0.972544
vn -0.171225 -0.157607 -0.972544
vn -0.171225 -0.157607 -0.972544
vn -0.113286 -0.52818 -0.841541
vn -0.113286 -0.52818 -0.841541
vn -0.113286 -0.52818 -0.841541
vn -0.113286 -0.52818 -0.841541
vn -0.0736253 -0.516564 -0.853077
vn -0.0736253 -0.516564 -0.853077
vn -0.0736253 -0.516564 -0.853077
vn -0.0736253 -0.516564 -0.853077
vn -0.0250283 -0.510153 -0.859719
vn -0.0250283 -0.510153 -0.859719
vn -0.0250283 -0.510153 -0.859719
vn -0.0250283 -0.510153 -0.859719
vn 0.0357417 -0.795629 -0.604729
vn 0.0357417 -0.795629 -0.604729
vn 0.0357417 -0.795629 -0.604729
vn 0.0357417 -0.795629 -0.604729
vn 0.00629423 -0.799307 -0.60089
vn 0.00629423 -0.799307 -0.60089
vn 0.00629423 -0.799307 -0.60089
vn 0.00629423 -0.799307 -0.60089
vn -0.00769538 -0.799431 -0.600709
vn -0.00769538 -0.799431 -0.600709
vn -0.00769538 -0.799431 -0.600709
vn -0.00769538 -0.799431 -0.600709
vn 0.0436705 -0.966165 -0.2542
vn 0.0436705 -0.966165 -0.2542
vn 0.0436705 -0.966165 -0.2542
vn 0.0436705 -0.966165 -0.2542
vn -0.0303144 -0.966372 -0.255356
vn -0.0303144 -0.966372 -0.255356
vn -0.0303144 -0.966372 -0.255356
vn -0.0303144 -0.966372 -0.255356
vn -0.126784 -0.955435 -0.266588
vn -0.126784 -0.955435 -0.266588
vn -0.126784 -0.955435 -0.266588
vn -0.126784 -0.955435 -0.266588
vn -0.0623946 -0.986417 0.151952
vn -0.0623946 -0.986417 0.151952
vn -0.0623946 -0.986417 0.151952
vn -0.0623946 -0.986417 0.151952
vn -0.204577 -0.971472 0.119963
vn -0.204577 -0.971472 0.119963
vn -0.204577 -0.971472 0.119963
vn -0.204577 -0.971472 0.119963
vn -0.33453 -0.93839 0.0866862
vn -0.33453 -0.93839 0.0866862
vn -0.33453 -0.93839 0.0866862
vn -0.33453 -0.93839 0.0866862
vn -0.253067 -0.836204 0.486539
vn -0.253067 -0.836204 0.486539
vn -0.253067 -0.836204 0.486539
vn -0.253067 -0.836204 0.486539
vn -0.407453 -0.802454 0.435948
vn -0.407453 -0.802454 0.435948
vn -0.407453 -0.802454 0.435948
vn -0.407453 -0.802454 0.435948
vn -0.542125 -0.748637 0.381631
vn -0.542125 -0.748637 0.381631
vn -0.542125 -0.748637 0.381631
vn -0.542125 -0.748637 0.381631
vn -0.421732 -0.527469 0.737508
vn -0.421732 -0.527469 0.737508
vn -0.421732 -0.527469 0.737508
vn -0.421732 -0.527469 0.737508
vn -0.571116 -0.479767 0.666071
vn -0.571116 -0.479767 0.666071
vn -0.571116 -0.479767 0.666071
vn -0.571116 -0.479767 0.666071
vn -0.699271 -0.404213 0.589603
vn -0.699271 -0.404213 0.589603
vn -0.699271 -0.404213 0.589603
vn -0.699271 -0.404213 0.589603
vn -0.501922 -0.142973 0.853014
vn -0.501922 -0.142973 0.853014
vn -0.501922 -0.142973 0.853014
vn -0.501922 -0.142973 0.853014
vn -0.615935 -0.083475 0.783362
vn -0.615935 -0.083475 0.783362
vn -0.615935 -0.083475 0.783362
vn -0.615935 -0.083475 0.783362
vn -0.708382 -0.00687355 0.705796
vn -0.708382 -0.00687355 0.705796
vn -0.708382 -0.00687355 0.705796
vn -0.708382 -0.00687355 0.705796
vn -0.431606 0.260369 0.863669
vn -0.431606 0.260369 0.863669
vn -0.431606 0.260369 0.863669
vn -0.431606 0.260369 0.863669
vn -0.505913 0.310634 0.80471
vn -0.505913 0.310634 0.80471
vn -0.505913 0.310634 0.80471
vn -0.505913 0.310634 0.80471
vn -0.554747 0.366695 0.746853
vn -0.554747 0.366695 0.746853
vn -0.554747 0.366695 0.746853
vn -0.554747 0.366695 0.746853
vn -0.200032 0.586614 0.784775
vn -0.200032 0.586614 0.784775
vn -0.200032 0.586614 0.784775
vn -0.200032 0.586614 0.784775
vn -0.218658 0.612572 0.759568
vn -0.218658 0.612572 0.759568
vn -0.218658 0.612572 0.759568
vn -0.218658 0.612572 0.759568
vn -0.227173 0.626718 0.745397
vn -0.227173 0.626718 0.745397
vn -0.227173 0.626718 0.745397
vn -0.227173 0.626718 0.745397
vn 0.129747 0.736531 0.663843
vn 0.129747 0.736531 0.663843
vn 0.129747 0.736531 0.663843
vn 0.129747 0.736531 0.663843
vn 0.138587 0.723697 0.67606
vn 0.138587 0.723697 0.67606
vn 0.138587 0.723697 0.67606
vn 0.138587 0.723697 0.67606
vn 0.138106 0.724915 0.674851
vn 0.138106 0.724915 0.674851
vn 0.138106 0.724915 0.674851
vn 0.138106 0.724915 0.674851
vn 0.491849 0.694565 0.525036
vn 0.491849 0.694565 0.525036
vn 0.491849 0.694565 0.525036
vn 0.491849 0.694565 0.525036
vn 0.498359 0.652756 0.570569
vn 0.498359 0.652756 0.570569
vn 0.498359 0.652756 0.570569
vn 0.498359 0.652756 0.570569
vn 0.498211 0.653372 0.569992
vn 0.498211 0.653372 0.569992
vn 0.498211 0.653372 0.569992
vn 0.498211 0.653372 0.569992
vn 0.791517 0.470136 0.390477
vn 0.791517 0.470136 0.390477
vn 0.791517 0.470136 0.390477
vn 0.791517 0.470136 0.390477
vn 0.787424 0.480384 0.386258
vn 0.787424 0.480384 0.386258
vn 0.787424 0.480384 0.386258
vn 0.787424 0.480384 0.386258
vn 0.78691 0.483974 0.382807
vn 0.78691 0.483974 0.382807
vn 0.78691 0.483974 0.382807
vn 0.78691 0.483974 0.382807
vn 0.966401 0.212253 0.144974
vn 0.966401 0.212253 0.144974
vn 0.966401 0.212253 0.144974
vn 0.966401 0.212253 0.144974
vn 0.96311 0.233386 0.13398
vn 0.96311 0.233386 0.13398
vn 0.96311 0.233386 0.13398
vn 0.96311 0.233386 0.13398
vn 0.9619 0.243383 0.124555
vn 0.9619 0.243383 0.124555
vn 0.9619 0.243383 0.124555
vn 0.9619 0.243383 0.124555
vn 0.98729 -0.0637397 -0.145586
vn 0.98729 -0.0637397 -0.145586
vn 0.98729 -0.0637397 -0.145586
vn 0.98729 -0.0637397 -0.145586
vn 0.982268 -0.0375977 -0.183676
vn 0.982268 -0.0375977 -0.183676
vn 0.982268 -0.0375977 -0.183676
vn 0.982268 -0.0375977 -0.183676
vn 0.982631 -0.0406037 -0.181072
vn 0.982631 -0.0406037 -0.181072
vn 0.982631 -0.0406037 -0.181072
vn 0.982631 -0.0406037 -0.181072
vn 0.853338 -0.296893 -0.428567
vn 0.853338 -0.296893 -0.428567
vn 0.853338 -0.296893 -0.428567
vn 0.853338 -0.296893 -0.428567
vn 0.85262 -0.307156 -0.422722
vn 0.85262 -0.307156 -0.422722
vn 0.85262 -0.307156 -0.422722
vn 0.85262 -0.307156 -0.422722
vn 0.849018 -0.257571 -0.46133
vn 0.849018 -0.257571 -0.46133
vn 0.849018 -0.257571 -0.46133
vn 0.849018 -0.257571 -0.46133
vn 0.570612 -0.509207 -0.64429
vn 0.570612 -0.509207 -0.64429
vn 0.570612 -0.509207 -0.64429
vn 0.570612 -0.509207 -0.64429
vn 0.565104 -0.468387 -0.679169
vn 0.565104 -0.468387 -0.679169
vn 0.565104 -0.468387 -0.679169
vn 0.565104 -0.468387 -0.679169
vn 0.562822 -0.419843 -0.712013
vn 0.562822 -0.419843 -0.712013
vn 0.562822 -0.419843 -0.712013
vn 0.562822 -0.419843 -0.712013
vn 0.197565 -0.590706 -0.782327
vn 0.197565 -0.590706 -0.782327
vn 0.197565 -0.590706 -0.782327
vn 0.197565 -0.590706 -0.782327
vn 0.208857 -0.525654 -0.824661
vn 0.208857 -0.525654 -0.824661
vn 0.208857 -0.525654 -0.824661
vn 0.208857 -0.525654 -0.824661
vn 0.206933 -0.438633 -0.874517
vn 0.206933 -0.438633 -0.874517
vn 0.206933 -0.438633 -0.874517
vn 0.206933 -0.438633 -0.874517
vn -0.174639 -0.55352 -0.81432
vn -0.174639 -0.55352 -0.81432
vn -0.174639 -0.55352 -0.81432
vn -0.174639 -0.55352 -0.81432
vn -0.172786 -0.448796 -0.876771
vn -0.172786 -0.448796 -0.876771
vn -0.172786 -0.448796 -0.876771
vn -0.172786 -0.448796 -0.876771
vn -0.172971 -0.301511 -0.937642
vn -0.172971 -0.301511 -0.937642
vn -0.172971 -0.301511 -0.937642
vn -0.172971 -0.301511 -0.937642
vn -0.535613 -0.407359 -0.739715
vn -0.535613 -0.407359 -0.739715
vn -0.535613 -0.407359 -0.739715
vn -0.535613 -0.407359 -0.739715
vn -0.520533 -0.246033 -0.817627
vn -0.520533 -0.246033 -0.817627
vn -0.520533 -0.246033 -0.817627
vn -0.520533 -0.246033 -0.817627
vn -0.510531 -0.0695553 -0.857041
vn -0.510531 -0.0695553 -0.857041
vn -0.510531 -0.0695553 -0.857041
vn -0.510531 -0.0695553 -0.857041
vn -0.822212 -0.159741 -0.546306
vn -0.822212 -0.159741 -0.546306
vn -0.822212 -0.159741 -0.546306
vn -0.822212 -0.159741 -0.546306
vn -0.810122 0.00384795 -0.586249
vn -0.810122 0.00384795 -0.586249
vn -0.810122 0.00384795 -0.586249
vn -0.810122 0.00384795 -0.586249
vn -0.792868 0.145818 -0.59169
vn -0.792868 0.145818 -0.59169
vn -0.792868 0.145818 -0.59169
vn -0.792868 0.145818 -0.59169
vn -0.974036 0.0533787 -0.220012
vn -0.974036 0.0533787 -0.220012
vn -0.974036 0.0533787 -0.220012
vn -0.974036 0.0533787 -0.220012
vn -0.96566 0.148382 -0.213271
vn -0.96566 0.148382 -0.213271
vn -0.96566 0.148382 -0.213271
vn -0.96566 0.148382 -0.213271
vn -0.943392 0.266785 -0.197074
vn -0.943392 0.266785 -0.197074
vn -0.943392 0.266785 -0.197074
vn -0.943392 0.266785 -0.197074
vn -0.976765 0.135006 0.166447
vn -0.976765 0.135006 0.166447
vn -0.976765 0.135006 0.166447
vn -0.976765 0.135006 0.166447
vn -0.966579 0.190359 0.17172
vn -0.966579 0.190359 0.17172
vn -0.966579 0.190359 0.17172
vn -0.966579 0.190359 0.17172
vn -0.947909 0.253717 0.192602
vn -0.947909 0.253717 0.192602
vn -0.947909 0.253717 0.192602
vn -0.947909 0.253717 0.192602
vn -0.846813 0.0752435 0.526542
vn -0.846813 0.0752435 0.526542
vn -0.846813 0.0752435 0.526542
vn -0.846813 0.0752435 0.526542
vn -0.849485 0.0751772 0.522229
vn -0.849485 0.0751772 0.522229
vn -0.849485 0.0751772 0.522229
vn -0.849485 0.0751772 0.522229
vn -0.853677 0.0648765 0.516746
vn -0.853677 0.0648765 0.516746
vn -0.853677 0.0648765 0.516746
vn -0.853677 0.0648765 0.516746
vn -0.630945 -0.111074 0.767835
vn -0.630945 -0.111074 0.767835
vn -0.630945 -0.111074 0.767835
vn -0.630945 -0.111074 0.767835
vn -0.654032 -0.17318 0.736377
vn -0.654032 -0.17318 0.736377
vn -0.654032 -0.17318 0.736377
vn -0.654032 -0.17318 0.736377
vn -0.681173 -0.221792 0.697719
vn -0.681173 -0.221792 0.697719
vn -0.681173 -0.221792 0.697719
vn -0.681173 -0.221792 0.697719
vn -0.330934 -0.407768 0.851004
vn -0.330934 -0.407768 0.851004
vn -0.330934 -0.407768 0.851004
vn -0.330934 -0.407768 0.851004
vn -0.377484 -0.495096 0.782551
vn -0.377484 -0.495096 0.782551
vn -0.377484 -0.495096 0.782551
vn -0.377484 -0.495096 0.782551
vn -0.439418 -0.576218 0.689119
vn -0.439418 -0.576218 0.689119
vn -0.439418 -0.576218 0.689119
vn -0.439418 -0.576218 0.689119
vn -0.0334842 -0.67056 0.741099
vn -0.0334842 -0.67056 0.741099
vn -0.0334842 -0.67056 0.741099
vn -0.0334842 -0.67056 0.741099
vn -0.120689 -0.770692 0.625674
vn -0.120689 -0.770692 0.625674
vn -0.120689 -0.770692 0.625674
vn -0.120689 -0.770692 0.625674
vn -0.208238 -0.84568 0.491389
vn -0.208238 -0.84568 0.491389
vn -0.208238 -0.84568 0.491389
vn -0.208238 -0.84568 0.491389
vn 0.228207 -0.858968 0.458362
vn 0.228207 -0.858968 0.458362
vn 0.228207 -0.858968 0.458362
vn 0.228207 -0.858968 0.458362
vn 0.144683 -0.935582 0.322108
vn 0.144683 -0.935582 0.322108
vn 0.144683 -0.935582 0.322108
vn 0.144683 -0.935582 0.322108
vn 0.0521974 -0.98237 0.179514
vn 0.0521974 -0.98237 0.179514
vn 0.0521974 -0.98237 0.179514
vn 0.0521974 -0.98237 0.179514
vn 0.453229 -0.883703 0.116842
vn 0.453229 -0.883703 0.116842
vn 0.453229 -0.883703 0.116842
vn 0.453229 -0.883703 0.116842
vn 0.370925 -0.928507 -0.0170054
vn 0.370925 -0.928507 -0.0170054
vn 0.370925 -0.928507 -0.0170054
vn 0.370925 -0.928507 -0.0170054
vn 0.281923 -0.945925 -0.160453
vn 0.281923 -0.945925 -0.160453
vn 0.281923 -0.945925 -0.160453
vn 0.281923 -0.945925 -0.160453
vn 0.655662 -0.719008 -0.230511
vn 0.655662 -0.719008 -0.230511
vn 0.655662 -0.719008 -0.230511
vn 0.655662 -0.719008 -0.230511
vn 0.596384 -0.723793 -0.347059
vn 0.596384 -0.723793 -0.347059
vn 0.596384 -0.723793 -0.347059
vn 0.596384 -0.723793 -0.347059
vn 0.529609 -0.714667 -0.456909
vn 0.529609 -0.714667 -0.456909
vn 0.529609 -0.714667 -0.456909
vn 0.529609 -0.714667 -0.456909
vn 0.785927 -0.418114 -0.45552
vn 0.785927 -0.418114 -0.45552
vn 0.785927 -0.418114 -0.45552
vn 0.785927 -0.418114 -0.45552
vn 0.748844 -0.41134 -0.519646
vn 0.748844 -0.41134 -0.519646
vn 0.748844 -0.41134 -0.519646
vn 0.748844 -0.41134 -0.519646
vn 0.700711 -0.387111 -0.599291
vn 0.700711 -0.387111 -0.599291
vn 0.700711 -0.387111 -0.599291
vn 0.700711 -0.387111 -0.599291
vn 0.856326 -0.0327507 -0.515396
vn 0.856326 -0.0327507 -0.515396
vn 0.856326 -0.0327507 -0.515396
vn 0.856326 -0.0327507 -0.515396
vn 0.845404 -0.0225599 -0.53365
vn 0.845404 -0.0225599 -0.53365
vn 0.845404 -0.0225599 -0.53365
vn 0.845404 -0.0225599 -0.53365
vn 0.833979 -0.0123449 -0.551658
vn 0.833979 -0.0123449 -0.551658
vn 0.833979 -0.0123449 -0.551658
vn 0.833979 -0.0123449 -0.551658
vn 0.85634 0.330924 -0.396448
vn 0.85634 0.330924 -0.396448
vn 0.85634 0.330924 -0.396448
vn 0.85634 0.330924 -0.396448
vn 0.880011 0.320582 -0.350439
vn 0.880011 0.320582 -0.350439
vn 0.880011 0.320582 -0.350439
vn 0.880011 0.320582 -0.350439
vn 0.902766 0.291392 -0.316393
vn 0.902766 0.291392 -0.316393
vn 0.902766 0.291392 -0.316393
vn 0.902766 0.291392 -0.316393
vn 0.790372 0.606012 -0.0897787
vn 0.790372 0.606012 -0.0897787
vn 0.790372 0.606012 -0.0897787
vn 0.790372 0.606012 -0.0897787
vn 0.837349 0.546353 -0.0185684
vn 0.837349 0.546353 -0.0185684
vn 0.837349 0.546353 -0.0185684
vn 0.837349 0.546353 -0.0185684
vn 0.882857 0.467591 0.0438506
vn 0.882857 0.467591 0.0438506
vn 0.882857 0.467591 0.0438506
vn 0.882857 0.467591 0.0438506
vn 0.657641 0.699767 0.278988
vn 0.657641 0.699767 0.278988
vn 0.657641 0.699767 0.278988
vn 0.657641 0.699767 0.278988
vn 0.713719 0.595949 0.368036
vn 0.713719 0.595949 0.368036
vn 0.713719 0.595949 0.368036
vn 0.713719 0.595949 0.368036
vn 0.768865 0.465358 0.438507
vn 0.768865 0.465358 0.438507
vn 0.768865 0.465358 0.438507
vn 0.768865 0.465358 0.438507
vn 0.435122 0.632348 0.640941
vn 0.435122 0.632348 0.640941
vn 0.435122 0.632348 0.640941
vn 0.435122 0.632348 0.640941
vn 0.496906 0.492852 0.71427
vn 0.496906 0.492852 0.71427
vn 0.496906 0.492852 0.71427
vn 0.496906 0.492852 0.71427
vn 0.547765 0.331806 0.768022
vn 0.547765 0.331806 0.768022
vn 0.547765 0.331806 0.768022
vn 0.547765 0.331806 0.768022
vn 0.156436 0.438236 0.885142
vn 0.156436 0.438236 0.885142
vn 0.156436 0.438236 0.885142
vn 0.156436 0.438236 0.885142
vn 0.230368 0.282172 0.931295
vn 0.230368 0.282172 0.931295
vn 0.230368 0.282172 0.931295
vn 0.230368 0.282172 0.931295
vn 0.265662 0.122997 0.956188
vn 0.265662 0.122997 0.956188
vn 0.265662 0.122997 0.956188
vn 0.265662 0.122997 0.956188
vn -0.196186 0.198106 0.960346
vn -0.196186 0.198106 0.960346
vn -0.196186 0.198106 0.960346
vn -0.196186 0.198106 0.960346
vn -0.168069 0.0462502 0.98469
vn -0.168069 0.0462502 0.98469
vn -0.168069 0.0462502 0.98469
vn -0.168069 0.0462502 0.98469
vn -0.146792 -0.103793 0.983707
vn -0.146792 -0.103793 0.983707
vn -0.146792 -0.103793 0.983707
vn -0.146792 -0.103793 0.983707
vn -0.523675 -0.0195159 0.851695
vn -0.523675 -0.0195159 0.851695
vn -0.523675 -0.0195159 0.851695
vn -0.523675 -0.0195159 0.851695
vn -0.513513 -0.118823 0.849815
vn -0.513513 -0.118823 0.849815
vn -0.513513 -0.118823 0.849815
vn -0.513513 -0.118823 0.849815
vn -0.503684 -0.252478 0.82617
vn -0.503684 -0.252478 0.82617
vn -0.503684 -0.252478 0.82617
vn -0.503684 -0.252478 0.82617
vn -0.792025 -0.1074 0.600968
vn -0.792025 -0.1074 0.600968
vn -0.792025 -0.1074 0.600968
vn -0.792025 -0.1074 0.600968
vn -0.790348 -0.179397 0.585805
vn -0.790348 -0.179397 0.585805
vn -0.790348 -0.179397 0.585805
vn -0.790348 -0.179397 0.585805
vn -0.788454 -0.245481 0.563985
vn -0.788454 -0.245481 0.563985
vn -0.788454 -0.245481 0.563985
vn -0.788454 -0.245481 0.563985
vn -0.966115 -0.0853134 0.243605
vn -0.966115 -0.0853134 0.243605
vn -0.966115 -0.0853134 0.243605
vn -0.966115 -0.0853134 0.243605
vn -0.971446 -0.0753843 0.224968
vn -0.971446 -0.0753843 0.224968
vn -0.971446 -0.0753843 0.224968
vn -0.971446 -0.0753843 0.224968
vn -0.971486 -0.0768043 0.224312
vn -0.971486 -0.0768043 0.224312
vn -0.971486 -0.0768043 0.224312
vn -0.971486 -0.0768043 0.224312
vn -0.989164 0.0764209 -0.125357
vn -0.989164 0.0764209 -0.125357
vn -0.989164 0.0764209 -0.125357
vn -0.989164 0.0764209 -0.125357
vn -0.983625 0.143489 -0.109057
vn -0.983625 0.143489 -0.109057
vn -0.983625 0.143489 -0.109057
vn -0.983625 0.143489 -0.109057
vn -0.97883 0.187925 -0.081091
vn -0.97883 0.187925 -0.081091
vn -0.97883 0.187925 -0.081091
vn -0.97883 0.187925 -0.081091
vn -0.862031 0.328023 -0.386398
vn -0.862031 0.328023 -0.386398
vn -0.862031 0.328023 -0.386398
vn -0.862031 0.328023 -0.386398
vn -0.850507 0.397101 -0.344889
vn -0.850507 0.397101 -0.344889
vn -0.850507 0.397101 -0.344889
vn -0.850507 0.397101 -0.344889
vn -0.843288 0.437443 -0.312265
vn -0.843288 0.437443 -0.312265
vn -0.843288 0.437443 -0.312265
vn -0.843288 0.437443 -0.312265
vn -0.563285 0.569612 -0.598542
vn -0.563285 0.569612 -0.598542
vn -0.563285 0.569612 -0.598542
vn -0.563285 0.569612 -0.598542
vn -0.558378 0.614804 -0.556983
vn -0.558378 0.614804 -0.556983
vn -0.558378 0.614804 -0.556983
vn -0.558378 0.614804 -0.556983
vn -0.555426 0.63185 -0.540618
vn -0.555426 0.63185 -0.540618
vn -0.555426 0.63185 -0.540618
vn -0.555426 0.63185 -0.540618
vn -0.205004 0.702697 -0.681315
vn -0.205004 0.702697 -0.681315
vn -0.205004 0.702697 -0.681315
vn -0.205004 0.702697 -0.681315
vn -0.214143 0.719747 -0.660384
vn -0.214143 0.719747 -0.660384
vn -0.214143 0.719747 -0.660384
vn -0.214143 0.719747 -0.660384
vn -0.213003 0.726987 -0.652778
vn -0.213003 0.726987 -0.652778
vn -0.213003 0.726987 -0.652778
vn -0.213003 0.726987 -0.652778
vn 0.186534 0.71817 -0.670401
vn 0.186534 0.71817 -0.670401
vn 0.186534 0.71817 -0.670401
vn 0.186534 0.71817 -0.670401
vn 0.190638 0.711879 -0.675933
vn 0.190638 0.711879 -0.675933
vn 0.190638 0.711879 -0.675933
vn 0.190638 0.711879 -0.675933
vn 0.190216 0.709372 -0.678682
vn 0.190216 0.709372 -0.678682
vn 0.190216 0.709372 -0.678682
vn 0.190216 0.709372 -0.678682
vn 0.538514 0.607941 -0.583447
vn 0.538514 0.607941 -0.583447
vn 0.538514 0.607941 -0.583447
vn 0.538514 0.607941 -0.583447
vn 0.540888 0.591992 -0.597482
vn 0.540888 0.591992 -0.597482
vn 0.540888 0.591992 -0.597482
vn 0.540888 0.591992 -0.597482
vn 0.537916 0.577101 -0.614492
vn 0.537916 0.577101 -0.614492
vn 0.537916 0.577101 -0.614492
vn 0.537916 0.577101 -0.614492
vn 0.820201 0.386191 -0.42205
vn 0.820201 0.386191 -0.42205
vn 0.820201 0.386191 -0.42205
vn 0.820201 0.386191 -0.42205
vn 0.816143 0.342511 -0.4654
vn 0.816143 0.342511 -0.4654
vn 0.816143 0.342511 -0.4654
vn 0.816143 0.342511 -0.4654
vn 0.790879 0.263808 -0.552191
vn 0.790879 0.263808 -0.552191
vn 0.790879 0.263808 -0.552191
vn 0.790879 0.263808 -0.552191
vn 0.969858 0.065885 -0.234594
vn 0.969858 0.065885 -0.234594
vn 0.969858 0.065885 -0.234594
vn 0.969858 0.065885 -0.234594
vn 0.942171 -0.0178951 -0.334655
vn 0.942171 -0.0178951 -0.334655
vn 0.942171 -0.0178951 -0.334655
vn 0.942171 -0.0178951 -0.334655
vn 0.890457 -0.119823 -0.439008
vn 0.890457 -0.119823 -0.439008
vn 0.890457 -0.119823 -0.439008
vn 0.890457 -0.119823 -0.439008
vn 0.947428 -0.315072 -0.0557606
vn 0.947428 -0.315072 -0.0557606
vn 0.947428 -0.315072 -0.0557606
vn 0.947428 -0.315072 -0.0557606
vn 0.897858 -0.403583 -0.175987
vn 0.897858 -0.403583 -0.175987
vn 0.897858 -0.403583 -0.175987
vn 0.897858 -0.403583 -0.175987
vn 0.827211 -0.494925 -0.266028
vn 0.827211 -0.494925 -0.266028
vn 0.827211 -0.494925 -0.266028
vn 0.827211 -0.494925 -0.266028
vn 0.770023 -0.621617 0.143726
vn 0.770023 -0.621617 0.143726
vn 0.770023 -0.621617 0.143726
vn 0.770023 -0.621617 0.143726
vn 0.700774 -0.71205 0.0435843
vn 0.700774 -0.71205 0.0435843
vn 0.700774 -0.71205 0.0435843
vn 0.700774 -0.71205 0.0435843
vn 0.618087 -0.785581 -0.0288422
vn 0.618087 -0.785581 -0.0288422
vn 0.618087 -0.785581 -0.0288422
vn 0.618087 -0.785581 -0.0288422
vn 0.479221 -0.802897 0.354547
vn 0.479221 -0.802897 0.354547
vn 0.479221 -0.802897 0.354547
vn 0.479221 -0.802897 0.354547
vn 0.417372 -0.859147 0.296087
vn 0.417372 -0.859147 0.296087
vn 0.417372 -0.859147 0.296087
vn 0.417372 -0.859147 0.296087
vn 0.343989 -0.904766 0.251137
vn 0.343989 -0.904766 0.251137
vn 0.343989 -0.904766 0.251137
vn 0.343989 -0.904766 0.251137
vn 0.167575 -0.795957 0.581697
vn 0.167575 -0.795957 0.581697
vn 0.167575 -0.795957 0.581697
vn 0.167575 -0.795957 0.581697
vn 0.136159 -0.822771 0.551822
vn 0.136159 -0.822771 0.551822
vn 0.136159 -0.822771 0.551822
vn 0.136159 -0.822771 0.551822
vn 0.109206 -0.834341 0.540324
vn 0.109206 -0.834341 0.540324
vn 0.109206 -0.834341 0.540324
vn 0.109206 -0.834341 0.540324
vn -0.110081 -0.594821 0.796285
vn -0.110081 -0.594821 0.796285
vn -0.110081 -0.594821 0.796285
vn -0.110081 -0.594821 0.796285
vn -0.0784064 -0.58647 0.806167
vn -0.0784064 -0.58647 0.806167
vn -0.0784064 -0.58647 0.806167
vn -0.0784064 -0.58647 0.806167
vn -0.0432799 -0.576611 0.815872
vn -0.0432799 -0.576611 0.815872
vn -0.0432799 -0.576611 0.815872
vn -0.0432799 -0.576611 0.815872
vn -0.236331 -0.253494 0.938024
vn -0.236331 -0.253494 0.938024
vn -0.236331 -0.253494 0.938024
vn -0.236331 -0.253494 0.938024
vn -0.152525 -0.230571 0.961027
vn -0.152525 -0.230571 0.961027
vn -0.152525 -0.230571 0.961027
vn -0.152525 -0.230571 0.961027
vn -0.0520839 -0.21681 0.974823
vn -0.0520839 -0.21681 0.974823
vn -0.0520839 -0.21681 0.974823
vn -0.0520839 -0.21681 0.974823
vn -0.234069 0.160917 0.95881
vn -0.234069 0.160917 0.95881
vn -0.234069 0.160917 0.95881
vn -0.234069 0.160917 0.95881
vn -0.079305 0.18498 0.979537
vn -0.079305 0.18498 0.979537
vn -0.079305 0.18498 0.979537
vn -0.079305 0.18498 0.979537
vn 0.0620778 0.186098 0.980568
vn 0.0620778 0.186098 0.980568
vn 0.0620778 0.186098 0.980568
vn 0.0620778 0.186098 0.980568
vn -0.0940442 0.535023 0.839587
vn -0.0940442 0.535023 0.839587
vn -0.0940442 0.535023 0.839587
vn -0.0940442 0.535023 0.839587
vn 0.0754328 0.538132 0.839479
vn 0.0754328 0.538132 0.839479
vn 0.0754328 0.538132 0.839479
vn 0.0754328 0.538132 0.839479
vn 0.254425 0.515659 0.818147
vn 0.254425 0.515659 0.818147
vn 0.254425 0.515659 0.818147
vn 0.254425 0.515659 0.818147
vn 0.0685777 0.817884 0.571282
vn 0.0685777 0.817884 0.571282
vn 0.0685777 0.817884 0.571282
vn 0.0685777 0.817884 0.571282
vn 0.260419 0.796265 0.546026
vn 0.260419 0.796265 0.546026
vn 0.260419 0.796265 0.546026
vn 0.260419 0.796265 0.546026
vn 0.412843 0.756016 0.507938
vn 0.412843 0.756016 0.507938
vn 0.412843 0.756016 0.507938
vn 0.412843 0.756016 0.507938
vn 0.211174 0.959587 0.186006
vn 0.211174 0.959587 0.186006
vn 0.211174 0.959587 0.186006
vn 0.211174 0.959587 0.186006
vn 0.347939 0.925075 0.152235
vn 0.347939 0.925075 0.152235
vn 0.347939 0.925075 0.152235
vn 0.347939 0.925075 0.152235
vn 0.483274 0.869924 0.0983785
vn 0.483274 0.869924 0.0983785
vn 0.483274 0.869924 0.0983785
vn 0.483274 0.869924 0.0983785
vn 0.239825 0.94599 -0.218145
vn 0.239825 0.94599 -0.218145
vn 0.239825 0.94599 -0.218145
vn 0.239825 0.94599 -0.218145
vn 0.324985 0.909706 -0.258496
vn 0.324985 0.909706 -0.258496
vn 0.324985 0.909706 -0.258496
vn 0.324985 0.909706 -0.258496
vn 0.397661 0.866711 -0.301126
vn 0.397661 0.866711 -0.301126
vn 0.397661 0.866711 -0.301126
vn 0.397661 0.866711 -0.301126
vn 0.109302 0.810003 -0.576149
vn 0.109302 0.810003 -0.576149
vn 0.109302 0.810003 -0.576149
vn 0.109302 0.810003 -0.576149
vn 0.142331 0.790757 -0.595354
vn 0.142331 0.790757 -0.595354
vn 0.142331 0.790757 -0.595354
vn 0.142331 0.790757 -0.595354
vn 0.163771 0.772475 -0.613565
vn 0.163771 0.772475 -0.613565
vn 0.163771 0.772475 -0.613565
vn 0.163771 0.772475 -0.613565
vn -0.145347 0.597538 -0.788557
vn -0.145347 0.597538 -0.788557
vn -0.145347 0.597538 -0.788557
vn -0.145347 0.597538 -0.788557
vn -0.157672 0.616683 -0.77126
vn -0.157672 0.616683 -0.77126
vn -0.157672 0.616683 -0.77126
vn -0.157672 0.616683 -0.77126
vn -0.172741 0.635506 -0.752524
vn -0.172741 0.635506 -0.752524
vn -0.172741 0.635506 -0.752524
vn -0.172741 0.635506 -0.752524
vn -0.473029 0.355732 -0.806039
vn -0.473029 0.355732 -0.806039
vn -0.473029 0.355732 -0.806039
vn -0.473029 0.355732 -0.806039
vn -0.513588 0.414855 -0.751081
vn -0.513588 0.414855 -0.751081
vn -0.513588 0.414855 -0.751081
vn -0.513588 0.414855 -0.751081
vn -0.545427 0.481294 -0.686197
vn -0.545427 0.481294 -0.686197
vn -0.545427 0.481294 -0.686197
vn -0.545427 0.481294 -0.686197
vn -0.764846 0.144045 -0.627903
vn -0.764846 0.144045 -0.627903
vn -0.764846 0.144045 -0.627903
vn -0.764846 0.144045 -0.627903
vn -0.806778 0.238587 -0.540542
vn -0.806778 0.238587 -0.540542
vn -0.806778 0.238587 -0.540542
vn -0.806778 0.238587 -0.540542
vn -0.827053 0.339943 -0.447686
vn -0.827053 0.339943 -0.447686
vn -0.827053 0.339943 -0.447686
vn -0.827053 0.339943 -0.447686
vn -0.94963 -0.0344376 -0.311477
vn -0.94963 -0.0344376 -0.311477
vn -0.94963 -0.0344376 -0.311477
vn -0.94963 -0.0344376 -0.311477
vn -0.977462 0.0825122 -0.194318
vn -0.977462 0.0825122 -0.194318
vn -0.977462 0.0825122 -0.194318
vn -0.977462 0.0825122 -0.194318
vn -0.975573 0.194418 -0.102271
vn -0.975573 0.194418 -0.102271
vn -0.975573 0.194418 -0.102271
vn -0.975573 0.194418 -0.102271
vn -0.979031 -0.179863 0.0956383
vn -0.979031 -0.179863 0.0956383
vn -0.979031 -0.179863 0.0956383
vn -0.979031 -0.179863 0.0956383
vn -0.980851 -0.0442063 0.189678
vn -0.980851 -0.0442063 0.189678
vn -0.980851 -0.0442063 0.189678
vn -0.980851 -0.0442063 0.189678
vn -0.954937 0.0849296 0.284398
vn -0.954937 0.0849296 0.284398
vn -0.954937 0.0849296 0.284398
vn -0.954937 0.0849296 0.284398
vn -0.822819 -0.314807 0.473143
vn -0.822819 -0.314807 0.473143
vn -0.822819 -0.314807 0.473143
vn -0.822819 -0.314807 0.473143
vn -0.79116 -0.170523 0.587357
vn -0.79116 -0.170523 0.587357
vn -0.79116 -0.170523 0.587357
vn -0.79116 -0.170523 0.587357
vn -0.741444 -0.0400111 0.669821
vn -0.741444 -0.0400111 0.669821
vn -0.741444 -0.0400111 0.669821
vn -0.741444 -0.0400111 0.669821
vn -0.525311 -0.376593 0.763037
vn -0.525311 -0.376593 0.763037
vn -0.525311 -0.376593 0.763037
vn -0.525311 -0.376593 0.763037
vn -0.484127 -0.261044 0.835151
vn -0.484127 -0.261044 0.835151
vn -0.484127 -0.261044 0.835151
vn -0.484127 -0.261044 0.835151
vn -0.410099 -0.129874 0.902747
vn -0.410099 -0.129874 0.902747
vn -0.410099 -0.129874 0.902747
vn -0.410099 -0.129874 0.902747
vn -0.142315 -0.455198 0.878943
vn -0.142315 -0.455198 0.878943
vn -0.142315 -0.455198 0.878943
vn -0.142315 -0.455198 0.878943
vn -0.0823897 -0.352411 0.932212
vn -0.0823897 -0.352411 0.932212
vn -0.0823897 -0.352411 0.932212
vn -0.0823897 -0.352411 0.932212
vn -0.0206467 -0.269654 0.962736
vn -0.0206467 -0.269654 0.962736
vn -0.0206467 -0.269654 0.962736
vn -0.0206467 -0.269654 0.962736
vn 0.239064 -0.528997 0.814255
vn 0.239064 -0.528997 0.814255
vn 0.239064 -0.528997 0.814255
vn 0.239064 -0.528997 0.814255
vn 0.278124 -0.486546 0.828203
vn 0.278124 -0.486546 0.828203
vn 0.278124 -0.486546 0.828203
vn 0.278124 -0.486546 0.828203
vn 0.313251 -0.449545 0.83653
vn 0.313251 -0.449545 0.83653
vn 0.313251 -0.449545 0.83653
vn 0.313251 -0.449545 0.83653
vn 0.538852 -0.631196 0.55788
vn 0.538852 -0.631196 0.55788
vn 0.538852 -0.631196 0.55788
vn 0.538852 -0.631196 0.55788
vn 0.531463 -0.641472 0.553227
vn 0.531463 -0.641472 0.553227
vn 0.531463 -0.641472 0.553227
vn 0.531463 -0.641472 0.553227
vn 0.521578 -0.649783 0.552936
vn 0.521578 -0.649783 0.552936
vn 0.521578 -0.649783 0.552936
vn 0.521578 -0.649783 0.552936
vn 0.653622 -0.728433 0.205337
vn 0.653622 -0.728433 0.205337
vn 0.653622 -0.728433 0.205337
vn 0.653622 -0.728433 0.205337
vn 0.591192 -0.779741 0.206148
vn 0.591192 -0.779741 0.206148
vn 0.591192 -0.779741 0.206148
vn 0.591192 -0.779741 0.206148
vn 0.528664 -0.821336 0.214293
vn 0.528664 -0.821336 0.214293
vn 0.528664 -0.821336 0.214293
vn 0.528664 -0.821336 0.214293
vn 0.565728 -0.799821 -0.200593
vn 0.565728 -0.799821 -0.200593
vn 0.565728 -0.799821 -0.200593
vn 0.565728 -0.799821 -0.200593
vn 0.462653 -0.867505 -0.182722
vn 0.462653 -0.867505 -0.182722
vn 0.462653 -0.867505 -0.182722
vn 0.462653 -0.867505 -0.182722
vn 0.346198 -0.925686 -0.152486
vn 0.346198 -0.925686 -0.152486
vn 0.346198 -0.925686 -0.152486
vn 0.346198 -0.925686 -0.152486
vn 0.318989 -0.78689 -0.528251
vn 0.318989 -0.78689 -0.528251
vn 0.318989 -0.78689 -0.528251
vn 0.318989 -0.78689 -0.528251
vn 0.186874 -0.857006 -0.480228
vn 0.186874 -0.857006 -0.480228
vn 0.186874 -0.857006 -0.480228
vn 0.186874 -0.857006 -0.480228
vn 0.0864437 -0.893113 -0.441448
vn 0.0864437 -0.893113 -0.441448
vn 0.0864437 -0.893113 -0.441448
vn 0.0864437 -0.893113 -0.441448
vn -0.0237595 -0.649085 -0.760345
vn -0.0237595 -0.649085 -0.760345
vn -0.0237595 -0.649085 -0.760345
vn -0.0237595 -0.649085 -0.760345
vn -0.117636 -0.688929 -0.715219
vn -0.117636 -0.688929 -0.715219
vn -0.117636 -0.688929 -0.715219
vn -0.117636 -0.688929 -0.715219
vn -0.204814 -0.711721 -0.671941
vn -0.204814 -0.711721 -0.671941
vn -0.204814 -0.711721 -0.671941
vn -0.204814 -0.711721 -0.671941
vn -0.295604 -0.389391 -0.872349
vn -0.295604 -0.389391 -0.872349
vn -0.295604 -0.389391 -0.872349
vn -0.295604 -0.389391 -0.872349
vn -0.367007 -0.406016 -0.836933
vn -0.367007 -0.406016 -0.836933
vn -0.367007 -0.406016 -0.836933
vn -0.367007 -0.406016 -0.836933
vn -0.417887 -0.415142 -0.808101
vn -0.417887 -0.415142 -0.808101
vn -0.417887 -0.415142 -0.808101
vn -0.417887 -0.415142 -0.808101
vn -0.470556 -0.019922 -0.882145
vn -0.470556 -0.019922 -0.882145
vn -0.470556 -0.019922 -0.882145
vn -0.470556 -0.019922 -0.882145
vn -0.5014 -0.0303966 -0.864681
vn -0.5014 -0.0303966 -0.864681
vn -0.5014 -0.0303966 -0.864681
vn -0.5014 -0.0303966 -0.864681
vn -0.516978 -0.0321178 -0.855396
vn -0.516978 -0.0321178 -0.855396
vn -0.516978 -0.0321178 -0.855396
vn -0.516978 -0.0321178 -0.855396
vn -0.499996 0.350845 -0.791777
vn -0.499996 0.350845 -0.791777
vn -0.499996 0.350845 -0.791777
vn -0.499996 0.350845 -0.791777
vn -0.497756 0.329576 -0.802259
vn -0.497756 0.329576 -0.802259
vn -0.497756 0.329576 -0.802259
vn -0.497756 0.329576 -0.802259
vn -0.484237 0.329983 -0.810325
vn -0.484237 0.329983 -0.810325
vn -0.484237 0.329983 -0.810325
vn -0.484237 0.329983 -0.810325
vn -0.405336 0.685039 -0.60533
vn -0.405336 0.685039 -0.60533
vn -0.405336 0.685039 -0.60533
vn -0.405336 0.685039 -0.60533
vn -0.366552 0.680415 -0.634567
vn -0.366552 0.680415 -0.634567
vn -0.366552 0.680415 -0.634567
vn -0.366552 0.680415 -0.634567
vn -0.330558 0.678577 -0.655946
vn -0.330558 0.678577 -0.655946
vn -0.330558 0.678577 -0.655946
vn -0.330558 0.678577 -0.655946
vn -0.178344 0.914296 -0.36367
vn -0.178344 0.914296 -0.36367
vn -0.178344 0.914296 -0.36367
vn -0.178344 0.914296 -0.36367
vn -0.141984 0.901458 -0.408918
vn -0.141984 0.901458 -0.408918
vn -0.141984 0.901458 -0.408918
vn -0.141984 0.901458 -0.408918
vn -0.0475065 0.887024 -0.459273
vn -0.0475065 0.887024 -0.459273
vn -0.0475065 0.887024 -0.459273
vn -0.0475065 0.887024 -0.459273
vn 0.0658258 0.994959 -0.0756494
vn 0.0658258 0.994959 -0.0756494
vn 0.0658258 0.994959 -0.0756494
vn 0.0658258 0.994959 -0.0756494
vn 0.14075 0.980141 -0.139687
vn 0.14075 0.980141 -0.139687
vn 0.14075 0.980141 -0.139687
vn 0.14075 0.980141 -0.139687
vn 0.228213 0.956928 -0.179463
vn 0.228213 0.956928 -0.179463
vn 0.228213 0.956928 -0.179463
vn 0.228213 0.956928 -0.179463
vn 0.302178 0.931585 0.202085
vn 0.302178 0.931585 0.202085
vn 0.302178 0.931585 0.202085
vn 0.302178 0.931585 0.202085
vn 0.382366 0.909342 0.163994
vn 0.382366 0.909342 0.163994
vn 0.382366 0.909342 0.163994
vn 0.382366 0.909342 0.163994
vn 0.437237 0.88778 0.143772
vn 0.437237 0.88778 0.143772
vn 0.437237 0.88778 0.143772
vn 0.437237 0.88778 0.143772
vn 0.475685 0.718607 0.507275
vn 0.475685 0.718607 0.507275
vn 0.475685 0.718607 0.507275
vn 0.475685 0.718607 0.507275
vn 0.491205 0.71069 0.503624
vn 0.491205 0.71069 0.503624
vn 0.491205 0.71069 0.503624
vn 0.491205 0.71069 0.503624
vn 0.524359 0.693287 0.494369
vn 0.524359 0.693287 0.494369
vn 0.524359 0.693287 0.494369
vn 0.524359 0.693287 0.494369
vn 0.482344 0.427941 0.764337
vn 0.482344 0.427941 0.764337
vn 0.482344 0.427941 0.764337
vn 0.482344 0.427941 0.764337
vn 0.451045 0.445916 0.773122
vn 0.451045 0.445916 0.773122
vn 0.451045 0.445916 0.773122
vn 0.451045 0.445916 0.773122
vn 0.416384 0.469104 0.778823
vn 0.416384 0.469104 0.778823
vn 0.416384 0.469104 0.778823
vn 0.416384 0.469104 0.778823
vn 0.312569 0.10504 0.94407
vn 0.312569 0.10504 0.94407
vn 0.312569 0.10504 0.94407
vn 0.312569 0.10504 0.94407
vn 0.220993 0.166103 0.961026
vn 0.220993 0.166103 0.961026
vn 0.220993 0.166103 0.961026
vn 0.220993 0.166103 0.961026
vn 0.136037 0.236244 0.962124
vn 0.136037 0.236244 0.962124
vn 0.136037 0.236244 0.962124
vn 0.136037 0.236244 0.962124
vn 0.0103848 -0.128254 0.991687
vn 0.0103848 -0.128254 0.991687
vn 0.0103848 -0.128254 0.991687
vn 0.0103848 -0.128254 0.991687
vn -0.111846 -0.0374964 0.993018
vn -0.111846 -0.0374964 0.993018
vn -0.111846 -0.0374964 0.993018
vn -0.111846 -0.0374964 0.993018
vn -0.221066 0.0729385 0.972527
vn -0.221066 0.0729385 0.972527
vn -0.221066 0.0729385 0.972527
vn -0.221066 0.0729385 0.972527
vn -0.362079 -0.332883 0.870682
vn -0.362079 -0.332883 0.870682
vn -0.362079 -0.332883 0.870682
vn -0.362079 -0.332883 0.870682
vn -0.492525 -0.199993 0.847007
vn -0.492525 -0.199993 0.847007
vn -0.492525 -0.199993 0.847007
vn -0.492525 -0.199993 0.847007
vn -0.590429 -0.0739764 0.803692
vn -0.590429 -0.0739764 0.803692
vn -0.590429 -0.0739764 0.803692
vn -0.590429 -0.0739764 0.803692
vn -0.668189 -0.440553 0.59953
vn -0.668189 -0.440553 0.59953
vn -0.668189 -0.440553 0.59953
vn -0.668189 -0.440553 0.59953
vn -0.767175 -0.313953 0.559353
vn -0.767175 -0.313953 0.559353
vn -0.767175 -0.313953 0.559353
vn -0.767175 -0.313953 0.559353
vn -0.862508 -0.155208 0.481654
vn -0.862508 -0.155208 0.481654
vn -0.862508 -0.155208 0.481654
vn -0.862508 -0.155208 0.481654
vn -0.835747 -0.500264 0.226414
vn -0.835747 -0.500264 0.226414
vn -0.835747 -0.500264 0.226414
vn -0.835747 -0.500264 0.226414
vn -0.912147 -0.376207 0.162654
vn -0.912147 -0.376207 0.162654
vn -0.912147 -0.376207 0.162654
vn -0.912147 -0.376207 0.162654
vn -0.959161 -0.266398 0.0950882
vn -0.959161 -0.266398 0.0950882
vn -0.959161 -0.266398 0.0950882
vn -0.959161 -0.266398 0.0950882
vn -0.826648 -0.53215 -0.182947
vn -0.826648 -0.53215 -0.182947
vn -0.826648 -0.53215 -0.182947
vn -0.826648 -0.53215 -0.182947
vn -0.854371 -0.46506 -0.231883
vn -0.854371 -0.46506 -0.231883
vn -0.854371 -0.46506 -0.231883
vn -0.854371 -0.46506 -0.231883
vn -0.874128 -0.392364 -0.286271
vn -0.874128 -0.392364 -0.286271
vn -0.874128 -0.392364 -0.286271
vn -0.874128 -0.392364 -0.286271
vn -0.603412 -0.592535 -0.533663
vn -0.603412 -0.592535 -0.533663
vn -0.603412 -0.592535 -0.533663
vn -0.603412 -0.592535 -0.533663
vn -0.612626 -0.574587 -0.542714
vn -0.612626 -0.574587 -0.542714
vn -0.612626 -0.574587 -0.542714
vn -0.612626 -0.574587 -0.542714
vn -0.614946 -0.538685 -0.575898
vn -0.614946 -0.538685 -0.575898
vn -0.614946 -0.538685 -0.575898
vn -0.614946 -0.538685 -0.575898
vn -0.255014 -0.65703 -0.709422
vn -0.255014 -0.65703 -0.709422
vn -0.255014 -0.65703 -0.709422
vn -0.255014 -0.65703 -0.709422
vn -0.254068 -0.664031 -0.703216
vn -0.254068 -0.664031 -0.703216
vn -0.254068 -0.664031 -0.703216
vn -0.254068 -0.664031 -0.703216
vn -0.250409 -0.645466 -0.721574
vn -0.250409 -0.645466 -0.721574
vn -0.250409 -0.645466 -0.721574
vn -0.250409 -0.645466 -0.721574
vn 0.131475 -0.691102 -0.710698
vn 0.131475 -0.691102 -0.710698
vn 0.131475 -0.691102 -0.710698
vn 0.131475 -0.691102 -0.710698
vn 0.123243 -0.716454 -0.686662
vn 0.123243 -0.716454 -0.686662
vn 0.123243 -0.716454 -0.686662
vn 0.123243 -0.716454 -0.686662
vn 0.114443 -0.735334 -0.667972
vn 0.114443 -0.735334 -0.667972
vn 0.114443 -0.735334 -0.667972
vn 0.114443 -0.735334 -0.667972
vn 0.484811 -0.688612 -0.539232
vn 0.484811 -0.688612 -0.539232
vn 0.484811 -0.688612 -0.539232
vn 0.484811 -0.688612 -0.539232
vn 0.46312 -0.74592 -0.478669
vn 0.46312 -0.74592 -0.478669
vn 0.46312 -0.74592 -0.478669
vn 0.46312 -0.74592 -0.478669
vn 0.4212 -0.801272 -0.424916
vn 0.4212 -0.801272 -0.424916
vn 0.4212 -0.801272 -0.424916
vn 0.4212 -0.801272 -0.424916
vn 0.728259 -0.64907 -0.21988
vn 0.728259 -0.64907 -0.21988
vn 0.728259 -0.64907 -0.21988
vn 0.728259 -0.64907 -0.21988
vn 0.678083 -0.72411 -0.125971
vn 0.678083 -0.72411 -0.125971
vn 0.678083 -0.72411 -0.125971
vn 0.678083 -0.72411 -0.125971
vn 0.577216 -0.815712 -0.0378932
vn 0.577216 -0.815712 -0.0378932
vn 0.577216 -0.815712 -0.0378932
vn 0.577216 -0.815712 -0.0378932
vn 0.81206 -0.556938 0.174293
vn 0.81206 -0.556938 0.174293
vn 0.81206 -0.556938 0.174293
vn 0.81206 -0.556938 0.174293
vn 0.706066 -0.647667 0.286353
vn 0.706066 -0.647667 0.286353
vn 0.706066 -0.647667 0.286353
vn 0.706066 -0.647667 0.286353
vn 0.572731 -0.732307 0.368381
vn 0.572731 -0.732307 0.368381
vn 0.572731 -0.732307 0.368381
vn 0.572731 -0.732307 0.368381
vn 0.715546 -0.390691 0.579098
vn 0.715546 -0.390691 0.579098
vn 0.715546 -0.390691 0.579098
vn 0.715546 -0.390691 0.579098
vn 0.59218 -0.465913 0.657456
vn 0.59218 -0.465913 0.657456
vn 0.59218 -0.465913 0.657456
vn 0.59218 -0.465913 0.657456
vn 0.439604 -0.532778 0.723115
vn 0.439604 -0.532778 0.723115
vn 0.439604 -0.532778 0.723115
vn 0.439604 -0.532778 0.723115
vn 0.528749 -0.16298 0.832984
vn 0.528749 -0.16298 0.832984
vn 0.528749 -0.16298 0.832984
vn 0.528749 -0.16298 0.832984
vn 0.388381 -0.200626 0.899394
vn 0.388381 -0.200626 0.899394
vn 0.388381 -0.200626 0.899394
vn 0.388381 -0.200626 0.899394
vn 0.24045 -0.242709 0.939828
vn 0.24045 -0.242709 0.939828
vn 0.24045 -0.242709 0.939828
vn 0.24045 -0.242709 0.939828
vn 0.249076 0.166738 0.954023
vn 0.249076 0.166738 0.954023
vn 0.249076 0.166738 0.954023
vn 0.249076 0.166738 0.954023
vn 0.172033 0.147915 0.973923
vn 0.172033 0.147915 0.973923
vn 0.172033 0.147915 0.973923
vn 0.172033 0.147915 0.973923
vn 0.054157 0.131268 0.989866
vn 0.054157 0.131268 0.989866
vn 0.054157 0.131268 0.989866
vn 0.054157 0.131268 0.989866
vn 0.0586134 0.513709 0.85596
vn 0.0586134 0.513709 0.85596
vn 0.0586134 0.513709 0.85596
vn 0.0586134 0.513709 0.85596
vn 0.0234447 0.503191 0.863857
vn 0.0234447 0.503191 0.863857
vn 0.0234447 0.503191 0.863857
vn 0.0234447 0.503191 0.863857
vn -0.0159778 0.502863 0.864218
vn -0.0159778 0.502863 0.864218
vn -0.0159778 0.502863 0.864218
vn -0.0159778 0.502863 0.864218
vn -0.0074519 0.786012 0.618166
vn -0.0074519 0.786012 0.618166
vn -0.0074519 0.786012 0.618166
vn -0.0074519 0.786012 0.618166
vn 0.0105248 0.787799 0.615843
vn 0.0105248 0.787799 0.615843
vn 0.0105248 0.787799 0.615843
vn 0.0105248 0.787799 0.615843
vn 0.0404229 0.784145 0.619259
vn 0.0404229 0.784145 0.619259
vn 0.0404229 0.784145 0.619259
vn 0.0404229 0.784145 0.619259
vn 0.0342434 0.961941 0.271104
vn 0.0342434 0.961941 0.271104
vn 0.0342434 0.961941 0.271104
vn 0.0342434 0.961941 0.271104
vn 0.131252 0.950728 0.280872
vn 0.131252 0.950728 0.280872
vn 0.131252 0.950728 0.280872
vn 0.131252 0.950728 0.280872
vn 0.210869 0.930063 0.30086
vn 0.210869 0.930063 0.30086
vn 0.210869 0.930063 0.30086
vn 0.210869 0.930063 0.30086
vn 0.20774 0.970377 -0.123336
vn 0.20774 0.970377 -0.123336
vn 0.20774 0.970377 -0.123336
vn 0.20774 0.970377 -0.123336
vn 0.334437 0.938068 -0.0904474
vn 0.334437 0.938068 -0.0904474
vn 0.334437 0.938068 -0.0904474
vn 0.334437 0.938068 -0.0904474
vn 0.460995 0.886484 -0.0403747
vn 0.460995 0.886484 -0.0403747
vn 0.460995 0.886484 -0.0403747
vn 0.460995 0.886484 -0.0403747
vn 0.407552 0.794099 -0.450897
vn 0.407552 0.794099 -0.450897
vn 0.407552 0.794099 -0.450897
vn 0.407552 0.794099 -0.450897
vn 0.564215 0.731857 -0.382161
vn 0.564215 0.731857 -0.382161
vn 0.564215 0.731857 -0.382161
vn 0.564215 0.731857 -0.382161
vn 0.696187 0.651046 -0.302428
vn 0.696187 0.651046 -0.302428
vn 0.696187 0.651046 -0.302428
vn 0.696187 0.651046 -0.302428
vn 0.57428 0.474968 -0.666789
vn 0.57428 0.474968 -0.666789
vn 0.57428 0.474968 -0.666789
vn 0.57428 0.474968 -0.666789
vn 0.709387 0.388383 -0.588157
vn 0.709387 0.388383 -0.588157
vn 0.709387 0.388383 -0.588157
vn 0.709387 0.388383 -0.588157
vn 0.821728 0.291392 -0.48975
vn 0.821728 0.291392 -0.48975
vn 0.821728 0.291392 -0.48975
vn 0.821728 0.291392 -0.48975
vn 0.614466 0.0757553 -0.785298
vn 0.614466 0.0757553 -0.785298
vn 0.614466 0.0757553 -0.785298
vn 0.614466 0.0757553 -0.785298
vn 0.717532 -0.0140625 -0.696383
vn 0.717532 -0.0140625 -0.696383
vn 0.717532 -0.0140625 -0.696383
vn 0.717532 -0.0140625 -0.696383
vn 0.795967 -0.111092 -0.59506
vn 0.795967 -0.111092 -0.59506
vn 0.795967 -0.111092 -0.59506
vn 0.795967 -0.111092 -0.59506
vn 0.50518 -0.312122 -0.804595
vn 0.50518 -0.312122 -0.804595
vn 0.50518 -0.312122 -0.804595
vn 0.50518 -0.312122 -0.804595
vn 0.565017 -0.38749 -0.728428
vn 0.565017 -0.38749 -0.728428
vn 0.565017 -0.38749 -0.728428
vn 0.565017 -0.38749 -0.728428
vn 0.604449 -0.456581 -0.652821
vn 0.604449 -0.456581 -0.652821
vn 0.604449 -0.456581 -0.652821
vn 0.604449 -0.456581 -0.652821
vn 0.217616 -0.613343 -0.759245
vn 0.217616 -0.613343 -0.759245
vn 0.217616 -0.613343 -0.759245
vn 0.217616 -0.613343 -0.759245
vn 0.241163 -0.640731 -0.728906
vn 0.241163 -0.640731 -0.728906
vn 0.241163 -0.640731 -0.728906
vn 0.241163 -0.640731 -0.728906
vn 0.251803 -0.667711 -0.70054
vn 0.251803 -0.667711 -0.70054
vn 0.251803 -0.667711 -0.70054
vn 0.251803 -0.667711 -0.70054
vn -0.127793 -0.729383 -0.672064
vn -0.127793 -0.729383 -0.672064
vn -0.127793 -0.729383 -0.672064
vn -0.127793 -0.729383 -0.672064
vn -0.139424 -0.706997 -0.693337
vn -0.139424 -0.706997 -0.693337
vn -0.139424 -0.706997 -0.693337
vn -0.139424 -0.706997 -0.693337
vn -0.140935 -0.70094 -0.699157
vn -0.140935 -0.70094 -0.699157
vn -0.140935 -0.70094 -0.699157
vn -0.140935 -0.70094 -0.699157
vn -0.498229 -0.65639 -0.566499
vn -0.498229 -0.65639 -0.566499
vn -0.498229 -0.65639 -0.566499
vn -0.498229 -0.65639 -0.566499
vn -0.512292 -0.608216 -0.606324
vn -0.512292 -0.608216 -0.606324
vn -0.512292 -0.608216 -0.606324
vn -0.512292 -0.608216 -0.606324
vn -0.509263 -0.627684 -0.588782
vn -0.509263 -0.627684 -0.588782
vn -0.509263 -0.627684 -0.588782
vn -0.509263 -0.627684 -0.588782
vn -0.78916 -0.4515 -0.416382
vn -0.78916 -0.4515 -0.416382
vn -0.78916 -0.4515 -0.416382
vn -0.78916 -0.4515 -0.416382
vn -0.78889 -0.465125 -0.401637
vn -0.78889 -0.465125 -0.401637
vn -0.78889 -0.465125 -0.401637
vn -0.78889 -0.465125 -0.401637
vn -0.790485 -0.452588 -0.412671
vn -0.790485 -0.452588 -0.412671
vn -0.790485 -0.452588 -0.412671
vn -0.790485 -0.452588 -0.412671
vn -0.969504 -0.194633 -0.148927
vn -0.969504 -0.194633 -0.148927
vn -0.969504 -0.194633 -0.148927
vn -0.969504 -0.194633 -0.148927
vn -0.964374 -0.222851 -0.142547
vn -0.964374 -0.222851 -0.142547
vn -0.964374 -0.222851 -0.142547
vn -0.964374 -0.222851 -0.142547
vn -0.961935 -0.242468 -0.126055
vn -0.961935 -0.242468 -0.126055
vn -0.961935 -0.242468 -0.126055
vn -0.961935 -0.242468 -0.126055
vn -0.989048 0.0485051 0.139394
vn -0.989048 0.0485051 0.139394
vn -0.989048 0.0485051 0.139394
vn -0.989048 0.0485051 0.139394
vn -0.988172 0.0105659 0.152983
vn -0.988172 0.0105659 0.152983
vn -0.988172 0.0105659 0.152983
vn -0.988172 0.0105659 0.152983
vn -0.988699 0.0157174 0.149091
vn -0.988699 0.0157174 0.149091
vn -0.988699 0.0157174 0.149091
vn -0.988699 0.0157174 0.149091
vn -0.847958 0.295226 0.440238
vn -0.847958 0.295226 0.440238
vn -0.847958 0.295226 0.440238
vn -0.847958 0.295226 0.440238
vn -0.846415 0.280768 0.452494
vn -0.846415 0.280768 0.452494
vn -0.846415 0.280768 0.452494
vn -0.846415 0.280768 0.452494
vn -0.844557 0.239589 0.478874
vn -0.844557 0.239589 0.478874
vn -0.844557 0.239589 0.478874
vn -0.844557 0.239589 0.478874
vn -0.59359 0.473327 0.650854
vn -0.59359 0.473327 0.650854
vn -0.59359 0.473327 0.650854
vn -0.59359 0.473327 0.650854
vn -0.586361 0.407337 0.700184
vn -0.586361 0.407337 0.700184
vn -0.586361 0.407337 0.700184
vn -0.586361 0.407337 0.700184
vn -0.586078 0.311129 0.748139
vn -0.586078 0.311129 0.748139
vn -0.586078 0.311129 0.748139
vn -0.586078 0.311129 0.748139
vn -0.213501 0.527132 0.822526
vn -0.213501 0.527132 0.822526
vn -0.213501 0.527132 0.822526
vn -0.213501 0.527132 0.822526
vn -0.221027 0.406881 0.886338
vn -0.221027 0.406881 0.886338
vn -0.221027 0.406881 0.886338
vn -0.221027 0.406881 0.886338
vn -0.224956 0.251453 0.941364
vn -0.224956 0.251453 0.941364
vn -0.224956 0.251453 0.941364
vn -0.224956 0.251453 0.941364
vn 0.147989 0.440508 0.885467
vn 0.147989 0.440508 0.885467
vn 0.147989 0.440508 0.885467
vn 0.147989 0.440508 0.885467
vn 0.171588 0.260629 0.950069
vn 0.171588 0.260629 0.950069
vn 0.171588 0.260629 0.950069
vn 0.171588 0.260629 0.950069
vn 0.15453 0.0496864 0.986738
vn 0.15453 0.0496864 0.986738
vn 0.15453 0.0496864 0.986738
vn 0.15453 0.0496864 0.986738
vn 0.515673 0.246308 0.820618
vn 0.515673 0.246308 0.820618
vn 0.515673 0.246308 0.820618
vn 0.515673 0.246308 0.820618
vn 0.532368 0.0128643 0.846415
vn 0.532368 0.0128643 0.846415
vn 0.532368 0.0128643 0.846415
vn 0.532368 0.0128643 0.846415
vn 0.509825 -0.136175 0.849432
vn 0.509825 -0.136175 0.849432
vn 0.509825 -0.136175 0.849432
vn 0.509825 -0.136175 0.849432
vn 0.809037 0.0254783 0.587205
vn 0.809037 0.0254783 0.587205
vn 0.809037 0.0254783 0.587205
vn 0.809037 0.0254783 0.587205
vn 0.792126 -0.141103 0.593824
vn 0.792126 -0.141103 0.593824
vn 0.792126 -0.141103 0.593824
vn 0.792126 -0.141103 0.593824
vn 0.756451 -0.317684 0.571716
vn 0.756451 -0.317684 0.571716
vn 0.756451 -0.317684 0.571716
vn 0.756451 -0.317684 0.571716
vn 0.964177 -0.150083 0.21872
vn 0.964177 -0.150083 0.21872
vn 0.964177 -0.150083 0.21872
vn 0.964177 -0.150083 0.21872
vn 0.941742 -0.278747 0.18821
vn 0.941742 -0.278747 0.18821
vn 0.941742 -0.278747 0.18821
vn 0.941742 -0.278747 0.18821
vn 0.914848 -0.37105 0.159295
vn 0.914848 -0.37105 0.159295
vn 0.914848 -0.37105 0.159295
vn 0.914848 -0.37105 0.159295
vn 0.965141 -0.199309 -0.169643
vn 0.965141 -0.199309 -0.169643
vn 0.965141 -0.199309 -0.169643
vn 0.965141 -0.199309 -0.169643
vn 0.949601 -0.246408 -0.193753
vn 0.949601 -0.246408 -0.193753
vn 0.949601 -0.246408 -0.193753
vn 0.949601 -0.246408 -0.193753
vn 0.929496 -0.295976 -0.220081
vn 0.929496 -0.295976 -0.220081
vn 0.929496 -0.295976 -0.220081
vn 0.929496 -0.295976 -0.220081
vn 0.846117 -0.07649 -0.52748
vn 0.846117 -0.07649 -0.52748
vn 0.846117 -0.07649 -0.52748
vn 0.846117 -0.07649 -0.52748
vn 0.84121 -0.0577046 -0.537621
vn 0.84121 -0.0577046 -0.537621
vn 0.84121 -0.0577046 -0.537621
vn 0.84121 -0.0577046 -0.537621
vn 0.84708 -0.0471113 -0.529374
vn 0.84708 -0.0471113 -0.529374
vn 0.84708 -0.0471113 -0.529374
vn 0.84708 -0.0471113 -0.529374
vn 0.642805 0.1733 -0.74617
vn 0.642805 0.1733 -0.74617
vn 0.642805 0.1733 -0.74617
vn 0.642805 0.1733 -0.74617
vn 0.659557 0.233969 -0.714313
vn 0.659557 0.233969 -0.714313
vn 0.659557 0.233969 -0.714313
vn 0.659557 0.233969 -0.714313
vn 0.69781 0.284135 -0.657517
vn 0.69781 0.284135 -0.657517
vn 0.69781 0.284135 -0.657517
vn 0.69781 0.284135 -0.657517
vn 0.376195 0.48909 -0.786936
vn 0.376195 0.48909 -0.786936
vn 0.376195 0.48909 -0.786936
vn 0.376195 0.48909 -0.786936
vn 0.419574 0.578299 -0.699663
vn 0.419574 0.578299 -0.699663
vn 0.419574 0.578299 -0.699663
vn 0.419574 0.578299 -0.699663
vn 0.489067 0.639731 -0.592923
vn 0.489067 0.639731 -0.592923
vn 0.489067 0.639731 -0.592923
vn 0.489067 0.639731 -0.592923
vn 0.113518 0.770549 -0.62719
vn 0.113518 0.770549 -0.62719
vn 0.113518 0.770549 -0.62719
vn 0.113518 0.770549 -0.62719
vn 0.166919 0.847255 -0.504279
vn 0.166919 0.847255 -0.504279
vn 0.166919 0.847255 -0.504279
vn 0.166919 0.847255 -0.504279
vn 0.266304 0.899082 -0.347468
vn 0.266304 0.899082 -0.347468
vn 0.266304 0.899082 -0.347468
vn 0.266304 0.899082 -0.347468
vn -0.146316 0.933412 -0.327618
vn -0.146316 0.933412 -0.327618
vn -0.146316 0.933412 -0.327618
vn -0.146316 0.933412 -0.327618
vn -0.0591584 0.982074 -0.178973
vn -0.0591584 0.982074 -0.178973
vn -0.0591584 0.982074 -0.178973
vn -0.0591584 0.982074 -0.178973
vn 0.0327134 0.999 -0.0304888
vn 0.0327134 0.999 -0.0304888
vn 0.0327134 0.999 -0.0304888
vn 0.0327134 0.999 -0.0304888
vn -0.372291 0.927781 0.0249381
vn -0.372291 0.927781 0.0249381
vn -0.372291 0.927781 0.0249381
vn -0.372291 0.927781 0.0249381
vn -0.270108 0.950657 0.152624
vn -0.270108 0.950657 0.152624
vn -0.270108 0.950657 0.152624
vn -0.270108 0.950657 0.152624
vn -0.177997 0.93705 0.300423
vn -0.177997 0.93705 0.300423
vn -0.177997 0.93705 0.300423
vn -0.177997 0.93705 0.300423
vn -0.604184 0.716302 0.349103
vn -0.604184 0.716302 0.349103
vn -0.604184 0.716302 0.349103
vn -0.604184 0.716302 0.349103
vn -0.525431 0.706978 0.473396
vn -0.525431 0.706978 0.473396
vn -0.525431 0.706978 0.473396
vn -0.525431 0.706978 0.473396
vn -0.454728 0.671572 0.58499
vn -0.454728 0.671572 0.58499
vn -0.454728 0.671572 0.58499
vn -0.454728 0.671572 0.58499
vn -0.736151 0.414387 0.535131
vn -0.736151 0.414387 0.535131
vn -0.736151 0.414387 0.535131
vn -0.736151 0.414387 0.535131
vn -0.694095 0.390516 0.604755
vn -0.694095 0.390516 0.604755
vn -0.694095 0.390516 0.604755
vn -0.694095 0.390516 0.604755
vn -0.658596 0.359634 0.660996
vn -0.658596 0.359634 0.660996
vn -0.658596 0.359634 0.660996
vn -0.658596 0.359634 0.660996
vn -0.838509 0.0372482 0.543613
vn -0.838509 0.0372482 0.543613
vn -0.838509 0.0372482 0.543613
vn -0.838509 0.0372482 0.543613
vn -0.834841 0.0209704 0.550092
vn -0.834841 0.0209704 0.550092
vn -0.834841 0.0209704 0.550092
vn -0.834841 0.0209704 0.550092
vn -0.824013 0.0071522 0.566526
vn -0.824013 0.0071522 0.566526
vn -0.824013 0.0071522 0.566526
vn -0.824013 0.0071522 0.566526
vn -0.883603 -0.296172 0.362668
vn -0.883603 -0.296172 0.362668
vn -0.883603 -0.296172 0.362668
vn -0.883603 -0.296172 0.362668
vn -0.908269 -0.268393 0.320955
vn -0.908269 -0.268393 0.320955
vn -0.908269 -0.268393 0.320955
vn -0.908269 -0.268393 0.320955
vn -0.922026 -0.243355 0.301076
vn -0.922026 -0.243355 0.301076
vn -0.922026 -0.243355 0.301076
vn -0.922026 -0.243355 0.301076
vn -0.843089 -0.537744 0.0056805
vn -0.843089 -0.537744 0.0056805
vn -0.843089 -0.537744 0.0056805
vn -0.843089 -0.537744 0.0056805
vn -0.883796 -0.465977 -0.0420679
vn -0.883796 -0.465977 -0.0420679
vn -0.883796 -0.465977 -0.0420679
vn -0.883796 -0.465977 -0.0420679
vn -0.927438 -0.360498 -0.0995011
vn -0.927438 -0.360498 -0.0995011
vn -0.927438 -0.360498 -0.0995011
vn -0.927438 -0.360498 -0.0995011
vn -0.716796 -0.59062 -0.370636
vn -0.716796 -0.59062 -0.370636
vn -0.716796 -0.59062 -0.370636
vn -0.716796 -0.59062 -0.370636
vn -0.769564 -0.455686 -0.44735
vn -0.769564 -0.455686 -0.44735
vn -0.769564 -0.455686 -0.44735
vn -0.769564 -0.455686 -0.44735
vn -0.810548 -0.317368 -0.492229
vn -0.810548 -0.317368 -0.492229
vn -0.810548 -0.317368 -0.492229
vn -0.810548 -0.317368 -0.492229
vn -0.506632 -0.482262 -0.714666
vn -0.506632 -0.482262 -0.714666
vn -0.506632 -0.482262 -0.714666
vn -0.506632 -0.482262 -0.714666
vn -0.552492 -0.323772 -0.768066
vn -0.552492 -0.323772 -0.768066
vn -0.552492 -0.323772 -0.768066
vn -0.552492 -0.323772 -0.768066
vn -0.593491 -0.131698 -0.793993
vn -0.593491 -0.131698 -0.793993
vn -0.593491 -0.131698 -0.793993
vn -0.593491 -0.131698 -0.793993
vn -0.216201 -0.297363 -0.929964
vn -0.216201 -0.297363 -0.929964
vn -0.216201 -0.297363 -0.929964
vn -0.216201 -0.297363 -0.929964
vn -0.243049 -0.104297 -0.964391
vn -0.243049 -0.104297 -0.964391
vn -0.243049 -0.104297 -0.964391
vn -0.243049 -0.104297 -0.964391
vn -0.268179 0.0649843 -0.961175
vn -0.268179 0.0649843 -0.961175
vn -0.268179 0.0649843 -0.961175
vn -0.268179 0.0649843 -0.961175
vn 0.164599 -0.0699726 -0.983876
vn 0.164599 -0.0699726 -0.983876
vn 0.164599 -0.0699726 -0.983876
vn 0.164599 -0.0699726 -0.983876
vn 0.154698 0.0709415 -0.985411
vn 0.154698 0.0709415 -0.985411
vn 0.154698 0.0709415 -0.985411
vn 0.154698 0.0709415 -0.985411
vn 0.141136 0.23623 -0.961393
vn 0.141136 0.23623 -0.961393
vn 0.141136 0.23623 -0.961393
vn 0.141136 0.23623 -0.961393
vn 0.499294 0.0928257 -0.861446
vn 0.499294 0.0928257 -0.861446
vn 0.499294 0.0928257 -0.861446
vn 0.499294 0.0928257 -0.861446
vn 0.490493 0.204189 -0.847186
vn 0.490493 0.204189 -0.847186
vn 0.490493 0.204189 -0.847186
vn 0.490493 0.204189 -0.847186
vn 0.485962 0.344122 -0.803381
vn 0.485962 0.344122 -0.803381
vn 0.485962 0.344122 -0.803381
vn 0.485962 0.344122 -0.803381
vn 0.79273 0.147204 -0.591532
vn 0.79273 0.147204 -0.591532
vn 0.79273 0.147204 -0.591532
vn 0.79273 0.147204 -0.591532
vn 0.785453 0.204883 -0.584027
vn 0.785453 0.204883 -0.584027
vn 0.785453 0.204883 -0.584027
vn 0.785453 0.204883 -0.584027
vn 0.787555 0.280312 -0.5488
vn 0.787555 0.280312 -0.5488
vn 0.787555 0.280312 -0.5488
vn 0.787555 0.280312 -0.5488
vn 0.96401 0.0503801 -0.261049
vn 0.96401 0.0503801 -0.261049
vn 0.96401 0.0503801 -0.261049
vn 0.96401 0.0503801 -0.261049
vn 0.96357 0.0741931 -0.256961
vn 0.96357 0.0741931 -0.256961
vn 0.96357 0.0741931 -0.256961
vn 0.96357 0.0741931 -0.256961
vn 0.9663 0.12162 -0.226878
vn 0.9663 0.12162 -0.226878
vn 0.9663 0.12162 -0.226878
vn 0.9663 0.12162 -0.226878
vn 0.977658 -0.176732 0.1138
vn 0.977658 -0.176732 0.1138
vn 0.977658 -0.176732 0.1138
vn 0.977658 -0.176732 0.1138
vn 0.977146 -0.182484 0.109024
vn 0.977146 -0.182484 0.109024
vn 0.977146 -0.182484 0.109024
vn 0.977146 -0.182484 0.109024
vn 0.973269 -0.212976 0.085954
vn 0.973269 -0.212976 0.085954
vn 0.973269 -0.212976 0.085954
vn 0.973269 -0.212976 0.085954
vn 0.834343 -0.387717 0.391852
vn 0.834343 -0.387717 0.391852
vn 0.834343 -0.387717 0.391852
vn 0.834343 -0.387717 0.391852
vn 0.826984 -0.42847 0.36402
vn 0.826984 -0.42847 0.36402
vn 0.826984 -0.42847 0.36402
vn 0.826984 -0.42847 0.36402
vn 0.828164 -0.420154 0.370965
vn 0.828164 -0.420154 0.370965
vn 0.828164 -0.420154 0.370965
vn 0.828164 -0.420154 0.370965
vn 0.579522 -0.579291 0.573216
vn 0.579522 -0.579291 0.573216
vn 0.579522 -0.579291 0.573216
vn 0.579522 -0.579291 0.573216
vn 0.577708 -0.570294 0.583968
vn 0.577708 -0.570294 0.583968
vn 0.577708 -0.570294 0.583968
vn 0.577708 -0.570294 0.583968
vn 0.573953 -0.599226 0.558127
vn 0.573953 -0.599226 0.558127
vn 0.573953 -0.599226 0.558127
vn 0.573953 -0.599226 0.558127
vn 0.237227 -0.669306 0.704097
vn 0.237227 -0.669306 0.704097
vn 0.237227 -0.669306 0.704097
vn 0.237227 -0.669306 0.704097
vn 0.242403 -0.690701 0.681302
vn 0.242403 -0.690701 0.681302
vn 0.242403 -0.690701 0.681302
vn 0.242403 -0.690701 0.681302
vn 0.243471 -0.683995 0.687658
vn 0.243471 -0.683995 0.687658
vn 0.243471 -0.683995 0.687658
vn 0.243471 -0.683995 0.687658
vn -0.162345 -0.690807 0.704577
vn -0.162345 -0.690807 0.704577
vn -0.162345 -0.690807 0.704577
vn -0.162345 -0.690807 0.704577
vn -0.163516 -0.688784 0.706285
vn -0.163516 -0.688784 0.706285
vn -0.163516 -0.688784 0.706285
vn -0.163516 -0.688784 0.706285
vn -0.161646 -0.680951 0.714266
vn -0.161646 -0.680951 0.714266
vn -0.161646 -0.680951 0.714266
vn -0.161646 -0.680951 0.714266
vn -0.52435 -0.587387 0.616469
vn -0.52435 -0.587387 0.616469
vn -0.52435 -0.587387 0.616469
vn -0.52435 -0.587387 0.616469
vn -0.533776 -0.558434 0.635008
vn -0.533776 -0.558434 0.635008
vn -0.533776 -0.558434 0.635008
vn -0.533776 -0.558434 0.635008
vn -0.518059 -0.513093 0.684361
vn -0.518059 -0.513093 0.684361
vn -0.518059 -0.513093 0.684361
vn -0.518059 -0.513093 0.684361
vn -0.818926 -0.367572 0.440739
vn -0.818926 -0.367572 0.440739
vn -0.818926 -0.367572 0.440739
vn -0.818926 -0.367572 0.440739
vn -0.809243 -0.278096 0.517482
vn -0.809243 -0.278096 0.517482
vn -0.809243 -0.278096 0.517482
vn -0.809243 -0.278096 0.517482
vn -0.763794 -0.183198 0.618916
vn -0.763794 -0.183198 0.618916
vn -0.763794 -0.183198 0.618916
vn -0.763794 -0.183198 0.618916
vn -0.959032 -0.0308143 0.281618
vn -0.959032 -0.0308143 0.281618
vn -0.959032 -0.0308143 0.281618
vn -0.959032 -0.0308143 0.281618
vn -0.907231 0.0949296 0.409781
vn -0.907231 0.0949296 0.409781
vn -0.907231 0.0949296 0.409781
vn -0.907231 0.0949296 0.409781
vn -0.8221 0.213041 0.527983
vn -0.8221 0.213041 0.527983
vn -0.8221 0.213041 0.527983
vn -0.8221 0.213041 0.527983
vn -0.919054 0.367565 0.142251
vn -0.919054 0.367565 0.142251
vn -0.919054 0.367565 0.142251
vn -0.919054 0.367565 0.142251
vn -0.831066 0.491406 0.260478
vn -0.831066 0.491406 0.260478
vn -0.831066 0.491406 0.260478
vn -0.831066 0.491406 0.260478
vn -0.722894 0.589793 0.359955
vn -0.722894 0.589793 0.359955
vn -0.722894 0.589793 0.359955
vn -0.722894 0.589793 0.359955
vn -0.715012 0.696944 -0.0550088
vn -0.715012 0.696944 -0.0550088
vn -0.715012 0.696944 -0.0550088
vn -0.715012 0.696944 -0.0550088
vn -0.616795 0.786549 0.0300821
vn -0.616795 0.786549 0.0300821
vn -0.616795 0.786549 0.0300821
vn -0.616795 0.786549 0.0300821
vn -0.50692 0.856062 0.100949
vn -0.50692 0.856062 0.100949
vn -0.50692 0.856062 0.100949
vn -0.50692 0.856062 0.100949
vn -0.421353 0.855613 -0.300646
vn -0.421353 0.855613 -0.300646
vn -0.421353 0.855613 -0.300646
vn -0.421353 0.855613 -0.300646
vn -0.346499 0.904132 -0.249968
vn -0.346499 0.904132 -0.249968
vn -0.346499 0.904132 -0.249968
vn -0.346499 0.904132 -0.249968
vn -0.253531 0.944227 -0.210135
vn -0.253531 0.944227 -0.210135
vn -0.253531 0.944227 -0.210135
vn -0.253531 0.944227 -0.210135
vn -0.125055 0.817723 -0.561864
vn -0.125055 0.817723 -0.561864
vn -0.125055 0.817723 -0.561864
vn -0.125055 0.817723 -0.561864
vn -0.0921238 0.82875 -0.551984
vn -0.0921238 0.82875 -0.551984
vn -0.0921238 0.82875 -0.551984
vn -0.0921238 0.82875 -0.551984
vn -0.0653714 0.836034 -0.544769
vn -0.0653714 0.836034 -0.544769
vn -0.0653714 0.836034 -0.544769
vn -0.0653714 0.836034 -0.544769
vn 0.0872247 0.579003 -0.810646
vn 0.0872247 0.579003 -0.810646
vn 0.0872247 0.579003 -0.810646
vn 0.0872247 0.579003 -0.810646
vn 0.0643611 0.555062 -0.829315
vn 0.0643611 0.555062 -0.829315
vn 0.0643611 0.555062 -0.829315
vn 0.0643611 0.555062 -0.829315
vn 0.00403938 0.546695 -0.837322
vn 0.00403938 0.546695 -0.837322
vn 0.00403938 0.546695 -0.837322
vn 0.00403938 0.546695 -0.837322
vn 0.152557 0.222798 -0.962854
vn 0.152557 0.222798 -0.962854
vn 0.152557 0.222798 -0.962854
vn 0.152557 0.222798 -0.962854
vn 0.0518143 0.210305 -0.976262
vn 0.0518143 0.210305 -0.976262
vn 0.0518143 0.210305 -0.976262
vn 0.0518143 0.210305 -0.976262
vn -0.0259609 0.209806 -0.977398
vn -0.0259609 0.209806 -0.977398
vn -0.0259609 0.209806 -0.977398
vn -0.0259609 0.209806 -0.977398
vn 0.0835665 -0.182276 -0.97969
vn 0.0835665 -0.182276 -0.97969
vn 0.0835665 -0.182276 -0.97969
vn 0.0835665 -0.182276 -0.97969
vn -0.0540043 -0.196042 -0.979107
vn -0.0540043 -0.196042 -0.979107
vn -0.0540043 -0.196042 -0.979107
vn -0.0540043 -0.196042 -0.979107
vn -0.21952 -0.175741 -0.959649
vn -0.21952 -0.175741 -0.959649
vn -0.21952 -0.175741 -0.959649
vn -0.21952 -0.175741 -0.959649
vn -0.0661462 -0.535681 -0.841826
vn -0.0661462 -0.535681 -0.841826
vn -0.0661462 -0.535681 -0.841826
vn -0.0661462 -0.535681 -0.841826
vn -0.242166 -0.531842 -0.81148
vn -0.242166 -0.531842 -0.81148
vn -0.242166 -0.531842 -0.81148
vn -0.242166 -0.531842 -0.81148
vn -0.417242 -0.487097 -0.767232
vn -0.417242 -0.487097 -0.767232
vn -0.417242 -0.487097 -0.767232
vn -0.417242 -0.487097 -0.767232
vn -0.249877 -0.797603 -0.548991
vn -0.249877 -0.797603 -0.548991
vn -0.249877 -0.797603 -0.548991
vn -0.249877 -0.797603 -0.548991
vn -0.407534 -0.758552 -0.508442
vn -0.407534 -0.758552 -0.508442
vn -0.407534 -0.758552 -0.508442
vn -0.407534 -0.758552 -0.508442
vn -0.564546 -0.694614 -0.445869
vn -0.564546 -0.694614 -0.445869
vn -0.564546 -0.694614 -0.445869
vn -0.564546 -0.694614 -0.445869
vn -0.349502 -0.927833 -0.130288
vn -0.349502 -0.927833 -0.130288
vn -0.349502 -0.927833 -0.130288
vn -0.349502 -0.927833 -0.130288
vn -0.478459 -0.874245 -0.0822965
vn -0.478459 -0.874245 -0.0822965
vn -0.478459 -0.874245 -0.0822965
vn -0.478459 -0.874245 -0.0822965
vn -0.592836 -0.805179 -0.0152594
vn -0.592836 -0.805179 -0.0152594
vn -0.592836 -0.805179 -0.0152594
vn -0.592836 -0.805179 -0.0152594
vn -0.329 -0.909945 0.252505
vn -0.329 -0.909945 0.252505
vn -0.329 -0.909945 0.252505
vn -0.329 -0.909945 0.252505
vn -0.407021 -0.863025 0.299202
vn -0.407021 -0.863025 0.299202
vn -0.407021 -0.863025 0.299202
vn -0.407021 -0.863025 0.299202
vn -0.46888 -0.810331 0.351449
vn -0.46888 -0.810331 0.351449
vn -0.46888 -0.810331 0.351449
vn -0.46888 -0.810331 0.351449
vn -0.147883 -0.792169 0.592114
vn -0.147883 -0.792169 0.592114
vn -0.147883 -0.792169 0.592114
vn -0.147883 -0.792169 0.592114
vn -0.191645 -0.771872 0.606206
vn -0.191645 -0.771872 0.606206
vn -0.191645 -0.771872 0.606206
vn -0.191645 -0.771872 0.606206
vn -0.200992 -0.760314 0.617677
vn -0.200992 -0.760314 0.617677
vn -0.200992 -0.760314 0.617677
vn -0.200992 -0.760314 0.617677
vn 0.150865 -0.620257 0.769754
vn 0.150865 -0.620257 0.769754
vn 0.150865 -0.620257 0.769754
vn 0.150865 -0.620257 0.769754
vn 0.166219 -0.644268 0.746518
vn 0.166219 -0.644268 0.746518
vn 0.166219 -0.644268 0.746518
vn 0.166219 -0.644268 0.746518
vn 0.17913 -0.669849 0.720566
vn 0.17913 -0.669849 0.720566
vn 0.17913 -0.669849 0.720566
vn 0.17913 -0.669849 0.720566
vn 0.508332 -0.431327 0.745356
vn 0.508332 -0.431327 0.745356
vn 0.508332 -0.431327 0.745356
vn 0.508332 -0.431327 0.745356
vn 0.550699 -0.495863 0.671454
vn 0.550699 -0.495863 0.671454
vn 0.550699 -0.495863 0.671454
vn 0.550699 -0.495863 0.671454
vn 0.562708 -0.554202 0.613368
vn 0.562708 -0.554202 0.613368
vn 0.562708 -0.554202 0.613368
vn 0.562708 -0.554202 0.613368
vn 0.807692 -0.252398 0.532849
vn 0.807692 -0.252398 0.532849
vn 0.807692 -0.252398 0.532849
vn 0.807692 -0.252398 0.532849
vn 0.829708 -0.363449 0.423663
vn 0.829708 -0.363449 0.423663
vn 0.829708 -0.363449 0.423663
vn 0.829708 -0.363449 0.423663
vn 0.825039 -0.437946 0.357092
vn 0.825039 -0.437946 0.357092
vn 0.825039 -0.437946 0.357092
vn 0.825039 -0.437946 0.357092
vn 0.979667 -0.0898035 0.17941
vn 0.979667 -0.0898035 0.17941
vn 0.979667 -0.0898035 0.17941
vn 0.979667 -0.0898035 0.17941
vn 0.976107 -0.20759 0.0642065
vn 0.976107 -0.20759 0.0642065
vn 0.976107 -0.20759 0.0642065
vn 0.976107 -0.20759 0.0642065
vn 0.951958 -0.306078 -0.00954871
vn 0.951958 -0.306078 -0.00954871
vn 0.951958 -0.306078 -0.00954871
vn 0.951958 -0.306078 -0.00954871
vn 0.972566 0.0929961 -0.21323
vn 0.972566 0.0929961 -0.21323
vn 0.972566 0.0929961 -0.21323
vn 0.972566 0.0929961 -0.21323
vn 0.942022 -0.0649425 -0.329207
vn 0.942022 -0.0649425 -0.329207
vn 0.942022 -0.0649425 -0.329207
vn 0.942022 -0.0649425 -0.329207
vn 0.890381 -0.197064 -0.410351
vn 0.890381 -0.197064 -0.410351
vn 0.890381 -0.197064 -0.410351
vn 0.890381 -0.197064 -0.410351
vn 0.781582 0.197703 -0.591645
vn 0.781582 0.197703 -0.591645
vn 0.781582 0.197703 -0.591645
vn 0.781582 0.197703 -0.591645
vn 0.729489 0.057124 -0.681603
vn 0.729489 0.057124 -0.681603
vn 0.729489 0.057124 -0.681603
vn 0.729489 0.057124 -0.681603
vn 0.642535 -0.0986979 -0.759873
vn 0.642535 -0.0986979 -0.759873
vn 0.642535 -0.0986979 -0.759873
vn 0.642535 -0.0986979 -0.759873
vn 0.468776 0.282489 -0.836928
vn 0.468776 0.282489 -0.836928
vn 0.468776 0.282489 -0.836928
vn 0.468776 0.282489 -0.836928
vn 0.39215 0.144465 -0.908487
vn 0.39215 0.144465 -0.908487
vn 0.39215 0.144465 -0.908487
vn 0.39215 0.144465 -0.908487
vn 0.302014 0.0233072 -0.953018
vn 0.302014 0.0233072 -0.953018
vn 0.302014 0.0233072 -0.953018
vn 0.302014 0.0233072 -0.953018
vn 0.0765768 0.366584 -0.927228
vn 0.0765768 0.366584 -0.927228
vn 0.0765768 0.366584 -0.927228
vn 0.0765768 0.366584 -0.927228
vn 0.00571089 0.277355 -0.960751
vn 0.00571089 0.277355 -0.960751
vn 0.00571089 0.277355 -0.960751
vn 0.00571089 0.277355 -0.960751
vn -0.0744053 0.193773 -0.978221
vn -0.0744053 0.193773 -0.978221
vn -0.0744053 0.193773 -0.978221
vn -0.0744053 0.193773 -0.978221
vn -0.278823 0.481348 -0.831001
vn -0.278823 0.481348 -0.831001
vn -0.278823 0.481348 -0.831001
vn -0.278823 0.481348 -0.831001
vn -0.320428 0.447138 -0.835101
vn -0.320428 0.447138 -0.835101
vn -0.320428 0.447138 -0.835101
vn -0.320428 0.447138 -0.835101
vn -0.367053 0.407667 -0.83611
vn -0.367053 0.407667 -0.83611
vn -0.367053 0.407667 -0.83611
vn -0.367053 0.407667 -0.83611
vn -0.534477 0.650759 -0.539302
vn -0.534477 0.650759 -0.539302
vn -0.534477 0.650759 -0.539302
vn -0.534477 0.650759 -0.539302
vn -0.531652 0.656705 -0.534868
vn -0.531652 0.656705 -0.534868
vn -0.531652 0.656705 -0.534868
vn -0.531652 0.656705 -0.534868
vn -0.526374 0.660369 -0.535577
vn -0.526374 0.660369 -0.535577
vn -0.526374 0.660369 -0.535577
vn -0.526374 0.660369 -0.535577
vn -0.597013 0.776214 -0.20265
vn -0.597013 0.776214 -0.20265
vn -0.597013 0.776214 -0.20265
vn -0.597013 0.776214 -0.20265
vn -0.538494 0.816681 -0.2075
vn -0.538494 0.816681 -0.2075
vn -0.538494 0.816681 -0.2075
vn -0.538494 0.816681 -0.2075
vn -0.46741 0.854892 -0.225141
vn -0.46741 0.854892 -0.225141
vn -0.46741 0.854892 -0.225141
vn -0.46741 0.854892 -0.225141
vn -0.484465 0.859024 0.165444
vn -0.484465 0.859024 0.165444
vn -0.484465 0.859024 0.165444
vn -0.484465 0.859024 0.165444
vn -0.372656 0.9159 0.149181
vn -0.372656 0.9159 0.149181
vn -0.372656 0.9159 0.149181
vn -0.372656 0.9159 0.149181
vn -0.264833 0.957906 0.110809
vn -0.264833 0.957906 0.110809
vn -0.264833 0.957906 0.110809
vn -0.264833 0.957906 0.110809
vn -0.211483 0.847295 0.487202
vn -0.211483 0.847295 0.487202
vn -0.211483 0.847295 0.487202
vn -0.211483 0.847295 0.487202
vn -0.110745 0.895018 0.432063
vn -0.110745 0.895018 0.432063
vn -0.110745 0.895018 0.432063
vn -0.110745 0.895018 0.432063
vn -0.0084952 0.922903 0.384939
vn -0.0084952 0.922903 0.384939
vn -0.0084952 0.922903 0.384939
vn -0.0084952 0.922903 0.384939
vn 0.115708 0.667763 0.735325
vn 0.115708 0.667763 0.735325
vn 0.115708 0.667763 0.735325
vn 0.115708 0.667763 0.735325
vn 0.206989 0.717706 0.664871
vn 0.206989 0.717706 0.664871
vn 0.206989 0.717706 0.664871
vn 0.206989 0.717706 0.664871
vn 0.264256 0.72778 0.632855
vn 0.264256 0.72778 0.632855
vn 0.264256 0.72778 0.632855
vn 0.264256 0.72778 0.632855
vn 0.35598 0.416701 0.836444
vn 0.35598 0.416701 0.836444
vn 0.35598 0.416701 0.836444
vn 0.35598 0.416701 0.836444
vn 0.419146 0.428294 0.80055
vn 0.419146 0.428294 0.80055
vn 0.419146 0.428294 0.80055
vn 0.419146 0.428294 0.80055
vn 0.444411 0.430711 0.785485
vn 0.444411 0.430711 0.785485
vn 0.444411 0.430711 0.785485
vn 0.444411 0.430711 0.785485
vn 0.512242 0.0444875 0.857688
vn 0.512242 0.0444875 0.857688
vn 0.512242 0.0444875 0.857688
vn 0.512242 0.0444875 0.857688
vn 0.52596 0.0510448 0.848976
vn 0.52596 0.0510448 0.848976
vn 0.52596 0.0510448 0.848976
vn 0.52596 0.0510448 0.848976
vn 0.38388 0.727708 0.5684
vn 0.38388 0.727708 0.5684
vn 0.38388 0.727708 0.5684
vn 0.38388 0.727708 0.5684
vn 0.316539 0.72519 0.611475
vn 0.316539 0.72519 0.611475
vn 0.316539 0.72519 0.611475
vn 0.316539 0.72519 0.611475
vn 0.485546 0.427577 0.762511
vn 0.485546 0.427577 0.762511
vn 0.485546 0.427577 0.762511
vn 0.485546 0.427577 0.762511
vn 0.488839 0.42723 0.760599
vn 0.488839 0.42723 0.760599
vn 0.488839 0.42723 0.760599
vn 0.488839 0.42723 0.760599
vn 0.526146 0.0438099 0.849265
vn 0.526146 0.0438099 0.849265
vn 0.526146 0.0438099 0.849265
vn 0.526146 0.0438099 0.849265
vn 0.503487 0.043861 0.862889
vn 0.503487 0.043861 0.862889
vn 0.503487 0.043861 0.862889
vn 0.503487 0.043861 0.862889
vn 0.489946 0.046419 0.870516
vn 0.489946 0.046419 0.870516
vn 0.489946 0.046419 0.870516
vn 0.489946 0.046419 0.870516
vn 0.459343 -0.326299 0.826156
vn 0.459343 -0.326299 0.826156
vn 0.459343 -0.326299 0.826156
vn 0.459343 -0.326299 0.826156
vn 0.405827 -0.320222 0.856015
vn 0.405827 -0.320222 0.856015
vn 0.405827 -0.320222 0.856015
vn 0.405827 -0.320222 0.856015
vn 0.338739 -0.302298 0.890995
vn 0.338739 -0.302298 0.890995
vn 0.338739 -0.302298 0.890995
vn 0.338739 -0.302298 0.890995
vn 0.253089 -0.669961 0.697924
vn 0.253089 -0.669961 0.697924
vn 0.253089 -0.669961 0.697924
vn 0.253089 -0.669961 0.697924
vn 0.163155 -0.651404 0.740981
vn 0.163155 -0.651404 0.740981
vn 0.163155 -0.651404 0.740981
vn 0.163155 -0.651404 0.740981
vn 0.0644946 -0.616886 0.784405
vn 0.0644946 -0.616886 0.784405
vn 0.0644946 -0.616886 0.784405
vn 0.0644946 -0.616886 0.784405
vn -0.0139503 -0.8642 0.502955
vn -0.0139503 -0.8642 0.502955
vn -0.0139503 -0.8642 0.502955
vn -0.0139503 -0.8642 0.502955
vn -0.117752 -0.824186 0.553942
vn -0.117752 -0.824186 0.553942
vn -0.117752 -0.824186 0.553942
vn -0.117752 -0.824186 0.553942
vn -0.256247 -0.759924 0.597372
vn -0.256247 -0.759924 0.597372
vn -0.256247 -0.759924 0.597372
vn -0.256247 -0.759924 0.597372
vn -0.30636 -0.925713 0.221808
vn -0.30636 -0.925713 0.221808
vn -0.30636 -0.925713 0.221808
vn -0.30636 -0.925713 0.221808
vn -0.411964 -0.873788 0.258419
vn -0.411964 -0.873788 0.258419
vn -0.411964 -0.873788 0.258419
vn -0.411964 -0.873788 0.258419
vn -0.542777 -0.79173 0.280279
vn -0.542777 -0.79173 0.280279
vn -0.542777 -0.79173 0.280279
vn -0.542777 -0.79173 0.280279
vn -0.509979 -0.852112 -0.117588
vn -0.509979 -0.852112 -0.117588
vn -0.509979 -0.852112 -0.117588
vn -0.509979 -0.852112 -0.117588
vn -0.587276 -0.802219 -0.10748
vn -0.587276 -0.802219 -0.10748
vn -0.587276 -0.802219 -0.10748
vn -0.587276 -0.802219 -0.10748
vn -0.65699 -0.74618 -0.107605
vn -0.65699 -0.74618 -0.107605
vn -0.65699 -0.74618 -0.107605
vn -0.65699 -0.74618 -0.107605
vn -0.536499 -0.681621 -0.497556
vn -0.536499 -0.681621 -0.497556
vn -0.536499 -0.681621 -0.497556
vn -0.536499 -0.681621 -0.497556
vn -0.556261 -0.661191 -0.503388
vn -0.556261 -0.661191 -0.503388
vn -0.556261 -0.661191 -0.503388
vn -0.556261 -0.661191 -0.503388
vn -0.569728 -0.647491 -0.506128
vn -0.569728 -0.647491 -0.506128
vn -0.569728 -0.647491 -0.506128
vn -0.569728 -0.647491 -0.506128
vn -0.379486 -0.491022 -0.784148
vn -0.379486 -0.491022 -0.784148
vn -0.379486 -0.491022 -0.784148
vn -0.379486 -0.491022 -0.784148
vn -0.34445 -0.517101 -0.783557
vn -0.34445 -0.517101 -0.783557
vn -0.34445 -0.517101 -0.783557
vn -0.34445 -0.517101 -0.783557
vn -0.319969 -0.548588 -0.772445
vn -0.319969 -0.548588 -0.772445
vn -0.319969 -0.548588 -0.772445
vn -0.319969 -0.548588 -0.772445
vn -0.0644373 -0.30654 -0.949674
vn -0.0644373 -0.30654 -0.949674
vn -0.0644373 -0.30654 -0.949674
vn -0.0644373 -0.30654 -0.949674
vn 0.00602706 -0.401109 -0.916011
vn 0.00602706 -0.401109 -0.916011
vn 0.00602706 -0.401109 -0.916011
vn 0.00602706 -0.401109 -0.916011
vn 0.044419 -0.465511 -0.883927
vn 0.044419 -0.465511 -0.883927
vn 0.044419 -0.465511 -0.883927
vn 0.044419 -0.465511 -0.883927
vn 0.312723 -0.183506 -0.93195
vn 0.312723 -0.183506 -0.93195
vn 0.312723 -0.183506 -0.93195
vn 0.312723 -0.183506 -0.93195
vn 0.402235 -0.282162 -0.870972
vn 0.402235 -0.282162 -0.870972
vn 0.402235 -0.282162 -0.870972
vn 0.402235 -0.282162 -0.870972
vn 0.451967 -0.403606 -0.795505
vn 0.451967 -0.403606 -0.795505
vn 0.451967 -0.403606 -0.795505
vn 0.451967 -0.403606 -0.795505
vn 0.688901 -0.060762 -0.722304
vn 0.688901 -0.060762 -0.722304
vn 0.688901 -0.060762 -0.722304
vn 0.688901 -0.060762 -0.722304
vn 0.748495 -0.184527 -0.63695
vn 0.748495 -0.184527 -0.63695
vn 0.748495 -0.184527 -0.63695
vn 0.748495 -0.184527 -0.63695
vn 0.780407 -0.328758 -0.531868
vn 0.780407 -0.328758 -0.531868
vn 0.780407 -0.328758 -0.531868
vn 0.780407 -0.328758 -0.531868
vn 0.927971 0.0505104 -0.369212
vn 0.927971 0.0505104 -0.369212
vn 0.927971 0.0505104 -0.369212
vn 0.927971 0.0505104 -0.369212
vn 0.958403 -0.084604 -0.27259
vn 0.958403 -0.084604 -0.27259
vn 0.958403 -0.084604 -0.27259
vn 0.958403 -0.084604 -0.27259
vn 0.962195 -0.215032 -0.167159
vn 0.962195 -0.215032 -0.167159
vn 0.962195 -0.215032 -0.167159
vn 0.962195 -0.215032 -0.167159
vn 0.986926 0.160127 0.0183531
vn 0.986926 0.160127 0.0183531
vn 0.986926 0.160127 0.0183531
vn 0.986926 0.160127 0.0183531
vn 0.992374 0.0417456 0.115978
vn 0.992374 0.0417456 0.115978
vn 0.992374 0.0417456 0.115978
vn 0.992374 0.0417456 0.115978
vn 0.97122 -0.0803871 0.224208
vn 0.97122 -0.0803871 0.224208
vn 0.97122 -0.0803871 0.224208
vn 0.97122 -0.0803871 0.224208
vn 0.868192 0.303794 0.392368
vn 0.868192 0.303794 0.392368
vn 0.868192 0.303794 0.392368
vn 0.868192 0.303794 0.392368
vn 0.854451 0.196127 0.481091
vn 0.854451 0.196127 0.481091
vn 0.854451 0.196127 0.481091
vn 0.854451 0.196127 0.481091
vn 0.813002 0.0975891 0.574024
vn 0.813002 0.0975891 0.574024
vn 0.813002 0.0975891 0.574024
vn 0.813002 0.0975891 0.574024
vn 0.602697 0.451615 0.657876
vn 0.602697 0.451615 0.657876
vn 0.602697 0.451615 0.657876
vn 0.602697 0.451615 0.657876
vn 0.572802 0.377776 0.72745
vn 0.572802 0.377776 0.72745
vn 0.572802 0.377776 0.72745
vn 0.572802 0.377776 0.72745
vn 0.528233 0.316145 0.78805
vn 0.528233 0.316145 0.78805
vn 0.528233 0.316145 0.78805
vn 0.528233 0.316145 0.78805
vn 0.240203 0.600914 0.762368
vn 0.240203 0.600914 0.762368
vn 0.240203 0.600914 0.762368
vn 0.240203 0.600914 0.762368
vn 0.222999 0.57468 0.787409
vn 0.222999 0.57468 0.787409
vn 0.222999 0.57468 0.787409
vn 0.222999 0.57468 0.787409
vn 0.201149 0.554922 0.807218
vn 0.201149 0.554922 0.807218
vn 0.201149 0.554922 0.807218
vn 0.201149 0.554922 0.807218
vn -0.0962085 0.747115 0.657695
vn -0.0962085 0.747115 0.657695
vn -0.0962085 0.747115 0.657695
vn -0.0962085 0.747115 0.657695
vn -0.0830026 0.760249 0.644307
vn -0.0830026 0.760249 0.644307
vn -0.0830026 0.760249 0.644307
vn -0.0830026 0.760249 0.644307
vn -0.0708553 0.767918 0.636617
vn -0.0708553 0.767918 0.636617
vn -0.0708553 0.767918 0.636617
vn -0.0708553 0.767918 0.636617
vn -0.356062 0.85398 0.379392
vn -0.356062 0.85398 0.379392
vn -0.356062 0.85398 0.379392
vn -0.356062 0.85398 0.379392
vn -0.294434 0.891925 0.34319
vn -0.294434 0.891925 0.34319
vn -0.294434 0.891925 0.34319
vn -0.294434 0.891925 0.34319
vn -0.214801 0.926522 0.308896
vn -0.214801 0.926522 0.308896
vn -0.214801 0.926522 0.308896
vn -0.214801 0.926522 0.308896
vn -0.476525 0.878742 -0.0271358
vn -0.476525 0.878742 -0.0271358
vn -0.476525 0.878742 -0.0271358
vn -0.476525 0.878742 -0.0271358
vn -0.347632 0.933883 -0.0837571
vn -0.347632 0.933883 -0.0837571
vn -0.347632 0.933883 -0.0837571
vn -0.347632 0.933883 -0.0837571
vn -0.228591 0.966537 -0.116413
vn -0.228591 0.966537 -0.116413
vn -0.228591 0.966537 -0.116413
vn -0.228591 0.966537 -0.116413
vn -0.425876 0.787438 -0.445613
vn -0.425876 0.787438 -0.445613
vn -0.425876 0.787438 -0.445613
vn -0.425876 0.787438 -0.445613
vn -0.274346 0.829768 -0.486024
vn -0.274346 0.829768 -0.486024
vn -0.274346 0.829768 -0.486024
vn -0.274346 0.829768 -0.486024
vn -0.0925633 0.854908 -0.510456
vn -0.0925633 0.854908 -0.510456
vn -0.0925633 0.854908 -0.510456
vn -0.0925633 0.854908 -0.510456
vn -0.279001 0.574415 -0.769549
vn -0.279001 0.574415 -0.769549
vn -0.279001 0.574415 -0.769549
vn -0.279001 0.574415 -0.769549
vn -0.100716 0.599822 -0.793769
vn -0.100716 0.599822 -0.793769
vn -0.100716 0.599822 -0.793769
vn -0.100716 0.599822 -0.793769
vn 0.0747661 0.601499 -0.795367
vn 0.0747661 0.601499 -0.795367
vn 0.0747661 0.601499 -0.795367
vn 0.0747661 0.601499 -0.795367
vn -0.0830823 0.264729 -0.960737
vn -0.0830823 0.264729 -0.960737
vn -0.0830823 0.264729 -0.960737
vn -0.0830823 0.264729 -0.960737
vn 0.06542 0.263202 -0.96252
vn 0.06542 0.263202 -0.96252
vn 0.06542 0.263202 -0.96252
vn 0.06542 0.263202 -0.96252
vn 0.224247 0.244348 -0.943402
vn 0.224247 0.244348 -0.943402
vn 0.224247 0.244348 -0.943402
vn 0.224247 0.244348 -0.943402
vn 0.0434051 -0.141238 -0.989024
vn 0.0434051 -0.141238 -0.989024
vn 0.0434051 -0.141238 -0.989024
vn 0.0434051 -0.141238 -0.989024
vn 0.154144 -0.145186 -0.977323
vn 0.154144 -0.145186 -0.977323
vn 0.154144 -0.145186 -0.977323
vn 0.154144 -0.145186 -0.977323
vn 0.253467 -0.170369 -0.952223
vn 0.253467 -0.170369 -0.952223
vn 0.253467 -0.170369 -0.952223
vn 0.253467 -0.170369 -0.952223
vn 0.0611696 -0.526068 -0.848239
vn 0.0611696 -0.526068 -0.848239
vn 0.0611696 -0.526068 -0.848239
vn 0.0611696 -0.526068 -0.848239
vn 0.0983168 -0.530463 -0.841987
vn 0.0983168 -0.530463 -0.841987
vn 0.0983168 -0.530463 -0.841987
vn 0.0983168 -0.530463 -0.841987
vn 0.140551 -0.54745 -0.824951
vn 0.140551 -0.54745 -0.824951
vn 0.140551 -0.54745 -0.824951
vn 0.140551 -0.54745 -0.824951
vn -0.0585891 -0.78875 -0.611915
vn -0.0585891 -0.78875 -0.611915
vn -0.0585891 -0.78875 -0.611915
vn -0.0585891 -0.78875 -0.611915
vn -0.080878 -0.783525 -0.616075
vn -0.080878 -0.783525 -0.616075
vn -0.080878 -0.783525 -0.616075
vn -0.080878 -0.783525 -0.616075
vn -0.0986386 -0.773276 -0.62635
vn -0.0986386 -0.773276 -0.62635
vn -0.0986386 -0.773276 -0.62635
vn -0.0986386 -0.773276 -0.62635
vn -0.282786 -0.903642 -0.321658
vn -0.282786 -0.903642 -0.321658
vn -0.282786 -0.903642 -0.321658
vn -0.282786 -0.903642 -0.321658
vn -0.353508 -0.863428 -0.359895
vn -0.353508 -0.863428 -0.359895
vn -0.353508 -0.863428 -0.359895
vn -0.353508 -0.863428 -0.359895
vn -0.411757 -0.814932 -0.407849
vn -0.411757 -0.814932 -0.407849
vn -0.411757 -0.814932 -0.407849
vn -0.411757 -0.814932 -0.407849
vn -0.56879 -0.821872 -0.0316943
vn -0.56879 -0.821872 -0.0316943
vn -0.56879 -0.821872 -0.0316943
vn -0.56879 -0.821872 -0.0316943
vn -0.651198 -0.750809 -0.110577
vn -0.651198 -0.750809 -0.110577
vn -0.651198 -0.750809 -0.110577
vn -0.651198 -0.750809 -0.110577
vn -0.719756 -0.667352 -0.191292
vn -0.719756 -0.667352 -0.191292
vn -0.719756 -0.667352 -0.191292
vn -0.719756 -0.667352 -0.191292
vn -0.796795 -0.562146 0.221608
vn -0.796795 -0.562146 0.221608
vn -0.796795 -0.562146 0.221608
vn -0.796795 -0.562146 0.221608
vn -0.875942 -0.469349 0.111524
vn -0.875942 -0.469349 0.111524
vn -0.875942 -0.469349 0.111524
vn -0.875942 -0.469349 0.111524
vn -0.92784 -0.372544 0.0179994
vn -0.92784 -0.372544 0.0179994
vn -0.92784 -0.372544 0.0179994
vn -0.92784 -0.372544 0.0179994
vn -0.896727 -0.198143 0.395753
vn -0.896727 -0.198143 0.395753
vn -0.896727 -0.198143 0.395753
vn -0.896727 -0.198143 0.395753
vn -0.954543 -0.104442 0.279176
vn -0.954543 -0.104442 0.279176
vn -0.954543 -0.104442 0.279176
vn -0.954543 -0.104442 0.279176
vn -0.983632 -0.00651348 0.180069
vn -0.983632 -0.00651348 0.180069
vn -0.983632 -0.00651348 0.180069
vn -0.983632 -0.00651348 0.180069
vn -0.828706 0.191632 0.525855
vn -0.828706 0.191632 0.525855
vn -0.828706 0.191632 0.525855
vn -0.828706 0.191632 0.525855
vn -0.86057 0.277898 0.426839
vn -0.86057 0.277898 0.426839
vn -0.86057 0.277898 0.426839
vn -0.86057 0.277898 0.426839
vn -0.867899 0.323939 0.376584
vn -0.867899 0.323939 0.376584
vn -0.867899 0.323939 0.376584
vn -0.867899 0.323939 0.376584
vn -0.606701 0.530752 0.591791
vn -0.606701 0.530752 0.591791
vn -0.606701 0.530752 0.591791
vn -0.606701 0.530752 0.591791
vn -0.624519 0.544189 0.560209
vn -0.624519 0.544189 0.560209
vn -0.624519 0.544189 0.560209
vn -0.624519 0.544189 0.560209
vn -0.62456 0.544524 0.559838
vn -0.62456 0.544524 0.559838
vn -0.62456 0.544524 0.559838
vn -0.62456 0.544524 0.559838
vn -0.254804 0.690163 0.677311
vn -0.254804 0.690163 0.677311
vn -0.254804 0.690163 0.677311
vn -0.254804 0.690163 0.677311
vn -0.262848 0.693875 0.670409
vn -0.262848 0.693875 0.670409
vn -0.262848 0.693875 0.670409
vn -0.262848 0.693875 0.670409
vn -0.262949 0.694634 0.669583
vn -0.262949 0.694634 0.669583
vn -0.262949 0.694634 0.669583
vn -0.262949 0.694634 0.669583
vn 0.127106 0.73119 0.670227
vn 0.127106 0.73119 0.670227
vn 0.127106 0.73119 0.670227
vn 0.127106 0.73119 0.670227
vn 0.126837 0.726348 0.675523
vn 0.126837 0.726348 0.675523
vn 0.126837 0.726348 0.675523
vn 0.126837 0.726348 0.675523
vn 0.129019 0.710643 0.691622
vn 0.129019 0.710643 0.691622
vn 0.129019 0.710643 0.691622
vn 0.129019 0.710643 0.691622
vn 0.498256 0.65434 0.568842
vn 0.498256 0.65434 0.568842
vn 0.498256 0.65434 0.568842
vn 0.498256 0.65434 0.568842
vn 0.49179 0.646147 0.583641
vn 0.49179 0.646147 0.583641
vn 0.49179 0.646147 0.583641
vn 0.49179 0.646147 0.583641
vn 0.500657 0.590108 0.633336
vn 0.500657 0.590108 0.633336
vn 0.500657 0.590108 0.633336
vn 0.500657 0.590108 0.633336
vn 0.788203 0.485314 0.378426
vn 0.788203 0.485314 0.378426
vn 0.788203 0.485314 0.378426
vn 0.788203 0.485314 0.378426
vn 0.794629 0.443435 0.414645
vn 0.794629 0.443435 0.414645
vn 0.794629 0.443435 0.414645
vn 0.794629 0.443435 0.414645
vn 0.803541 0.378928 0.459059
vn 0.803541 0.378928 0.459059
vn 0.803541 0.378928 0.459059
vn 0.803541 0.378928 0.459059
vn 0.964666 0.232873 0.123244
vn 0.964666 0.232873 0.123244
vn 0.964666 0.232873 0.123244
vn 0.964666 0.232873 0.123244
vn 0.970617 0.177555 0.162411
vn 0.970617 0.177555 0.162411
vn 0.970617 0.177555 0.162411
vn 0.970617 0.177555 0.162411
vn 0.974189 0.126101 0.18723
vn 0.974189 0.126101 0.18723
vn 0.974189 0.126101 0.18723
vn 0.974189 0.126101 0.18723
vn 0.985278 -0.0318515 -0.167966
vn 0.985278 -0.0318515 -0.167966
vn 0.985278 -0.0318515 -0.167966
vn 0.985278 -0.0318515 -0.167966
vn 0.985913 -0.0486454 -0.160028
vn 0.985913 -0.0486454 -0.160028
vn 0.985913 -0.0486454 -0.160028
vn 0.985913 -0.0486454 -0.160028
vn 0.985848 -0.0394101 -0.162945
vn 0.985848 -0.0394101 -0.162945
vn 0.985848 -0.0394101 -0.162945
vn 0.985848 -0.0394101 -0.162945
vn 0.840832 -0.212623 -0.497789
vn 0.840832 -0.212623 -0.497789
vn 0.840832 -0.212623 -0.497789
vn 0.840832 -0.212623 -0.497789
vn 0.842124 -0.153517 -0.516972
vn 0.842124 -0.153517 -0.516972
vn 0.842124 -0.153517 -0.516972
vn 0.842124 -0.153517 -0.516972
vn 0.844331 -0.112468 -0.523886
vn 0.844331 -0.112468 -0.523886
vn 0.844331 -0.112468 -0.523886
vn 0.844331 -0.112468 -0.523886
vn 0.585148 -0.249649 -0.771542
vn 0.585148 -0.249649 -0.771542
vn 0.585148 -0.249649 -0.771542
vn 0.585148 -0.249649 -0.771542
vn 0.583583 -0.119421 -0.803224
vn 0.583583 -0.119421 -0.803224
vn 0.583583 -0.119421 -0.803224
vn 0.583583 -0.119421 -0.803224
vn 0.593982 -0.038089 -0.803576
vn 0.593982 -0.038089 -0.803576
vn 0.593982 -0.038089 -0.803576
vn 0.593982 -0.038089 -0.803576
vn 0.206417 -0.113744 -0.97183
vn 0.206417 -0.113744 -0.97183
vn 0.206417 -0.113744 -0.97183
vn 0.206417 -0.113744 -0.97183
vn 0.217523 0.0292102 -0.975618
vn 0.217523 0.0292102 -0.975618
vn 0.217523 0.0292102 -0.975618
vn 0.217523 0.0292102 -0.975618
vn 0.247051 0.165315 -0.954796
vn 0.247051 0.165315 -0.954796
vn 0.247051 0.165315 -0.954796
vn 0.247051 0.165315 -0.954796
vn -0.15238 0.094727 -0.983772
vn -0.15238 0.094727 -0.983772
vn -0.15238 0.094727 -0.983772
vn -0.15238 0.094727 -0.983772
vn -0.120319 0.257959 -0.958635
vn -0.120319 0.257959 -0.958635
vn -0.120319 0.257959 -0.958635
vn -0.120319 0.257959 -0.958635
vn -0.0774195 0.39845 -0.913917
vn -0.0774195 0.39845 -0.913917
vn -0.0774195 0.39845 -0.913917
vn -0.0774195 0.39845 -0.913917
vn -0.482714 0.324747 -0.813343
vn -0.482714 0.324747 -0.813343
vn -0.482714 0.324747 -0.813343
vn -0.482714 0.324747 -0.813343
vn -0.439494 0.472119 -0.764165
vn -0.439494 0.472119 -0.764165
vn -0.439494 0.472119 -0.764165
vn -0.439494 0.472119 -0.764165
vn -0.375615 0.623208 -0.685948
vn -0.375615 0.623208 -0.685948
vn -0.375615 0.623208 -0.685948
vn -0.375615 0.623208 -0.685948
vn -0.721576 0.481267 -0.497705
vn -0.721576 0.481267 -0.497705
vn -0.721576 0.481267 -0.497705
vn -0.721576 0.481267 -0.497705
vn -0.66368 0.607189 -0.436865
vn -0.66368 0.607189 -0.436865
vn -0.66368 0.607189 -0.436865
vn -0.66368 0.607189 -0.436865
vn -0.601723 0.717212 -0.351479
vn -0.601723 0.717212 -0.351479
vn -0.601723 0.717212 -0.351479
vn -0.601723 0.717212 -0.351479
vn -0.866836 0.485219 -0.114706
vn -0.866836 0.485219 -0.114706
vn -0.866836 0.485219 -0.114706
vn -0.866836 0.485219 -0.114706
vn -0.819322 0.571489 -0.0459509
vn -0.819322 0.571489 -0.0459509
vn -0.819322 0.571489 -0.0459509
vn -0.819322 0.571489 -0.0459509
vn -0.766478 0.641437 0.0326972
vn -0.766478 0.641437 0.0326972
vn -0.766478 0.641437 0.0326972
vn -0.766478 0.641437 0.0326972
vn -0.90194 0.343617 0.261595
vn -0.90194 0.343617 0.261595
vn -0.90194 0.343617 0.261595
vn -0.90194 0.343617 0.261595
vn -0.878397 0.373515 0.298169
vn -0.878397 0.373515 0.298169
vn -0.878397 0.373515 0.298169
vn -0.878397 0.373515 0.298169
vn -0.849911 0.39982 0.343213
vn -0.849911 0.39982 0.343213
vn -0.849911 0.39982 0.343213
vn -0.849911 0.39982 0.343213
vn -0.859872 0.0585 0.507147
vn -0.859872 0.0585 0.507147
vn -0.859872 0.0585 0.507147
vn -0.859872 0.0585 0.507147
vn -0.859748 0.0536539 0.507892
vn -0.859748 0.0536539 0.507892
vn -0.859748 0.0536539 0.507892
vn -0.859748 0.0536539 0.507892
vn -0.857956 0.0546015 0.510814
vn -0.857956 0.0546015 0.510814
vn -0.857956 0.0546015 0.510814
vn -0.857956 0.0546015 0.510814
vn -0.73949 -0.308097 0.598524
vn -0.73949 -0.308097 0.598524
vn -0.73949 -0.308097 0.598524
vn -0.73949 -0.308097 0.598524
vn -0.778714 -0.31886 0.540308
vn -0.778714 -0.31886 0.540308
vn -0.778714 -0.31886 0.540308
vn -0.778714 -0.31886 0.540308
vn -0.81571 -0.32538 0.478274
vn -0.81571 -0.32538 0.478274
vn -0.81571 -0.32538 0.478274
vn -0.81571 -0.32538 0.478274
vn -0.567373 -0.669169 0.479896
vn -0.567373 -0.669169 0.479896
vn -0.567373 -0.669169 0.479896
vn -0.567373 -0.669169 0.479896
vn -0.630215 -0.687261 0.361248
vn -0.630215 -0.687261 0.361248
vn -0.630215 -0.687261 0.361248
vn -0.630215 -0.687261 0.361248
vn -0.684821 -0.676645 0.270501
vn -0.684821 -0.676645 0.270501
vn -0.684821 -0.676645 0.270501
vn -0.684821 -0.676645 0.270501
vn -0.355206 -0.909607 0.215507
vn -0.355206 -0.909607 0.215507
vn -0.355206 -0.909607 0.215507
vn -0.355206 -0.909607 0.215507
vn -0.438206 -0.896252 0.0686101
vn -0.438206 -0.896252 0.0686101
vn -0.438206 -0.896252 0.0686101
vn -0.438206 -0.896252 0.0686101
vn -0.515975 -0.854941 -0.0533473
vn -0.515975 -0.854941 -0.0533473
vn -0.515975 -0.854941 -0.0533473
vn -0.515975 -0.854941 -0.0533473
vn -0.105434 -0.986508 -0.125241
vn -0.105434 -0.986508 -0.125241
vn -0.105434 -0.986508 -0.125241
vn -0.105434 -0.986508 -0.125241
vn -0.201086 -0.938603 -0.280335
vn -0.201086 -0.938603 -0.280335
vn -0.201086 -0.938603 -0.280335
vn -0.201086 -0.938603 -0.280335
vn -0.289735 -0.862642 -0.41461
vn -0.289735 -0.862642 -0.41461
vn -0.289735 -0.862642 -0.41461
vn -0.289735 -0.862642 -0.41461
vn 0.120336 -0.884699 -0.450364
vn 0.120336 -0.884699 -0.450364
vn 0.120336 -0.884699 -0.450364
vn 0.120336 -0.884699 -0.450364
vn 0.0409584 -0.813548 -0.580053
vn 0.0409584 -0.813548 -0.580053
vn 0.0409584 -0.813548 -0.580053
vn 0.0409584 -0.813548 -0.580053
vn -0.0431403 -0.708269 -0.704623
vn -0.0431403 -0.708269 -0.704623
vn -0.0431403 -0.708269 -0.704623
vn -0.0431403 -0.708269 -0.704623
vn 0.390737 -0.618869 -0.681414
vn 0.390737 -0.618869 -0.681414
vn 0.390737 -0.618869 -0.681414
vn 0.390737 -0.618869 -0.681414
vn 0.326367 -0.53211 -0.781245
vn 0.326367 -0.53211 -0.781245
vn 0.326367 -0.53211 -0.781245
vn 0.326367 -0.53211 -0.781245
vn 0.277003 -0.446882 -0.850627
vn 0.277003 -0.446882 -0.850627
vn 0.277003 -0.446882 -0.850627
vn 0.277003 -0.446882 -0.850627
vn 0.620234 -0.292041 -0.728026
vn 0.620234 -0.292041 -0.728026
vn 0.620234 -0.292041 -0.728026
vn 0.620234 -0.292041 -0.728026
vn 0.585535 -0.239522 -0.774453
vn 0.585535 -0.239522 -0.774453
vn 0.585535 -0.239522 -0.774453
vn 0.585535 -0.239522 -0.774453
vn 0.552492 -0.160431 -0.817933
vn 0.552492 -0.160431 -0.817933
vn 0.552492 -0.160431 -0.817933
vn 0.552492 -0.160431 -0.817933
vn 0.818157 0.0167685 -0.57475
vn 0.818157 0.0167685 -0.57475
vn 0.818157 0.0167685 -0.57475
vn 0.818157 0.0167685 -0.57475
vn 0.814992 0.032996 -0.578532
vn 0.814992 0.032996 -0.578532
vn 0.814992 0.032996 -0.578532
vn 0.814992 0.032996 -0.578532
vn 0.810313 0.0486753 -0.583973
vn 0.810313 0.0486753 -0.583973
vn 0.810313 0.0486753 -0.583973
vn 0.810313 0.0486753 -0.583973
vn 0.938066 0.209795 -0.275715
vn 0.938066 0.209795 -0.275715
vn 0.938066 0.209795 -0.275715
vn 0.938066 0.209795 -0.275715
vn 0.949219 0.17113 -0.264004
vn 0.949219 0.17113 -0.264004
vn 0.949219 0.17113 -0.264004
vn 0.949219 0.17113 -0.264004
vn 0.95911 0.121259 -0.255744
vn 0.95911 0.121259 -0.255744
vn 0.95911 0.121259 -0.255744
vn 0.95911 0.121259 -0.255744
vn 0.950407 0.274537 0.146138
vn 0.950407 0.274537 0.146138
vn 0.950407 0.274537 0.146138
vn 0.950407 0.274537 0.146138
vn 0.974572 0.160563 0.156297
vn 0.974572 0.160563 0.156297
vn 0.974572 0.160563 0.156297
vn 0.974572 0.160563 0.156297
vn 0.985593 0.0656789 0.155862
vn 0.985593 0.0656789 0.155862
vn 0.985593 0.0656789 0.155862
vn 0.985593 0.0656789 0.155862
vn 0.836371 0.168689 0.521563
vn 0.836371 0.168689 0.521563
vn 0.836371 0.168689 0.521563
vn 0.836371 0.168689 0.521563
vn 0.857268 0.0280293 0.514107
vn 0.857268 0.0280293 0.514107
vn 0.857268 0.0280293 0.514107
vn 0.857268 0.0280293 0.514107
vn 0.865572 -0.132876 0.482834
vn 0.865572 -0.132876 0.482834
vn 0.865572 -0.132876 0.482834
vn 0.865572 -0.132876 0.482834
vn 0.59074 -0.0273793 0.806397
vn 0.59074 -0.0273793 0.806397
vn 0.59074 -0.0273793 0.806397
vn 0.59074 -0.0273793 0.806397
vn 0.606356 -0.223914 0.763017
vn 0.606356 -0.223914 0.763017
vn 0.606356 -0.223914 0.763017
vn 0.606356 -0.223914 0.763017
vn 0.602822 -0.386278 0.698137
vn 0.602822 -0.386278 0.698137
vn 0.602822 -0.386278 0.698137
vn 0.602822 -0.386278 0.698137
vn 0.25261 -0.29064 0.922885
vn 0.25261 -0.29064 0.922885
vn 0.25261 -0.29064 0.922885
vn 0.25261 -0.29064 0.922885
vn 0.274347 -0.445857 0.852024
vn 0.274347 -0.445857 0.852024
vn 0.274347 -0.445857 0.852024
vn 0.274347 -0.445857 0.852024
vn 0.269002 -0.537163 0.799433
vn 0.269002 -0.537163 0.799433
vn 0.269002 -0.537163 0.799433
vn 0.269002 -0.537163 0.799433
vn -0.13052 -0.430115 0.893289
vn -0.13052 -0.430115 0.893289
vn -0.13052 -0.430115 0.893289
vn -0.13052 -0.430115 0.893289
vn -0.13005 -0.536994 0.833501
vn -0.13005 -0.536994 0.833501
vn -0.13005 -0.536994 0.833501
vn -0.13005 -0.536994 0.833501
vn -0.133519 -0.598483 0.789931
vn -0.133519 -0.598483 0.789931
vn -0.133519 -0.598483 0.789931
vn -0.133519 -0.598483 0.789931
vn -0.503832 -0.441899 0.742212
vn -0.503832 -0.441899 0.742212
vn -0.503832 -0.441899 0.742212
vn -0.503832 -0.441899 0.742212
vn -0.500476 -0.494895 0.710354
vn -0.500476 -0.494895 0.710354
vn -0.500476 -0.494895 0.710354
vn -0.500476 -0.494895 0.710354
vn -0.503786 -0.54829 0.667516
vn -0.503786 -0.54829 0.667516
vn -0.503786 -0.54829 0.667516
vn -0.503786 -0.54829 0.667516
vn -0.793541 -0.307642 0.525023
vn -0.793541 -0.307642 0.525023
vn -0.793541 -0.307642 0.525023
vn -0.793541 -0.307642 0.525023
vn -0.796038 -0.36433 0.483309
vn -0.796038 -0.36433 0.483309
vn -0.796038 -0.36433 0.483309
vn -0.796038 -0.36433 0.483309
vn -0.794618 -0.348682 0.496994
vn -0.794618 -0.348682 0.496994
vn -0.794618 -0.348682 0.496994
vn -0.794618 -0.348682 0.496994
vn -0.964498 -0.0848542 0.250085
vn -0.964498 -0.0848542 0.250085
vn -0.964498 -0.0848542 0.250085
vn -0.964498 -0.0848542 0.250085
vn -0.966386 -0.0923281 0.239947
vn -0.966386 -0.0923281 0.239947
vn -0.966386 -0.0923281 0.239947
vn -0.966386 -0.0923281 0.239947
vn -0.970236 -0.128919 0.204995
vn -0.970236 -0.128919 0.204995
vn -0.970236 -0.128919 0.204995
vn -0.970236 -0.128919 0.204995
vn -0.979449 0.194927 -0.0517876
vn -0.979449 0.194927 -0.0517876
vn -0.979449 0.194927 -0.0517876
vn -0.979449 0.194927 -0.0517876
vn -0.985513 0.155015 -0.0688051
vn -0.985513 0.155015 -0.0688051
vn -0.985513 0.155015 -0.0688051
vn -0.985513 0.155015 -0.0688051
vn -0.98604 0.148714 -0.0748979
vn -0.98604 0.148714 -0.0748979
vn -0.98604 0.148714 -0.0748979
vn -0.98604 0.148714 -0.0748979
vn -0.83315 0.440538 -0.334346
vn -0.83315 0.440538 -0.334346
vn -0.83315 0.440538 -0.334346
vn -0.83315 0.440538 -0.334346
vn -0.836265 0.4235 -0.348295
vn -0.836265 0.4235 -0.348295
vn -0.836265 0.4235 -0.348295
vn -0.836265 0.4235 -0.348295
vn -0.836556 0.421163 -0.350422
vn -0.836556 0.421163 -0.350422
vn -0.836556 0.421163 -0.350422
vn -0.836556 0.421163 -0.350422
vn -0.563911 0.623873 -0.541098
vn -0.563911 0.623873 -0.541098
vn -0.563911 0.623873 -0.541098
vn -0.563911 0.623873 -0.541098
vn -0.580047 0.609578 -0.540333
vn -0.580047 0.609578 -0.540333
vn -0.580047 0.609578 -0.540333
vn -0.580047 0.609578 -0.540333
vn -0.565199 0.659482 -0.495615
vn -0.565199 0.659482 -0.495615
vn -0.565199 0.659482 -0.495615
vn -0.565199 0.659482 -0.495615
vn -0.218329 0.713978 -0.665257
vn -0.218329 0.713978 -0.665257
vn -0.218329 0.713978 -0.665257
vn -0.218329 0.713978 -0.665257
vn -0.219671 0.724723 -0.653086
vn -0.219671 0.724723 -0.653086
vn -0.219671 0.724723 -0.653086
vn -0.219671 0.724723 -0.653086
vn -0.207732 0.74633 -0.632328
vn -0.207732 0.74633 -0.632328
vn -0.207732 0.74633 -0.632328
vn -0.207732 0.74633 -0.632328
vn 0.1571 0.662961 -0.731985
vn 0.1571 0.662961 -0.731985
vn 0.1571 0.662961 -0.731985
vn 0.1571 0.662961 -0.731985
vn 0.156303 0.647037 -0.746265
vn 0.156303 0.647037 -0.746265
vn 0.156303 0.647037 -0.746265
vn 0.156303 0.647037 -0.746265
vn 0.143038 0.63112 -0.762383
vn 0.143038 0.63112 -0.762383
vn 0.143038 0.63112 -0.762383
vn 0.143038 0.63112 -0.762383
vn 0.494031 0.439969 -0.749907
vn 0.494031 0.439969 -0.749907
vn 0.494031 0.439969 -0.749907
vn 0.494031 0.439969 -0.749907
vn 0.460204 0.383505 -0.80071
vn 0.460204 0.383505 -0.80071
vn 0.460204 0.383505 -0.80071
vn 0.460204 0.383505 -0.80071
vn 0.394504 0.328067 -0.858335
vn 0.394504 0.328067 -0.858335
vn 0.394504 0.328067 -0.858335
vn 0.394504 0.328067 -0.858335
vn 0.684102 0.0783459 -0.725167
vn 0.684102 0.0783459 -0.725167
vn 0.684102 0.0783459 -0.725167
vn 0.684102 0.0783459 -0.725167
vn 0.596031 0.000263255 -0.802961
vn 0.596031 0.000263255 -0.802961
vn 0.596031 0.000263255 -0.802961
vn 0.596031 0.000263255 -0.802961
vn 0.490082 -0.0649034 -0.869257
vn 0.490082 -0.0649034 -0.869257
vn 0.490082 -0.0649034 -0.869257
vn 0.490082 -0.0649034 -0.869257
vn 0.703299 -0.323864 -0.632837
vn 0.703299 -0.323864 -0.632837
vn 0.703299 -0.323864 -0.632837
vn 0.703299 -0.323864 -0.632837
vn 0.580608 -0.39015 -0.714616
vn 0.580608 -0.39015 -0.714616
vn 0.580608 -0.39015 -0.714616
vn 0.580608 -0.39015 -0.714616
vn 0.430359 -0.454764 -0.779731
vn 0.430359 -0.454764 -0.779731
vn 0.430359 -0.454764 -0.779731
vn 0.430359 -0.454764 -0.779731
vn 0.578261 -0.696889 -0.424217
vn 0.578261 -0.696889 -0.424217
vn 0.578261 -0.696889 -0.424217
vn 0.578261 -0.696889 -0.424217
vn 0.427952 -0.750275 -0.503928
vn 0.427952 -0.750275 -0.503928
vn 0.427952 -0.750275 -0.503928
vn 0.427952 -0.750275 -0.503928
vn 0.279251 -0.790957 -0.544431
vn 0.279251 -0.790957 -0.544431
vn 0.279251 -0.790957 -0.544431
vn 0.279251 -0.790957 -0.544431
vn 0.366357 -0.919194 -0.14445
vn 0.366357 -0.919194 -0.14445
vn 0.366357 -0.919194 -0.14445
vn 0.366357 -0.919194 -0.14445
vn 0.228771 -0.953665 -0.195414
vn 0.228771 -0.953665 -0.195414
vn 0.228771 -0.953665 -0.195414
vn 0.228771 -0.953665 -0.195414
vn 0.0854019 -0.972789 -0.215377
vn 0.0854019 -0.972789 -0.215377
vn 0.0854019 -0.972789 -0.215377
vn 0.0854019 -0.972789 -0.215377
vn 0.148681 -0.96815 0.201445
vn 0.148681 -0.96815 0.201445
vn 0.148681 -0.96815 0.201445
vn 0.148681 -0.96815 0.201445
vn 0.0487602 -0.982196 0.181422
vn 0.0487602 -0.982196 0.181422
vn 0.0487602 -0.982196 0.181422
vn 0.0487602 -0.982196 0.181422
vn -0.0428366 -0.982742 0.17995
vn -0.0428366 -0.982742 0.17995
vn -0.0428366 -0.982742 0.17995
vn -0.0428366 -0.982742 0.17995
vn 0.00372946 -0.845892 0.533341
vn 0.00372946 -0.845892 0.533341
vn 0.00372946 -0.845892 0.533341
vn 0.00372946 -0.845892 0.533341
vn -0.0128152 -0.84649 0.53225
vn -0.0128152 -0.84649 0.53225
vn -0.0128152 -0.84649 0.53225
vn -0.0128152 -0.84649 0.53225
vn -0.0548787 -0.841633 0.537254
vn -0.0548787 -0.841633 0.537254
vn -0.0548787 -0.841633 0.537254
vn -0.0548787 -0.841633 0.537254
vn 0.0136501 -0.570885 0.820917
vn 0.0136501 -0.570885 0.820917
vn 0.0136501 -0.570885 0.820917
vn 0.0136501 -0.570885 0.820917
vn 0.04405 -0.579402 0.813851
vn 0.04405 -0.579402 0.813851
vn 0.04405 -0.579402 0.813851
vn 0.04405 -0.579402 0.813851
vn 0.0763956 -0.587602 0.805536
vn 0.0763956 -0.587602 0.805536
vn 0.0763956 -0.587602 0.805536
vn 0.0763956 -0.587602 0.805536
vn 0.141678 -0.21688 0.965863
vn 0.141678 -0.21688 0.965863
vn 0.141678 -0.21688 0.965863
vn 0.141678 -0.21688 0.965863
vn 0.229442 -0.241926 0.942777
vn 0.229442 -0.241926 0.942777
vn 0.229442 -0.241926 0.942777
vn 0.229442 -0.241926 0.942777
vn 0.318766 -0.277937 0.906167
vn 0.318766 -0.277937 0.906167
vn 0.318766 -0.277937 0.906167
vn 0.318766 -0.277937 0.906167
vn 0.350432 0.133353 0.927046
vn 0.350432 0.133353 0.927046
vn 0.350432 0.133353 0.927046
vn 0.350432 0.133353 0.927046
vn 0.481583 0.0800728 0.872735
vn 0.481583 0.0800728 0.872735
vn 0.481583 0.0800728 0.872735
vn 0.481583 0.0800728 0.872735
vn 0.592831 0.013167 0.805219
vn 0.592831 0.013167 0.805219
vn 0.592831 0.013167 0.805219
vn 0.592831 0.013167 0.805219
vn 0.567401 0.415085 0.711168
vn 0.567401 0.415085 0.711168
vn 0.567401 0.415085 0.711168
vn 0.567401 0.415085 0.711168
vn 0.699689 0.340845 0.627901
vn 0.699689 0.340845 0.627901
vn 0.699689 0.340845 0.627901
vn 0.699689 0.340845 0.627901
vn 0.807238 0.247156 0.535985
vn 0.807238 0.247156 0.535985
vn 0.807238 0.247156 0.535985
vn 0.807238 0.247156 0.535985
vn 0.694406 0.620998 0.363541
vn 0.694406 0.620998 0.363541
vn 0.694406 0.620998 0.363541
vn 0.694406 0.620998 0.363541
vn 0.812038 0.519538 0.265847
vn 0.812038 0.519538 0.265847
vn 0.812038 0.519538 0.265847
vn 0.812038 0.519538 0.265847
vn 0.902773 0.401983 0.153003
vn 0.902773 0.401983 0.153003
vn 0.902773 0.401983 0.153003
vn 0.902773 0.401983 0.153003
vn 0.691265 0.720868 -0.0500242
vn 0.691265 0.720868 -0.0500242
vn 0.691265 0.720868 -0.0500242
vn 0.691265 0.720868 -0.0500242
vn 0.764431 0.627625 -0.14742
vn 0.764431 0.627625 -0.14742
vn 0.764431 0.627625 -0.14742
vn 0.764431 0.627625 -0.14742
vn 0.813316 0.530009 -0.240016
vn 0.813316 0.530009 -0.240016
vn 0.813316 0.530009 -0.240016
vn 0.813316 0.530009 -0.240016
vn 0.514516 0.75025 -0.415208
vn 0.514516 0.75025 -0.415208
vn 0.514516 0.75025 -0.415208
vn 0.514516 0.75025 -0.415208
vn 0.551907 0.688736 -0.470152
vn 0.551907 0.688736 -0.470152
vn 0.551907 0.688736 -0.470152
vn 0.551907 0.688736 -0.470152
vn 0.575399 0.603203 -0.552324
vn 0.575399 0.603203 -0.552324
vn 0.575399 0.603203 -0.552324
vn 0.575399 0.603203 -0.552324
vn 0.192935 0.727448 -0.65848
vn 0.192935 0.727448 -0.65848
vn 0.192935 0.727448 -0.65848
vn 0.192935 0.727448 -0.65848
vn 0.191344 0.702018 -0.685972
vn 0.191344 0.702018 -0.685972
vn 0.191344 0.702018 -0.685972
vn 0.191344 0.702018 -0.685972
vn 0.191652 0.64381 -0.740795
vn 0.191652 0.64381 -0.740795
vn 0.191652 0.64381 -0.740795
vn 0.191652 0.64381 -0.740795
vn -0.193772 0.675768 -0.711189
vn -0.193772 0.675768 -0.711189
vn -0.193772 0.675768 -0.711189
vn -0.193772 0.675768 -0.711189
vn -0.182156 0.667622 -0.721872
vn -0.182156 0.667622 -0.721872
vn -0.182156 0.667622 -0.721872
vn -0.182156 0.667622 -0.721872
vn -0.192122 0.62564 -0.756085
vn -0.192122 0.62564 -0.756085
vn -0.192122 0.62564 -0.756085
vn -0.192122 0.62564 -0.756085
vn -0.566241 0.575141 -0.590409
vn -0.566241 0.575141 -0.590409
vn -0.566241 0.575141 -0.590409
vn -0.566241 0.575141 -0.590409
vn -0.559178 0.602177 -0.569826
vn -0.559178 0.602177 -0.569826
vn -0.559178 0.602177 -0.569826
vn -0.559178 0.602177 -0.569826
vn -0.556604 0.60831 -0.565819
vn -0.556604 0.60831 -0.565819
vn -0.556604 0.60831 -0.565819
vn -0.556604 0.60831 -0.565819
vn -0.816045 0.489328 -0.307617
vn -0.816045 0.489328 -0.307617
vn -0.816045 0.489328 -0.307617
vn -0.816045 0.489328 -0.307617
vn -0.791345 0.550097 -0.266771
vn -0.791345 0.550097 -0.266771
vn -0.791345 0.550097 -0.266771
vn -0.791345 0.550097 -0.266771
vn -0.754704 0.612681 -0.234615
vn -0.754704 0.612681 -0.234615
vn -0.754704 0.612681 -0.234615
vn -0.754704 0.612681 -0.234615
vn -0.9091 0.409656 0.0756283
vn -0.9091 0.409656 0.0756283
vn -0.9091 0.409656 0.0756283
vn -0.9091 0.409656 0.0756283
vn -0.849469 0.510588 0.133053
vn -0.849469 0.510588 0.133053
vn -0.849469 0.510588 0.133053
vn -0.849469 0.510588 0.133053
vn -0.771554 0.612742 0.17103
vn -0.771554 0.612742 0.17103
vn -0.771554 0.612742 0.17103
vn -0.771554 0.612742 0.17103
vn -0.813318 0.344489 0.468871
vn -0.813318 0.344489 0.468871
vn -0.813318 0.344489 0.468871
vn -0.813318 0.344489 0.468871
vn -0.720597 0.458209 0.520369
vn -0.720597 0.458209 0.520369
vn -0.720597 0.458209 0.520369
vn -0.720597 0.458209 0.520369
vn -0.602732 0.581354 0.546572
vn -0.602732 0.581354 0.546572
vn -0.602732 0.581354 0.546572
vn -0.602732 0.581354 0.546572
vn -0.552914 0.235596 0.799237
vn -0.552914 0.235596 0.799237
vn -0.552914 0.235596 0.799237
vn -0.552914 0.235596 0.799237
vn -0.427019 0.351156 0.833273
vn -0.427019 0.351156 0.833273
vn -0.427019 0.351156 0.833273
vn -0.427019 0.351156 0.833273
vn -0.288743 0.465583 0.836576
vn -0.288743 0.465583 0.836576
vn -0.288743 0.465583 0.836576
vn -0.288743 0.465583 0.836576
vn -0.20333 0.096088 0.974384
vn -0.20333 0.096088 0.974384
vn -0.20333 0.096088 0.974384
vn -0.20333 0.096088 0.974384
vn -0.0839245 0.190519 0.97809
vn -0.0839245 0.190519 0.97809
vn -0.0839245 0.190519 0.97809
vn -0.0839245 0.190519 0.97809
vn 0.0422324 0.275631 0.960335
vn 0.0422324 0.275631 0.960335
vn 0.0422324 0.275631 0.960335
vn 0.0422324 0.275631 0.960335
vn 0.145067 -0.113533 0.982887
vn 0.145067 -0.113533 0.982887
vn 0.145067 -0.113533 0.982887
vn 0.145067 -0.113533 0.982887
vn 0.244606 -0.05614 0.967996
vn 0.244606 -0.05614 0.967996
vn 0.244606 -0.05614 0.967996
vn 0.244606 -0.05614 0.967996
vn 0.342551 -0.0019277 0.939497
vn 0.342551 -0.0019277 0.939497
vn 0.342551 -0.0019277 0.939497
vn 0.342551 -0.0019277 0.939497
vn 0.401554 -0.380958 0.832842
vn 0.401554 -0.380958 0.832842
vn 0.401554 -0.380958 0.832842
vn 0.401554 -0.380958 0.832842
vn 0.459098 -0.356403 0.813761
vn 0.459098 -0.356403 0.813761
vn 0.459098 -0.356403 0.813761
vn 0.459098 -0.356403 0.813761
vn 0.504721 -0.336617 0.79495
vn 0.504721 -0.336617 0.79495
vn 0.504721 -0.336617 0.79495
vn 0.504721 -0.336617 0.79495
vn 0.496063 -0.661318 0.562655
vn 0.496063 -0.661318 0.562655
vn 0.496063 -0.661318 0.562655
vn 0.496063 -0.661318 0.562655
vn 0.494153 -0.662839 0.562545
vn 0.494153 -0.662839 0.562545
vn 0.494153 -0.662839 0.562545
vn 0.494153 -0.662839 0.562545
vn 0.484185 -0.66614 0.567294
vn 0.484185 -0.66614 0.567294
vn 0.484185 -0.66614 0.567294
vn 0.484185 -0.66614 0.567294
vn 0.415698 -0.872245 0.25765
vn 0.415698 -0.872245 0.25765
vn 0.415698 -0.872245 0.25765
vn 0.415698 -0.872245 0.25765
vn 0.373632 -0.886153 0.274103
vn 0.373632 -0.886153 0.274103
vn 0.373632 -0.886153 0.274103
vn 0.373632 -0.886153 0.274103
vn 0.328972 -0.896327 0.297279
vn 0.328972 -0.896327 0.297279
vn 0.328972 -0.896327 0.297279
vn 0.328972 -0.896327 0.297279
vn 0.197408 -0.977916 -0.0686293
vn 0.197408 -0.977916 -0.0686293
vn 0.197408 -0.977916 -0.0686293
vn 0.197408 -0.977916 -0.0686293
vn 0.135192 -0.990346 -0.0306373
vn 0.135192 -0.990346 -0.0306373
vn 0.135192 -0.990346 -0.0306373
vn 0.135192 -0.990346 -0.0306373
vn 0.0611546 -0.998079 0.00990771
vn 0.0611546 -0.998079 0.00990771
vn 0.0611546 -0.998079 0.00990771
vn 0.0611546 -0.998079 0.00990771
vn -0.0722432 -0.933312 -0.351723
vn -0.0722432 -0.933312 -0.351723
vn -0.0722432 -0.933312 -0.351723
vn -0.0722432 -0.933312 -0.351723
vn -0.144822 -0.940461 -0.307507
vn -0.144822 -0.940461 -0.307507
vn -0.144822 -0.940461 -0.307507
vn -0.144822 -0.940461 -0.307507
vn -0.199523 -0.94005 -0.27658
vn -0.199523 -0.94005 -0.27658
vn -0.199523 -0.94005 -0.27658
vn -0.199523 -0.94005 -0.27658
vn -0.334972 -0.725945 -0.600664
vn -0.334972 -0.725945 -0.600664
vn -0.334972 -0.725945 -0.600664
vn -0.334972 -0.725945 -0.600664
vn -0.383629 -0.72466 -0.572448
vn -0.383629 -0.72466 -0.572448
vn -0.383629 -0.72466 -0.572448
vn -0.383629 -0.72466 -0.572448
vn -0.426073 -0.719799 -0.548043
vn -0.426073 -0.719799 -0.548043
vn -0.426073 -0.719799 -0.548043
vn -0.426073 -0.719799 -0.548043
vn -0.489031 -0.408 -0.770963
vn -0.489031 -0.408 -0.770963
vn -0.489031 -0.408 -0.770963
vn -0.489031 -0.408 -0.770963
vn -0.51125 -0.402788 -0.759201
vn -0.51125 -0.402788 -0.759201
vn -0.51125 -0.402788 -0.759201
vn -0.51125 -0.402788 -0.759201
vn -0.514696 -0.402091 -0.757239
vn -0.514696 -0.402091 -0.757239
vn -0.514696 -0.402091 -0.757239
vn -0.514696 -0.402091 -0.757239
vn -0.523718 -0.0301046 -0.85136
vn -0.523718 -0.0301046 -0.85136
vn -0.523718 -0.0301046 -0.85136
vn -0.523718 -0.0301046 -0.85136
vn -0.501231 -0.0394882 -0.864412
vn -0.501231 -0.0394882 -0.864412
vn -0.501231 -0.0394882 -0.864412
vn -0.501231 -0.0394882 -0.864412
vn -0.457803 -0.052506 -0.887502
vn -0.457803 -0.052506 -0.887502
vn -0.457803 -0.052506 -0.887502
vn -0.457803 -0.052506 -0.887502
vn -0.398921 0.326771 -0.856786
vn -0.398921 0.326771 -0.856786
vn -0.398921 0.326771 -0.856786
vn -0.398921 0.326771 -0.856786
vn -0.33606 0.287152 -0.896999
vn -0.33606 0.287152 -0.896999
vn -0.33606 0.287152 -0.896999
vn -0.33606 0.287152 -0.896999
vn -0.241856 0.249428 -0.937705
vn -0.241856 0.249428 -0.937705
vn -0.241856 0.249428 -0.937705
vn -0.241856 0.249428 -0.937705
vn -0.145952 0.659531 -0.737372
vn -0.145952 0.659531 -0.737372
vn -0.145952 0.659531 -0.737372
vn -0.145952 0.659531 -0.737372
vn -0.0139673 0.602448 -0.798036
vn -0.0139673 0.602448 -0.798036
vn -0.0139673 0.602448 -0.798036
vn -0.0139673 0.602448 -0.798036
vn 0.112742 0.53759 -0.835635
vn 0.112742 0.53759 -0.835635
vn 0.112742 0.53759 -0.835635
vn 0.112742 0.53759 -0.835635
vn 0.152491 0.814889 -0.559199
vn 0.152491 0.814889 -0.559199
vn 0.152491 0.814889 -0.559199
vn 0.152491 0.814889 -0.559199
vn 0.28717 0.751141 -0.594409
vn 0.28717 0.751141 -0.594409
vn 0.28717 0.751141 -0.594409
vn 0.28717 0.751141 -0.594409
vn 0.426897 0.661728 -0.61634
vn 0.426897 0.661728 -0.61634
vn 0.426897 0.661728 -0.61634
vn 0.426897 0.661728 -0.61634
vn 0.429829 0.865876 -0.255941
vn 0.429829 0.865876 -0.255941
vn 0.429829 0.865876 -0.255941
vn 0.429829 0.865876 -0.255941
vn 0.550743 0.793048 -0.260302
vn 0.550743 0.793048 -0.260302
vn 0.550743 0.793048 -0.260302
vn 0.550743 0.793048 -0.260302
vn 0.655959 0.708598 -0.260013
vn 0.655959 0.708598 -0.260013
vn 0.655959 0.708598 -0.260013
vn 0.655959 0.708598 -0.260013
vn 0.585918 0.80405 0.101016
vn 0.585918 0.80405 0.101016
vn 0.585918 0.80405 0.101016
vn 0.585918 0.80405 0.101016
vn 0.656085 0.747268 0.105565
vn 0.656085 0.747268 0.105565
vn 0.656085 0.747268 0.105565
vn 0.656085 0.747268 0.105565
vn 0.723188 0.680361 0.118777
vn 0.723188 0.680361 0.118777
vn 0.723188 0.680361 0.118777
vn 0.723188 0.680361 0.118777
vn 0.55582 0.678666 0.48008
vn 0.55582 0.678666 0.48008
vn 0.55582 0.678666 0.48008
vn 0.55582 0.678666 0.48008
vn 0.575665 0.651905 0.49359
vn 0.575665 0.651905 0.49359
vn 0.575665 0.651905 0.49359
vn 0.575665 0.651905 0.49359
vn 0.594751 0.627679 0.502284
vn 0.594751 0.627679 0.502284
vn 0.594751 0.627679 0.502284
vn 0.594751 0.627679 0.502284
vn 0.348658 0.52437 0.776836
vn 0.348658 0.52437 0.776836
vn 0.348658 0.52437 0.776836
vn 0.348658 0.52437 0.776836
vn 0.309448 0.558057 0.769944
vn 0.309448 0.558057 0.769944
vn 0.309448 0.558057 0.769944
vn 0.309448 0.558057 0.769944
vn 0.295905 0.580257 0.758777
vn 0.295905 0.580257 0.758777
vn 0.295905 0.580257 0.758777
vn 0.295905 0.580257 0.758777
vn 0.00063409 0.390675 0.920528
vn 0.00063409 0.390675 0.920528
vn 0.00063409 0.390675 0.920528
vn 0.00063409 0.390675 0.920528
vn -0.0528099 0.486549 0.872056
vn -0.0528099 0.486549 0.872056
vn -0.0528099 0.486549 0.872056
vn -0.0528099 0.486549 0.872056
vn -0.088374 0.570155 0.81677
vn -0.088374 0.570155 0.81677
vn -0.088374 0.570155 0.81677
vn -0.088374 0.570155 0.81677
vn -0.390203 0.30953 0.867141
vn -0.390203 0.30953 0.867141
vn -0.390203 0.30953 0.867141
vn -0.390203 0.30953 0.867141
vn -0.449857 0.427705 0.784026
vn -0.449857 0.427705 0.784026
vn -0.449857 0.427705 0.784026
vn -0.449857 0.427705 0.784026
vn -0.473948 0.549894 0.687743
vn -0.473948 0.549894 0.687743
vn -0.473948 0.549894 0.687743
vn -0.473948 0.549894 0.687743
vn -0.743195 0.200278 0.638396
vn -0.743195 0.200278 0.638396
vn -0.743195 0.200278 0.638396
vn -0.743195 0.200278 0.638396
vn -0.786254 0.353706 0.506652
vn -0.786254 0.353706 0.506652
vn -0.786254 0.353706 0.506652
vn -0.786254 0.353706 0.506652
vn -0.781797 0.474535 0.404487
vn -0.781797 0.474535 0.404487
vn -0.781797 0.474535 0.404487
vn -0.781797 0.474535 0.404487
vn -0.955752 0.0785269 0.283499
vn -0.955752 0.0785269 0.283499
vn -0.955752 0.0785269 0.283499
vn -0.955752 0.0785269 0.283499
vn -0.965205 0.217078 0.145799
vn -0.965205 0.217078 0.145799
vn -0.965205 0.217078 0.145799
vn -0.965205 0.217078 0.145799
vn -0.937869 0.345096 0.0362032
vn -0.937869 0.345096 0.0362032
vn -0.937869 0.345096 0.0362032
vn -0.937869 0.345096 0.0362032
vn -0.991217 -0.0850744 -0.101253
vn -0.991217 -0.0850744 -0.101253
vn -0.991217 -0.0850744 -0.101253
vn -0.991217 -0.0850744 -0.101253
vn -0.967703 0.0558171 -0.245835
vn -0.967703 0.0558171 -0.245835
vn -0.967703 0.0558171 -0.245835
vn -0.967703 0.0558171 -0.245835
vn -0.917381 0.179312 -0.355329
vn -0.917381 0.179312 -0.355329
vn -0.917381 0.179312 -0.355329
vn -0.917381 0.179312 -0.355329
vn -0.855667 -0.2275 -0.464842
vn -0.855667 -0.2275 -0.464842
vn -0.855667 -0.2275 -0.464842
vn -0.855667 -0.2275 -0.464842
vn -0.807624 -0.117162 -0.577942
vn -0.807624 -0.117162 -0.577942
vn -0.807624 -0.117162 -0.577942
vn -0.807624 -0.117162 -0.577942
vn -0.733586 -0.0101719 -0.679521
vn -0.733586 -0.0101719 -0.679521
vn -0.733586 -0.0101719 -0.679521
vn -0.733586 -0.0101719 -0.679521
vn -0.570955 -0.396408 -0.718938
vn -0.570955 -0.396408 -0.718938
vn -0.570955 -0.396408 -0.718938
vn -0.570955 -0.396408 -0.718938
vn -0.513448 -0.326731 -0.793485
vn -0.513448 -0.326731 -0.793485
vn -0.513448 -0.326731 -0.793485
vn -0.513448 -0.326731 -0.793485
vn -0.446823 -0.265401 -0.854348
vn -0.446823 -0.265401 -0.854348
vn -0.446823 -0.265401 -0.854348
vn -0.446823 -0.265401 -0.854348
vn -0.21027 -0.58902 -0.780283
vn -0.21027 -0.58902 -0.780283
vn -0.21027 -0.58902 -0.780283
vn -0.21027 -0.58902 -0.780283
vn -0.177262 -0.56618 -0.804996
vn -0.177262 -0.56618 -0.804996
vn -0.177262 -0.56618 -0.804996
vn -0.177262 -0.56618 -0.804996
vn -0.149354 -0.548463 -0.822728
vn -0.149354 -0.548463 -0.822728
vn -0.149354 -0.548463 -0.822728
vn -0.149354 -0.548463 -0.822728
vn 0.0985092 -0.766952 -0.634099
vn 0.0985092 -0.766952 -0.634099
vn 0.0985092 -0.766952 -0.634099
vn 0.0985092 -0.766952 -0.634099
vn 0.0904082 -0.775805 -0.624462
vn 0.0904082 -0.775805 -0.624462
vn 0.0904082 -0.775805 -0.624462
vn 0.0904082 -0.775805 -0.624462
vn 0.0608612 -0.788613 -0.61187
vn 0.0608612 -0.788613 -0.61187
vn 0.0608612 -0.788613 -0.61187
vn 0.0608612 -0.788613 -0.61187
vn 0.305954 -0.891114 -0.335123
vn 0.305954 -0.891114 -0.335123
vn 0.305954 -0.891114 -0.335123
vn 0.305954 -0.891114 -0.335123
vn 0.225647 -0.931233 -0.28616
vn 0.225647 -0.931233 -0.28616
vn 0.225647 -0.931233 -0.28616
vn 0.225647 -0.931233 -0.28616
vn 0.141734 -0.954204 -0.26345
vn 0.141734 -0.954204 -0.26345
vn 0.141734 -0.954204 -0.26345
vn 0.141734 -0.954204 -0.26345
vn 0.356318 -0.931512 0.0729534
vn 0.356318 -0.931512 0.0729534
vn 0.356318 -0.931512 0.0729534
vn 0.356318 -0.931512 0.0729534
vn 0.232949 -0.963956 0.128543
vn 0.232949 -0.963956 0.128543
vn 0.232949 -0.963956 0.128543
vn 0.232949 -0.963956 0.128543
vn 0.0750858 -0.985733 0.150638
vn 0.0750858 -0.985733 0.150638
vn 0.0750858 -0.985733 0.150638
vn 0.0750858 -0.985733 0.150638
vn 0.272823 -0.842066 0.465287
vn 0.272823 -0.842066 0.465287
vn 0.272823 -0.842066 0.465287
vn 0.272823 -0.842066 0.465287
vn 0.102352 -0.85714 0.504812
vn 0.102352 -0.85714 0.504812
vn 0.102352 -0.85714 0.504812
vn 0.102352 -0.85714 0.504812
vn -0.0740877 -0.859088 0.506437
vn -0.0740877 -0.859088 0.506437
vn -0.0740877 -0.859088 0.506437
vn -0.0740877 -0.859088 0.506437
vn 0.101866 -0.607034 0.78812
vn 0.101866 -0.607034 0.78812
vn 0.101866 -0.607034 0.78812
vn 0.101866 -0.607034 0.78812
vn -0.062204 -0.603426 0.794989
vn -0.062204 -0.603426 0.794989
vn -0.062204 -0.603426 0.794989
vn -0.062204 -0.603426 0.794989
vn -0.259049 -0.580738 0.771775
vn -0.259049 -0.580738 0.771775
vn -0.259049 -0.580738 0.771775
vn -0.259049 -0.580738 0.771775
vn -0.0531859 -0.26439 0.962948
vn -0.0531859 -0.26439 0.962948
vn -0.0531859 -0.26439 0.962948
vn -0.0531859 -0.26439 0.962948
vn -0.223962 -0.237537 0.945208
vn -0.223962 -0.237537 0.945208
vn -0.223962 -0.237537 0.945208
vn -0.223962 -0.237537 0.945208
vn -0.369523 -0.20071 0.907286
vn -0.369523 -0.20071 0.907286
vn -0.369523 -0.20071 0.907286
vn -0.369523 -0.20071 0.907286
vn -0.154727 0.137129 0.978394
vn -0.154727 0.137129 0.978394
vn -0.154727 0.137129 0.978394
vn -0.154727 0.137129 0.978394
vn -0.248002 0.17239 0.953298
vn -0.248002 0.17239 0.953298
vn -0.248002 0.17239 0.953298
vn -0.248002 0.17239 0.953298
vn -0.35229 0.214538 0.910969
vn -0.35229 0.214538 0.910969
vn -0.35229 0.214538 0.910969
vn -0.35229 0.214538 0.910969
vn -0.109154 0.525845 0.843548
vn -0.109154 0.525845 0.843548
vn -0.109154 0.525845 0.843548
vn -0.109154 0.525845 0.843548
vn -0.144807 0.53488 0.832427
vn -0.144807 0.53488 0.832427
vn -0.144807 0.53488 0.832427
vn -0.144807 0.53488 0.832427
vn -0.18303 0.55693 0.810142
vn -0.18303 0.55693 0.810142
vn -0.18303 0.55693 0.810142
vn -0.18303 0.55693 0.810142
vn 0.0763621 0.777027 0.624818
vn 0.0763621 0.777027 0.624818
vn 0.0763621 0.777027 0.624818
vn 0.0763621 0.777027 0.624818
vn 0.0919335 0.76999 0.631398
vn 0.0919335 0.76999 0.631398
vn 0.0919335 0.76999 0.631398
vn 0.0919335 0.76999 0.631398
vn 0.113362 0.752085 0.649244
vn 0.113362 0.752085 0.649244
vn 0.113362 0.752085 0.649244
vn 0.113362 0.752085 0.649244
vn 0.354458 0.86236 0.361517
vn 0.354458 0.86236 0.361517
vn 0.354458 0.86236 0.361517
vn 0.354458 0.86236 0.361517
vn 0.412976 0.811882 0.412672
vn 0.412976 0.811882 0.412672
vn 0.412976 0.811882 0.412672
vn 0.412976 0.811882 0.412672
vn 0.463119 0.750878 0.470853
vn 0.463119 0.750878 0.470853
vn 0.463119 0.750878 0.470853
vn 0.463119 0.750878 0.470853
vn 0.663063 0.740764 0.107775
vn 0.663063 0.740764 0.107775
vn 0.663063 0.740764 0.107775
vn 0.663063 0.740764 0.107775
vn 0.741583 0.640923 0.19817
vn 0.741583 0.640923 0.19817
vn 0.741583 0.640923 0.19817
vn 0.741583 0.640923 0.19817
vn 0.785236 0.552323 0.279901
vn 0.785236 0.552323 0.279901
vn 0.785236 0.552323 0.279901
vn 0.785236 0.552323 0.279901
vn 0.892905 0.436479 -0.110483
vn 0.892905 0.436479 -0.110483
vn 0.892905 0.436479 -0.110483
vn 0.892905 0.436479 -0.110483
vn 0.947371 0.319784 0.015064
vn 0.947371 0.319784 0.015064
vn 0.947371 0.319784 0.015064
vn 0.947371 0.319784 0.015064
vn 0.969769 0.21623 0.113101
vn 0.969769 0.21623 0.113101
vn 0.969769 0.21623 0.113101
vn 0.969769 0.21623 0.113101
vn 0.966014 0.0508054 -0.253447
vn 0.966014 0.0508054 -0.253447
vn 0.966014 0.0508054 -0.253447
vn 0.966014 0.0508054 -0.253447
vn 0.98619 -0.0629136 -0.153202
vn 0.98619 -0.0629136 -0.153202
vn 0.98619 -0.0629136 -0.153202
vn 0.98619 -0.0629136 -0.153202
vn 0.987442 -0.0786466 -0.137017
vn 0.987442 -0.0786466 -0.137017
vn 0.987442 -0.0786466 -0.137017
vn 0.987442 -0.0786466 -0.137017
vn 0.858176 -0.309097 -0.409869
vn 0.858176 -0.309097 -0.409869
vn 0.858176 -0.309097 -0.409869
vn 0.858176 -0.309097 -0.409869
vn 0.851609 -0.353281 -0.387239
vn 0.851609 -0.353281 -0.387239
vn 0.851609 -0.353281 -0.387239
vn 0.851609 -0.353281 -0.387239
vn 0.850315 -0.336796 -0.404392
vn 0.850315 -0.336796 -0.404392
vn 0.850315 -0.336796 -0.404392
vn 0.850315 -0.336796 -0.404392
vn 0.580825 -0.548734 -0.601276
vn 0.580825 -0.548734 -0.601276
vn 0.580825 -0.548734 -0.601276
vn 0.580825 -0.548734 -0.601276
vn 0.586672 -0.54647 -0.59765
vn 0.586672 -0.54647 -0.59765
vn 0.586672 -0.54647 -0.59765
vn 0.586672 -0.54647 -0.59765
vn 0.583822 -0.516463 -0.626432
vn 0.583822 -0.516463 -0.626432
vn 0.583822 -0.516463 -0.626432
vn 0.583822 -0.516463 -0.626432
vn 0.224644 -0.673579 -0.704149
vn 0.224644 -0.673579 -0.704149
vn 0.224644 -0.673579 -0.704149
vn 0.224644 -0.673579 -0.704149
vn 0.201363 -0.659491 -0.724241
vn 0.201363 -0.659491 -0.724241
vn 0.201363 -0.659491 -0.724241
vn 0.201363 -0.659491 -0.724241
vn 0.199513 -0.638417 -0.743383
vn 0.199513 -0.638417 -0.743383
vn 0.199513 -0.638417 -0.743383
vn 0.199513 -0.638417 -0.743383
vn -0.159258 -0.668967 -0.726031
vn -0.159258 -0.668967 -0.726031
vn -0.159258 -0.668967 -0.726031
vn -0.159258 -0.668967 -0.726031
vn -0.160407 -0.664171 -0.730169
vn -0.160407 -0.664171 -0.730169
vn -0.160407 -0.664171 -0.730169
vn -0.160407 -0.664171 -0.730169
vn -0.165008 -0.619366 -0.767566
vn -0.165008 -0.619366 -0.767566
vn -0.165008 -0.619366 -0.767566
vn -0.165008 -0.619366 -0.767566
vn -0.481137 -0.620131 -0.619633
vn -0.481137 -0.620131 -0.619633
vn -0.481137 -0.620131 -0.619633
vn -0.481137 -0.620131 -0.619633
vn -0.519588 -0.566929 -0.639234
vn -0.519588 -0.566929 -0.639234
vn -0.519588 -0.566929 -0.639234
vn -0.519588 -0.566929 -0.639234
vn -0.526964 -0.501631 -0.686057
vn -0.526964 -0.501631 -0.686057
vn -0.526964 -0.501631 -0.686057
vn -0.526964 -0.501631 -0.686057
vn -0.783548 -0.422623 -0.455458
vn -0.783548 -0.422623 -0.455458
vn -0.783548 -0.422623 -0.455458
vn -0.783548 -0.422623 -0.455458
vn -0.785702 -0.390745 -0.479573
vn -0.785702 -0.390745 -0.479573
vn -0.785702 -0.390745 -0.479573
vn -0.785702 -0.390745 -0.479573
vn -0.793026 -0.316448 -0.520548
vn -0.793026 -0.316448 -0.520548
vn -0.793026 -0.316448 -0.520548
vn -0.793026 -0.316448 -0.520548
vn -0.966273 -0.200366 -0.161768
vn -0.966273 -0.200366 -0.161768
vn -0.966273 -0.200366 -0.161768
vn -0.966273 -0.200366 -0.161768
vn -0.972838 -0.153055 -0.173665
vn -0.972838 -0.153055 -0.173665
vn -0.972838 -0.153055 -0.173665
vn -0.972838 -0.153055 -0.173665
vn -0.976511 -0.0620775 -0.206331
vn -0.976511 -0.0620775 -0.206331
vn -0.976511 -0.0620775 -0.206331
vn -0.976511 -0.0620775 -0.206331
vn -0.985639 0.0140123 0.168286
vn -0.985639 0.0140123 0.168286
vn -0.985639 0.0140123 0.168286
vn -0.985639 0.0140123 0.168286
vn -0.984857 0.0423473 0.168119
vn -0.984857 0.0423473 0.168119
vn -0.984857 0.0423473 0.168119
vn -0.984857 0.0423473 0.168119
vn -0.983131 0.0881841 0.16024
vn -0.983131 0.0881841 0.16024
vn -0.983131 0.0881841 0.16024
vn -0.983131 0.0881841 0.16024
vn -0.842071 0.133585 0.522563
vn -0.842071 0.133585 0.522563
vn -0.842071 0.133585 0.522563
vn -0.842071 0.133585 0.522563
vn -0.847017 0.101926 0.521703
vn -0.847017 0.101926 0.521703
vn -0.847017 0.101926 0.521703
vn -0.847017 0.101926 0.521703
vn -0.848756 0.0863065 0.521694
vn -0.848756 0.0863065 0.521694
vn -0.848756 0.0863065 0.521694
vn -0.848756 0.0863065 0.521694
vn -0.591241 0.0864139 0.801852
vn -0.591241 0.0864139 0.801852
vn -0.591241 0.0864139 0.801852
vn -0.591241 0.0864139 0.801852
vn -0.597734 0.0251587 0.8013
vn -0.597734 0.0251587 0.8013
vn -0.597734 0.0251587 0.8013
vn -0.597734 0.0251587 0.8013
vn -0.612908 -0.0495237 0.788601
vn -0.612908 -0.0495237 0.788601
vn -0.612908 -0.0495237 0.788601
vn -0.612908 -0.0495237 0.788601
vn -0.224233 -0.0426394 0.973602
vn -0.224233 -0.0426394 0.973602
vn -0.224233 -0.0426394 0.973602
vn -0.224233 -0.0426394 0.973602
vn -0.246921 -0.18632 0.950955
vn -0.246921 -0.18632 0.950955
vn -0.246921 -0.18632 0.950955
vn -0.246921 -0.18632 0.950955
vn -0.278137 -0.291107 0.915367
vn -0.278137 -0.291107 0.915367
vn -0.278137 -0.291107 0.915367
vn -0.278137 -0.291107 0.915367
vn 0.131687 -0.265764 0.955001
vn 0.131687 -0.265764 0.955001
vn 0.131687 -0.265764 0.955001
vn 0.131687 -0.265764 0.955001
vn 0.0828784 -0.409249 0.908651
vn 0.0828784 -0.409249 0.908651
vn 0.0828784 -0.409249 0.908651
vn 0.0828784 -0.409249 0.908651
vn 0.0192101 -0.56057 0.827884
vn 0.0192101 -0.56057 0.827884
vn 0.0192101 -0.56057 0.827884
vn 0.0192101 -0.56057 0.827884
vn 0.447108 -0.474573 0.758205
vn 0.447108 -0.474573 0.758205
vn 0.447108 -0.474573 0.758205
vn 0.447108 -0.474573 0.758205
vn 0.382744 -0.626867 0.678634
vn 0.382744 -0.626867 0.678634
vn 0.382744 -0.626867 0.678634
vn 0.382744 -0.626867 0.678634
vn 0.313654 -0.747565 0.585463
vn 0.313654 -0.747565 0.585463
vn 0.313654 -0.747565 0.585463
vn 0.313654 -0.747565 0.585463
vn 0.66817 -0.598239 0.442333
vn 0.66817 -0.598239 0.442333
vn 0.66817 -0.598239 0.442333
vn 0.66817 -0.598239 0.442333
vn 0.605655 -0.714364 0.350523
vn 0.605655 -0.714364 0.350523
vn 0.605655 -0.714364 0.350523
vn 0.605655 -0.714364 0.350523
vn 0.527396 -0.815884 0.237039
vn 0.527396 -0.815884 0.237039
vn 0.527396 -0.815884 0.237039
vn 0.527396 -0.815884 0.237039
vn 0.827958 -0.559352 0.0401253
vn 0.827958 -0.559352 0.0401253
vn 0.827958 -0.559352 0.0401253
vn 0.827958 -0.559352 0.0401253
vn 0.771669 -0.634332 -0.0463574
vn 0.771669 -0.634332 -0.0463574
vn 0.771669 -0.634332 -0.0463574
vn 0.771669 -0.634332 -0.0463574
vn 0.717584 -0.683785 -0.13233
vn 0.717584 -0.683785 -0.13233
vn 0.717584 -0.683785 -0.13233
vn 0.717584 -0.683785 -0.13233
vn 0.875856 -0.378411 -0.299468
vn 0.875856 -0.378411 -0.299468
vn 0.875856 -0.378411 -0.299468
vn 0.875856 -0.378411 -0.299468
vn 0.847501 -0.404517 -0.343669
vn 0.847501 -0.404517 -0.343669
vn 0.847501 -0.404517 -0.343669
vn 0.847501 -0.404517 -0.343669
vn 0.816059 -0.421272 -0.395699
vn 0.816059 -0.421272 -0.395699
vn 0.816059 -0.421272 -0.395699
vn 0.816059 -0.421272 -0.395699
vn 0.854701 -0.0358388 -0.517881
vn 0.854701 -0.0358388 -0.517881
vn 0.854701 -0.0358388 -0.517881
vn 0.854701 -0.0358388 -0.517881
vn 0.86523 -0.0317702 -0.500368
vn 0.86523 -0.0317702 -0.500368
vn 0.86523 -0.0317702 -0.500368
vn 0.86523 -0.0317702 -0.500368
vn 0.860603 -0.0326333 -0.508229
vn 0.860603 -0.0326333 -0.508229
vn 0.860603 -0.0326333 -0.508229
vn 0.860603 -0.0326333 -0.508229
vn 0.773723 0.332109 -0.539497
vn 0.773723 0.332109 -0.539497
vn 0.773723 0.332109 -0.539497
vn 0.773723 0.332109 -0.539497
vn 0.80493 0.347666 -0.480849
vn 0.80493 0.347666 -0.480849
vn 0.80493 0.347666 -0.480849
vn 0.80493 0.347666 -0.480849
vn 0.834655 0.342634 -0.431223
vn 0.834655 0.342634 -0.431223
vn 0.834655 0.342634 -0.431223
vn 0.834655 0.342634 -0.431223
vn 0.622854 0.688067 -0.372312
vn 0.622854 0.688067 -0.372312
vn 0.622854 0.688067 -0.372312
vn 0.622854 0.688067 -0.372312
vn 0.679696 0.683624 -0.26584
vn 0.679696 0.683624 -0.26584
vn 0.679696 0.683624 -0.26584
vn 0.679696 0.683624 -0.26584
vn 0.731248 0.656972 -0.183478
vn 0.731248 0.656972 -0.183478
vn 0.731248 0.656972 -0.183478
vn 0.731248 0.656972 -0.183478
vn 0.446013 0.890804 -0.0868441
vn 0.446013 0.890804 -0.0868441
vn 0.446013 0.890804 -0.0868441
vn 0.446013 0.890804 -0.0868441
vn 0.509969 0.859091 0.0435229
vn 0.509969 0.859091 0.0435229
vn 0.509969 0.859091 0.0435229
vn 0.509969 0.859091 0.0435229
vn 0.590381 0.789739 0.166623
vn 0.590381 0.789739 0.166623
vn 0.590381 0.789739 0.166623
vn 0.590381 0.789739 0.166623
vn 0.206758 0.937741 0.279091
vn 0.206758 0.937741 0.279091
vn 0.206758 0.937741 0.279091
vn 0.206758 0.937741 0.279091
vn 0.278241 0.865939 0.415611
vn 0.278241 0.865939 0.415611
vn 0.278241 0.865939 0.415611
vn 0.278241 0.865939 0.415611
vn 0.362578 0.759693 0.539819
vn 0.362578 0.759693 0.539819
vn 0.362578 0.759693 0.539819
vn 0.362578 0.759693 0.539819
vn -0.0338935 0.809048 0.586765
vn -0.0338935 0.809048 0.586765
vn -0.0338935 0.809048 0.586765
vn -0.0338935 0.809048 0.586765
vn 0.036987 0.71183 0.701378
vn 0.036987 0.71183 0.701378
vn 0.036987 0.71183 0.701378
vn 0.036987 0.71183 0.701378
vn 0.109873 0.585356 0.803297
vn 0.109873 0.585356 0.803297
vn 0.109873 0.585356 0.803297
vn 0.109873 0.585356 0.803297
vn -0.327641 0.528766 0.78298
vn -0.327641 0.528766 0.78298
vn -0.327641 0.528766 0.78298
vn -0.327641 0.528766 0.78298
vn -0.268659 0.441331 0.856183
vn -0.268659 0.441331 0.856183
vn -0.268659 0.441331 0.856183
vn -0.268659 0.441331 0.856183
vn -0.218295 0.322607 0.921017
vn -0.218295 0.322607 0.921017
vn -0.218295 0.322607 0.921017
vn -0.218295 0.322607 0.921017
vn -0.593511 0.225848 0.772488
vn -0.593511 0.225848 0.772488
vn -0.593511 0.225848 0.772488
vn -0.593511 0.225848 0.772488
vn -0.550998 0.151227 0.82069
vn -0.550998 0.151227 0.82069
vn -0.550998 0.151227 0.82069
vn -0.550998 0.151227 0.82069
vn -0.531291 0.0882618 0.842579
vn -0.531291 0.0882618 0.842579
vn -0.531291 0.0882618 0.842579
vn -0.531291 0.0882618 0.842579
vn -0.805597 -0.0349428 0.591432
vn -0.805597 -0.0349428 0.591432
vn -0.805597 -0.0349428 0.591432
vn -0.805597 -0.0349428 0.591432
vn -0.797905 -0.0481808 0.600855
vn -0.797905 -0.0481808 0.600855
vn -0.797905 -0.0481808 0.600855
vn -0.797905 -0.0481808 0.600855
vn -0.792139 -0.0762386 0.60556
vn -0.792139 -0.0762386 0.60556
vn -0.792139 -0.0762386 0.60556
vn -0.792139 -0.0762386 0.60556
vn -0.950792 -0.171213 0.258227
vn -0.950792 -0.171213 0.258227
vn -0.950792 -0.171213 0.258227
vn -0.950792 -0.171213 0.258227
vn -0.956889 -0.130761 0.259354
vn -0.956889 -0.130761 0.259354
vn -0.956889 -0.130761 0.259354
vn -0.956889 -0.130761 0.259354
vn -0.962447 -0.0814622 0.258959
vn -0.962447 -0.0814622 0.258959
vn -0.962447 -0.0814622 0.258959
vn -0.962447 -0.0814622 0.258959
vn -0.974579 -0.15626 -0.160554
vn -0.974579 -0.15626 -0.160554
vn -0.974579 -0.15626 -0.160554
vn -0.974579 -0.15626 -0.160554
vn -0.985876 -0.0456268 -0.161142
vn -0.985876 -0.0456268 -0.161142
vn -0.985876 -0.0456268 -0.161142
vn -0.985876 -0.0456268 -0.161142
vn -0.988192 0.0313824 -0.149971
vn -0.988192 0.0313824 -0.149971
vn -0.988192 0.0313824 -0.149971
vn -0.988192 0.0313824 -0.149971
vn -0.844668 -0.0127728 -0.535138
vn -0.844668 -0.0127728 -0.535138
vn -0.844668 -0.0127728 -0.535138
vn -0.844668 -0.0127728 -0.535138
vn -0.847286 0.146989 -0.510393
vn -0.847286 0.146989 -0.510393
vn -0.847286 0.146989 -0.510393
vn -0.847286 0.146989 -0.510393
vn -0.844696 0.240155 -0.478345
vn -0.844696 0.240155 -0.478345
vn -0.844696 0.240155 -0.478345
vn -0.844696 0.240155 -0.478345
vn -0.569846 0.20106 -0.796775
vn -0.569846 0.20106 -0.796775
vn -0.569846 0.20106 -0.796775
vn -0.569846 0.20106 -0.796775
vn -0.573239 0.376161 -0.727942
vn -0.573239 0.376161 -0.727942
vn -0.573239 0.376161 -0.727942
vn -0.573239 0.376161 -0.727942
vn -0.565768 0.48488 -0.666932
vn -0.565768 0.48488 -0.666932
vn -0.565768 0.48488 -0.666932
vn -0.565768 0.48488 -0.666932
vn -0.216913 0.424625 -0.879001
vn -0.216913 0.424625 -0.879001
vn -0.216913 0.424625 -0.879001
vn -0.216913 0.424625 -0.879001
vn -0.211391 0.550917 -0.807344
vn -0.211391 0.550917 -0.807344
vn -0.211391 0.550917 -0.807344
vn -0.211391 0.550917 -0.807344
vn -0.203707 0.642169 -0.739001
vn -0.203707 0.642169 -0.739001
vn -0.203707 0.642169 -0.739001
vn -0.203707 0.642169 -0.739001
vn 0.170721 0.522591 -0.835316
vn 0.170721 0.522591 -0.835316
vn 0.170721 0.522591 -0.835316
vn 0.170721 0.522591 -0.835316
vn 0.17361 0.620902 -0.764422
vn 0.17361 0.620902 -0.764422
vn 0.17361 0.620902 -0.764422
vn 0.17361 0.620902 -0.764422
vn 0.178146 0.683052 -0.70831
vn 0.178146 0.683052 -0.70831
vn 0.178146 0.683052 -0.70831
vn 0.178146 0.683052 -0.70831
vn 0.513037 0.527957 -0.676797
vn 0.513037 0.527957 -0.676797
vn 0.513037 0.527957 -0.676797
vn 0.513037 0.527957 -0.676797
vn 0.55152 0.543555 -0.632751
vn 0.55152 0.543555 -0.632751
vn 0.55152 0.543555 -0.632751
vn 0.55152 0.543555 -0.632751
vn 0.554826 0.589471 -0.587105
vn 0.554826 0.589471 -0.587105
vn 0.554826 0.589471 -0.587105
vn 0.554826 0.589471 -0.587105
vn 0.801618 0.312518 -0.509648
vn 0.801618 0.312518 -0.509648
vn 0.801618 0.312518 -0.509648
vn 0.801618 0.312518 -0.509648
vn 0.808384 0.397363 -0.434303
vn 0.808384 0.397363 -0.434303
vn 0.808384 0.397363 -0.434303
vn 0.808384 0.397363 -0.434303
vn 0.809111 0.412739 -0.418314
vn 0.809111 0.412739 -0.418314
vn 0.809111 0.412739 -0.418314
vn 0.809111 0.412739 -0.418314
vn 0.974694 0.107087 -0.196222
vn 0.974694 0.107087 -0.196222
vn 0.974694 0.107087 -0.196222
vn 0.974694 0.107087 -0.196222
vn 0.981181 0.103801 -0.162815
vn 0.981181 0.103801 -0.162815
vn 0.981181 0.103801 -0.162815
vn 0.981181 0.103801 -0.162815
vn 0.981242 0.10481 -0.161797
vn 0.981242 0.10481 -0.161797
vn 0.981242 0.10481 -0.161797
vn 0.981242 0.10481 -0.161797
vn 0.98634 -0.141654 0.0840722
vn 0.98634 -0.141654 0.0840722
vn 0.98634 -0.141654 0.0840722
vn 0.98634 -0.141654 0.0840722
vn 0.983028 -0.144108 0.113533
vn 0.983028 -0.144108 0.113533
vn 0.983028 -0.144108 0.113533
vn 0.983028 -0.144108 0.113533
vn 0.975156 -0.216966 0.04469
vn 0.975156 -0.216966 0.04469
vn 0.975156 -0.216966 0.04469
vn 0.975156 -0.216966 0.04469
vn 0.841225 -0.401011 0.362672
vn 0.841225 -0.401011 0.362672
vn 0.841225 -0.401011 0.362672
vn 0.841225 -0.401011 0.362672
vn 0.833924 -0.445633 0.325549
vn 0.833924 -0.445633 0.325549
vn 0.833924 -0.445633 0.325549
vn 0.833924 -0.445633 0.325549
vn 0.803545 -0.548425 0.231399
vn 0.803545 -0.548425 0.231399
vn 0.803545 -0.548425 0.231399
vn 0.803545 -0.548425 0.231399
vn 0.569946 -0.620511 0.538635
vn 0.569946 -0.620511 0.538635
vn 0.569946 -0.620511 0.538635
vn 0.569946 -0.620511 0.538635
vn 0.553895 -0.681689 0.478017
vn 0.553895 -0.681689 0.478017
vn 0.553895 -0.681689 0.478017
vn 0.553895 -0.681689 0.478017
vn 0.521076 -0.742442 0.421024
vn 0.521076 -0.742442 0.421024
vn 0.521076 -0.742442 0.421024
vn 0.521076 -0.742442 0.421024
vn 0.221162 -0.726828 0.650237
vn 0.221162 -0.726828 0.650237
vn 0.221162 -0.726828 0.650237
vn 0.221162 -0.726828 0.650237
vn 0.209543 -0.748475 0.629187
vn 0.209543 -0.748475 0.629187
vn 0.209543 -0.748475 0.629187
vn 0.209543 -0.748475 0.629187
vn 0.186967 -0.776282 0.602021
vn 0.186967 -0.776282 0.602021
vn 0.186967 -0.776282 0.602021
vn 0.186967 -0.776282 0.602021
vn -0.159365 -0.647821 0.744937
vn -0.159365 -0.647821 0.744937
vn -0.159365 -0.647821 0.744937
vn -0.159365 -0.647821 0.744937
vn -0.143728 -0.634265 0.759638
vn -0.143728 -0.634265 0.759638
vn -0.143728 -0.634265 0.759638
vn -0.143728 -0.634265 0.759638
vn -0.118154 -0.612737 0.781404
vn -0.118154 -0.612737 0.781404
vn -0.118154 -0.612737 0.781404
vn -0.118154 -0.612737 0.781404
vn -0.452858 -0.386331 0.803535
vn -0.452858 -0.386331 0.803535
vn -0.452858 -0.386331 0.803535
vn -0.452858 -0.386331 0.803535
vn -0.392682 -0.332397 0.857504
vn -0.392682 -0.332397 0.857504
vn -0.392682 -0.332397 0.857504
vn -0.392682 -0.332397 0.857504
vn -0.325021 -0.290738 0.899907
vn -0.325021 -0.290738 0.899907
vn -0.325021 -0.290738 0.899907
vn -0.325021 -0.290738 0.899907
vn -0.598506 -0.004768 0.801104
vn -0.598506 -0.004768 0.801104
vn -0.598506 -0.004768 0.801104
vn -0.598506 -0.004768 0.801104
vn -0.491603 0.0610188 0.868679
vn -0.491603 0.0610188 0.868679
vn -0.491603 0.0610188 0.868679
vn -0.491603 0.0610188 0.868679
vn -0.360843 0.11741 0.925207
vn -0.360843 0.11741 0.925207
vn -0.360843 0.11741 0.925207
vn -0.360843 0.11741 0.925207
vn -0.584134 0.394187 0.70951
vn -0.584134 0.394187 0.70951
vn -0.584134 0.394187 0.70951
vn -0.584134 0.394187 0.70951
vn -0.42952 0.461258 0.776372
vn -0.42952 0.461258 0.776372
vn -0.42952 0.461258 0.776372
vn -0.42952 0.461258 0.776372
vn -0.269279 0.503644 0.820872
vn -0.269279 0.503644 0.820872
vn -0.269279 0.503644 0.820872
vn -0.269279 0.503644 0.820872
vn -0.435601 0.743165 0.507895
vn -0.435601 0.743165 0.507895
vn -0.435601 0.743165 0.507895
vn -0.435601 0.743165 0.507895
vn -0.280924 0.789512 0.545668
vn -0.280924 0.789512 0.545668
vn -0.280924 0.789512 0.545668
vn -0.280924 0.789512 0.545668
vn -0.0929584 0.813987 0.573397
vn -0.0929584 0.813987 0.573397
vn -0.0929584 0.813987 0.573397
vn -0.0929584 0.813987 0.573397
vn -0.244381 0.951405 0.187367
vn -0.244381 0.951405 0.187367
vn -0.244381 0.951405 0.187367
vn -0.244381 0.951405 0.187367
vn -0.0792259 0.975191 0.206703
vn -0.0792259 0.975191 0.206703
vn -0.0792259 0.975191 0.206703
vn -0.0792259 0.975191 0.206703
vn 0.0606461 0.975951 0.209386
vn 0.0606461 0.975951 0.209386
vn 0.0606461 0.975951 0.209386
vn 0.0606461 0.975951 0.209386
vn -0.0562975 0.982186 -0.179279
vn -0.0562975 0.982186 -0.179279
vn -0.0562975 0.982186 -0.179279
vn -0.0562975 0.982186 -0.179279
vn 0.0416162 0.982663 -0.180667
vn 0.0416162 0.982663 -0.180667
vn 0.0416162 0.982663 -0.180667
vn 0.0416162 0.982663 -0.180667
vn 0.145172 0.970382 -0.193089
vn 0.145172 0.970382 -0.193089
vn 0.145172 0.970382 -0.193089
vn 0.145172 0.970382 -0.193089
vn 0.0135143 0.833885 -0.551773
vn 0.0135143 0.833885 -0.551773
vn 0.0135143 0.833885 -0.551773
vn 0.0135143 0.833885 -0.551773
vn 0.0526707 0.830909 -0.55391
vn 0.0526707 0.830909 -0.55391
vn 0.0526707 0.830909 -0.55391
vn 0.0526707 0.830909 -0.55391
vn 0.0859046 0.822334 -0.562483
vn 0.0859046 0.822334 -0.562483
vn 0.0859046 0.822334 -0.562483
vn 0.0859046 0.822334 -0.562483
vn -0.0541206 0.566072 -0.822578
vn -0.0541206 0.566072 -0.822578
vn -0.0541206 0.566072 -0.822578
vn -0.0541206 0.566072 -0.822578
vn -0.0805525 0.563968 -0.821859
vn -0.0805525 0.563968 -0.821859
vn -0.0805525 0.563968 -0.821859
vn -0.0805525 0.563968 -0.821859
vn -0.116702 0.578669 -0.80717
vn -0.116702 0.578669 -0.80717
vn -0.116702 0.578669 -0.80717
vn -0.116702 0.578669 -0.80717
vn -0.230131 0.231181 -0.945301
vn -0.230131 0.231181 -0.945301
vn -0.230131 0.231181 -0.945301
vn -0.230131 0.231181 -0.945301
vn -0.318092 0.248667 -0.914867
vn -0.318092 0.248667 -0.914867
vn -0.318092 0.248667 -0.914867
vn -0.318092 0.248667 -0.914867
vn -0.406383 0.301841 -0.862406
vn -0.406383 0.301841 -0.862406
vn -0.406383 0.301841 -0.862406
vn -0.406383 0.301841 -0.862406
vn -0.462195 -0.0761771 -0.8835
vn -0.462195 -0.0761771 -0.8835
vn -0.462195 -0.0761771 -0.8835
vn -0.462195 -0.0761771 -0.8835
vn -0.588066 -0.0303183 -0.808245
vn -0.588066 -0.0303183 -0.808245
vn -0.588066 -0.0303183 -0.808245
vn -0.588066 -0.0303183 -0.808245
vn -0.689775 0.0591281 -0.721605
vn -0.689775 0.0591281 -0.721605
vn -0.689775 0.0591281 -0.721605
vn -0.689775 0.0591281 -0.721605
vn -0.693678 -0.33579 -0.637225
vn -0.693678 -0.33579 -0.637225
vn -0.693678 -0.33579 -0.637225
vn -0.693678 -0.33579 -0.637225
vn -0.80662 -0.257214 -0.53217
vn -0.80662 -0.257214 -0.53217
vn -0.80662 -0.257214 -0.53217
vn -0.80662 -0.257214 -0.53217
vn -0.893518 -0.145343 -0.424854
vn -0.893518 -0.145343 -0.424854
vn -0.893518 -0.145343 -0.424854
vn -0.893518 -0.145343 -0.424854
vn -0.812062 -0.523167 -0.258557
vn -0.812062 -0.523167 -0.258557
vn -0.812062 -0.523167 -0.258557
vn -0.812062 -0.523167 -0.258557
vn -0.891577 -0.427531 -0.14936
vn -0.891577 -0.427531 -0.14936
vn -0.891577 -0.427531 -0.14936
vn -0.891577 -0.427531 -0.14936
vn -0.950455 -0.308497 -0.0382735
vn -0.950455 -0.308497 -0.0382735
vn -0.950455 -0.308497 -0.0382735
vn -0.950455 -0.308497 -0.0382735
vn -0.754426 -0.634811 0.1669
vn -0.754426 -0.634811 0.1669
vn -0.754426 -0.634811 0.1669
vn -0.754426 -0.634811 0.1669
vn -0.7985 -0.544643 0.256441
vn -0.7985 -0.544643 0.256441
vn -0.7985 -0.544643 0.256441
vn -0.7985 -0.544643 0.256441
vn -0.82901 -0.42332 0.365434
vn -0.82901 -0.42332 0.365434
vn -0.82901 -0.42332 0.365434
vn -0.82901 -0.42332 0.365434
vn -0.536496 -0.678505 0.5018
vn -0.536496 -0.678505 0.5018
vn -0.536496 -0.678505 0.5018
vn -0.536496 -0.678505 0.5018
vn -0.559808 -0.594166 0.577566
vn -0.559808 -0.594166 0.577566
vn -0.559808 -0.594166 0.577566
vn -0.559808 -0.594166 0.577566
vn -0.562095 -0.505875 0.654324
vn -0.562095 -0.505875 0.654324
vn -0.562095 -0.505875 0.654324
vn -0.562095 -0.505875 0.654324
vn -0.20162 -0.679291 0.705629
vn -0.20162 -0.679291 0.705629
vn -0.20162 -0.679291 0.705629
vn -0.20162 -0.679291 0.705629
vn -0.215416 -0.63002 0.746104
vn -0.215416 -0.63002 0.746104
vn -0.215416 -0.63002 0.746104
vn -0.215416 -0.63002 0.746104
vn -0.196344 -0.532475 0.823359
vn -0.196344 -0.532475 0.823359
vn -0.196344 -0.532475 0.823359
vn -0.196344 -0.532475 0.823359
vn 0.197562 -0.658576 0.726118
vn 0.197562 -0.658576 0.726118
vn 0.197562 -0.658576 0.726118
vn 0.197562 -0.658576 0.726118
vn 0.190642 -0.610171 0.768991
vn 0.190642 -0.610171 0.768991
vn 0.190642 -0.610171 0.768991
vn 0.190642 -0.610171 0.768991
vn 0.203933 -0.577001 0.790874
vn 0.203933 -0.577001 0.790874
vn 0.203933 -0.577001 0.790874
vn 0.203933 -0.577001 0.790874
vn 0.564425 -0.597245 0.569845
vn 0.564425 -0.597245 0.569845
vn 0.564425 -0.597245 0.569845
vn 0.564425 -0.597245 0.569845
vn 0.556495 -0.602213 0.57241
vn 0.556495 -0.602213 0.57241
vn 0.556495 -0.602213 0.57241
vn 0.556495 -0.602213 0.57241
vn 0.543558 -0.624353 0.561007
vn 0.543558 -0.624353 0.561007
vn 0.543558 -0.624353 0.561007
vn 0.543558 -0.624353 0.561007
vn 0.788592 -0.552502 0.269933
vn 0.788592 -0.552502 0.269933
vn 0.788592 -0.552502 0.269933
vn 0.788592 -0.552502 0.269933
vn 0.748686 -0.617578 0.24097
vn 0.748686 -0.617578 0.24097
vn 0.748686 -0.617578 0.24097
vn 0.748686 -0.617578 0.24097
vn 0.703532 -0.676129 0.218843
vn 0.703532 -0.676129 0.218843
vn 0.703532 -0.676129 0.218843
vn 0.703532 -0.676129 0.218843
vn 0.843984 -0.518602 -0.136902
vn 0.843984 -0.518602 -0.136902
vn 0.843984 -0.518602 -0.136902
vn 0.843984 -0.518602 -0.136902
vn 0.765917 -0.616713 -0.181759
vn 0.765917 -0.616713 -0.181759
vn 0.765917 -0.616713 -0.181759
vn 0.765917 -0.616713 -0.181759
vn 0.67698 -0.707966 -0.201202
vn 0.67698 -0.707966 -0.201202
vn 0.67698 -0.707966 -0.201202
vn 0.67698 -0.707966 -0.201202
vn 0.714735 -0.456012 -0.53029
vn 0.714735 -0.456012 -0.53029
vn 0.714735 -0.456012 -0.53029
vn 0.714735 -0.456012 -0.53029
vn 0.595952 -0.580479 -0.554874
vn 0.595952 -0.580479 -0.554874
vn 0.595952 -0.580479 -0.554874
vn 0.595952 -0.580479 -0.554874
vn 0.45925 -0.692295 -0.556613
vn 0.45925 -0.692295 -0.556613
vn 0.45925 -0.692295 -0.556613
vn 0.45925 -0.692295 -0.556613
vn 0.418692 -0.359503 -0.833939
vn 0.418692 -0.359503 -0.833939
vn 0.418692 -0.359503 -0.833939
vn 0.418692 -0.359503 -0.833939
vn 0.276951 -0.473642 -0.836039
vn 0.276951 -0.473642 -0.836039
vn 0.276951 -0.473642 -0.836039
vn 0.276951 -0.473642 -0.836039
vn 0.127722 -0.569493 -0.812013
vn 0.127722 -0.569493 -0.812013
vn 0.127722 -0.569493 -0.812013
vn 0.127722 -0.569493 -0.812013
vn 0.0678457 -0.205201 -0.976366
vn 0.0678457 -0.205201 -0.976366
vn 0.0678457 -0.205201 -0.976366
vn 0.0678457 -0.205201 -0.976366
vn -0.0678889 -0.291909 -0.954034
vn -0.0678889 -0.291909 -0.954034
vn -0.0678889 -0.291909 -0.954034
vn -0.0678889 -0.291909 -0.954034
vn -0.204688 -0.362344 -0.909291
vn -0.204688 -0.362344 -0.909291
vn -0.204688 -0.362344 -0.909291
vn -0.204688 -0.362344 -0.909291
vn -0.263868 0.0515656 -0.963179
vn -0.263868 0.0515656 -0.963179
vn -0.263868 0.0515656 -0.963179
vn -0.263868 0.0515656 -0.963179
vn -0.36741 0.00668701 -0.930035
vn -0.36741 0.00668701 -0.930035
vn -0.36741 0.00668701 -0.930035
vn -0.36741 0.00668701 -0.930035
vn -0.42922 -0.0200508 -0.902977
vn -0.42922 -0.0200508 -0.902977
vn -0.42922 -0.0200508 -0.902977
vn -0.42922 -0.0200508 -0.902977
vn -0.45174 0.35859 -0.816911
vn -0.45174 0.35859 -0.816911
vn -0.45174 0.35859 -0.816911
vn -0.45174 0.35859 -0.816911
vn -0.492264 0.353011 -0.79565
vn -0.492264 0.353011 -0.79565
vn -0.492264 0.353011 -0.79565
vn -0.492264 0.353011 -0.79565
vn -0.50302 0.349492 -0.79046
vn -0.50302 0.349492 -0.79046
vn -0.50302 0.349492 -0.79046
vn -0.50302 0.349492 -0.79046
vn -0.480998 0.677381 -0.556593
vn -0.480998 0.677381 -0.556593
vn -0.480998 0.677381 -0.556593
vn -0.480998 0.677381 -0.556593
vn -0.469735 0.681799 -0.560802
vn -0.469735 0.681799 -0.560802
vn -0.469735 0.681799 -0.560802
vn -0.469735 0.681799 -0.560802
vn -0.425149 0.691771 -0.583697
vn -0.425149 0.691771 -0.583697
vn -0.425149 0.691771 -0.583697
vn -0.425149 0.691771 -0.583697
vn -0.366461 0.888087 -0.277503
vn -0.366461 0.888087 -0.277503
vn -0.366461 0.888087 -0.277503
vn -0.366461 0.888087 -0.277503
vn -0.311727 0.898433 -0.309263
vn -0.311727 0.898433 -0.309263
vn -0.311727 0.898433 -0.309263
vn -0.311727 0.898433 -0.309263
vn -0.253208 0.905306 -0.341037
vn -0.253208 0.905306 -0.341037
vn -0.253208 0.905306 -0.341037
vn -0.253208 0.905306 -0.341037
vn -0.112513 0.992882 0.0390641
vn -0.112513 0.992882 0.0390641
vn -0.112513 0.992882 0.0390641
vn -0.112513 0.992882 0.0390641
vn -0.0625972 0.997915 -0.0157007
vn -0.0625972 0.997915 -0.0157007
vn -0.0625972 0.997915 -0.0157007
vn -0.0625972 0.997915 -0.0157007
vn 0.0138755 0.99821 -0.0581764
vn 0.0138755 0.99821 -0.0581764
vn 0.0138755 0.99821 -0.0581764
vn 0.0138755 0.99821 -0.0581764
vn 0.119136 0.94356 0.309032
vn 0.119136 0.94356 0.309032
vn 0.119136 0.94356 0.309032
vn 0.119136 0.94356 0.309032
vn 0.201824 0.943878 0.26146
vn 0.201824 0.943878 0.26146
vn 0.201824 0.943878 0.26146
vn 0.201824 0.943878 0.26146
vn 0.0618198 0.937354 0.342848
vn 0.0618198 0.937354 0.342848
vn 0.0618198 0.937354 0.342848
vn 0.0618198 0.937354 0.342848
vn -0.197359 0.978156 0.0652713
vn -0.197359 0.978156 0.0652713
vn -0.197359 0.978156 0.0652713
vn -0.197359 0.978156 0.0652713
vn -0.407093 0.876652 -0.256431
vn -0.407093 0.876652 -0.256431
vn -0.407093 0.876652 -0.256431
vn -0.407093 0.876652 -0.256431
vn -0.500948 0.672938 -0.544248
vn -0.500948 0.672938 -0.544248
vn -0.500948 0.672938 -0.544248
vn -0.500948 0.672938 -0.544248
vn -0.420535 0.360719 -0.832486
vn -0.420535 0.360719 -0.832486
vn -0.420535 0.360719 -0.832486
vn -0.420535 0.360719 -0.832486
vn -0.165869 0.12004 -0.978815
vn -0.165869 0.12004 -0.978815
vn -0.165869 0.12004 -0.978815
vn -0.165869 0.12004 -0.978815
vn 0.191396 -0.0954065 -0.976865
vn 0.191396 -0.0954065 -0.976865
vn 0.191396 -0.0954065 -0.976865
vn 0.191396 -0.0954065 -0.976865
vn 0.543192 -0.228794 -0.807834
vn 0.543192 -0.228794 -0.807834
vn 0.543192 -0.228794 -0.807834
vn 0.543192 -0.228794 -0.807834
vn 0.806724 -0.335681 -0.486327
vn 0.806724 -0.335681 -0.486327
vn 0.806724 -0.335681 -0.486327
vn 0.806724 -0.335681 -0.486327
vn 0.91061 -0.405595 -0.0792589
vn 0.91061 -0.405595 -0.0792589
vn 0.91061 -0.405595 -0.0792589
vn 0.91061 -0.405595 -0.0792589
vn 0.814888 -0.49068 0.308531
vn 0.814888 -0.49068 0.308531
vn 0.814888 -0.49068 0.308531
vn 0.814888 -0.49068 0.308531
vn 0.553846 -0.593991 0.583463
vn 0.553846 -0.593991 0.583463
vn 0.553846 -0.593991 0.583463
vn 0.553846 -0.593991 0.583463
vn 0.170756 -0.676122 0.716729
vn 0.170756 -0.676122 0.716729
vn 0.170756 -0.676122 0.716729
vn 0.170756 -0.676122 0.716729
vn -0.206709 -0.728198 0.653452
vn -0.206709 -0.728198 0.653452
vn -0.206709 -0.728198 0.653452
vn -0.206709 -0.728198 0.653452
vn -0.512472 -0.750962 0.416447
vn -0.512472 -0.750962 0.416447
vn -0.512472 -0.750962 0.416447
vn -0.512472 -0.750962 0.416447
vn -0.684345 -0.726322 0.0642431
vn -0.684345 -0.726322 0.0642431
vn -0.684345 -0.726322 0.0642431
vn -0.684345 -0.726322 0.0642431
vn -0.701172 -0.622762 -0.347167
vn -0.701172 -0.622762 -0.347167
vn -0.701172 -0.622762 -0.347167
vn -0.701172 -0.622762 -0.347167
vn -0.562315 -0.427029 -0.70813
vn -0.562315 -0.427029 -0.70813
vn -0.562315 -0.427029 -0.70813
vn -0.562315 -0.427029 -0.70813
vn -0.356762 -0.137975 -0.92395
vn -0.356762 -0.137975 -0.92395
vn -0.356762 -0.137975 -0.92395
vn -0.356762 -0.137975 -0.92395
vn -0.152703 0.20262 -0.967278
vn -0.152703 0.20262 -0.967278
vn -0.152703 0.20262 -0.967278
vn -0.152703 0.20262 -0.967278
vn -0.00134391 0.572681 -0.819777
vn -0.00134391 0.572681 -0.819777
vn -0.00134391 0.572681 -0.819777
vn -0.00134391 0.572681 -0.819777
vn -0.0418924 0.833414 -0.551059
vn -0.0418924 0.833414 -0.551059
vn -0.0418924 0.833414 -0.551059
vn -0.0418924 0.833414 -0.551059
vn -0.167512 0.966861 -0.192665
vn -0.167512 0.966861 -0.192665
vn -0.167512 0.966861 -0.192665
vn -0.167512 0.966861 -0.192665
vn -0.374976 0.915174 0.147817
vn -0.374976 0.915174 0.147817
vn -0.374976 0.915174 0.147817
vn -0.374976 0.915174 0.147817
vn -0.594201 0.672673 0.44095
vn -0.594201 0.672673 0.44095
vn -0.594201 0.672673 0.44095
vn -0.594201 0.672673 0.44095
vn -0.713142 0.311101 0.628208
vn -0.713142 0.311101 0.628208
vn -0.713142 0.311101 0.628208
vn -0.713142 0.311101 0.628208
vn -0.692088 -0.0856329 0.716716
vn -0.692088 -0.0856329 0.716716
vn -0.692088 -0.0856329 0.716716
vn -0.692088 -0.0856329 0.716716
vn -0.506971 -0.44679 0.737129
vn -0.506971 -0.44679 0.737129
vn -0.506971 -0.44679 0.737129
vn -0.506971 -0.44679 0.737129
vn -0.171791 -0.668711 0.723404
vn -0.171791 -0.668711 0.723404
vn -0.171791 -0.668711 0.723404
vn -0.171791 -0.668711 0.723404
vn 0.2245 -0.703683 0.674114
vn 0.2245 -0.703683 0.674114
vn 0.2245 -0.703683 0.674114
vn 0.2245 -0.703683 0.674114
vn 0.578592 -0.587275 0.565986
vn 0.578592 -0.587275 0.565986
vn 0.578592 -0.587275 0.565986
vn 0.578592 -0.587275 0.565986
vn 0.834373 -0.419147 0.357963
vn 0.834373 -0.419147 0.357963
vn 0.834373 -0.419147 0.357963
vn 0.834373 -0.419147 0.357963
vn 0.979869 -0.174855 0.0963497
vn 0.979869 -0.174855 0.0963497
vn 0.979869 -0.174855 0.0963497
vn 0.979869 -0.174855 0.0963497
vn 0.964384 0.0907443 -0.248451
vn 0.964384 0.0907443 -0.248451
vn 0.964384 0.0907443 -0.248451
vn 0.964384 0.0907443 -0.248451
vn 0.78985 0.357524 -0.49831
vn 0.78985 0.357524 -0.49831
vn 0.78985 0.357524 -0.49831
vn 0.78985 0.357524 -0.49831
vn 0.520499 0.423748 -0.741295
vn 0.520499 0.423748 -0.741295
vn 0.520499 0.423748 -0.741295
vn 0.520499 0.423748 -0.741295
vn 0.15877 0.402332 -0.901621
vn 0.15877 0.402332 -0.901621
vn 0.15877 0.402332 -0.901621
vn 0.15877 0.402332 -0.901621
vn -0.2237 0.223245 -0.948747
vn -0.2237 0.223245 -0.948747
vn -0.2237 0.223245 -0.948747
vn -0.2237 0.223245 -0.948747
vn -0.577635 0.015996 -0.816138
vn -0.577635 0.015996 -0.816138
vn -0.577635 0.015996 -0.816138
vn -0.577635 0.015996 -0.816138
vn -0.839425 -0.157343 -0.520201
vn -0.839425 -0.157343 -0.520201
vn -0.839425 -0.157343 -0.520201
vn -0.839425 -0.157343 -0.520201
vn -0.953893 -0.268561 -0.134029
vn -0.953893 -0.268561 -0.134029
vn -0.953893 -0.268561 -0.134029
vn -0.953893 -0.268561 -0.134029
vn -0.937195 -0.205894 0.281554
vn -0.937195 -0.205894 0.281554
vn -0.937195 -0.205894 0.281554
vn -0.937195 -0.205894 0.281554
vn -0.811343 -0.00555859 0.584544
vn -0.811343 -0.00555859 0.584544
vn -0.811343 -0.00555859 0.584544
vn -0.811343 -0.00555859 0.584544
vn -0.618129 0.29635 0.728075
vn -0.618129 0.29635 0.728075
vn -0.618129 0.29635 0.728075
vn -0.618129 0.29635 0.728075
vn -0.384062 0.62993 0.675044
vn -0.384062 0.62993 0.675044
vn -0.384062 0.62993 0.675044
vn -0.384062 0.62993 0.675044
vn -0.114936 0.87719 0.466184
vn -0.114936 0.87719 0.466184
vn -0.114936 0.87719 0.466184
vn -0.114936 0.87719 0.466184
vn 0.11877 0.984072 0.132273
vn 0.11877 0.984072 0.132273
vn 0.11877 0.984072 0.132273
vn 0.11877 0.984072 0.132273
vn 0.351889 0.910755 -0.216099
vn 0.351889 0.910755 -0.216099
vn 0.351889 0.910755 -0.216099
vn 0.351889 0.910755 -0.216099
vn 0.561669 0.678272 -0.473788
vn 0.561669 0.678272 -0.473788
vn 0.561669 0.678272 -0.473788
vn 0.561669 0.678272 -0.473788
vn 0.733376 0.323382 -0.597982
vn 0.733376 0.323382 -0.597982
vn 0.733376 0.323382 -0.597982
vn 0.733376 0.323382 -0.597982
vn 0.852858 -0.0379917 -0.520759
vn 0.852858 -0.0379917 -0.520759
vn 0.852858 -0.0379917 -0.520759
vn 0.852858 -0.0379917 -0.520759
vn 0.906297 -0.337953 -0.253799
vn 0.906297 -0.337953 -0.253799
vn 0.906297 -0.337953 -0.253799
vn 0.906297 -0.337953 -0.253799
vn 0.872976 -0.476011 0.106424
vn 0.872976 -0.476011 0.106424
vn 0.872976 -0.476011 0.106424
vn 0.872976 -0.476011 0.106424
vn 0.724384 -0.450624 0.521734
vn 0.724384 -0.450624 0.521734
vn 0.724384 -0.450624 0.521734
vn 0.724384 -0.450624 0.521734
vn 0.496858 -0.310251 0.810479
vn 0.496858 -0.310251 0.810479
vn 0.496858 -0.310251 0.810479
vn 0.496858 -0.310251 0.810479
vn 0.1671 -0.0870097 0.982093
vn 0.1671 -0.0870097 0.982093
vn 0.1671 -0.0870097 0.982093
vn 0.1671 -0.0870097 0.982093
vn -0.212553 0.085298 0.973419
vn -0.212553 0.085298 0.973419
vn -0.212553 0.085298 0.973419
vn -0.212553 0.085298 0.973419
vn -0.571901 0.214874 0.791681
vn -0.571901 0.214874 0.791681
vn -0.571901 0.214874 0.791681
vn -0.571901 0.214874 0.791681
vn -0.835743 0.192038 0.514446
vn -0.835743 0.192038 0.514446
vn -0.835743 0.192038 0.514446
vn -0.835743 0.192038 0.514446
vn -0.985256 0.0258202 0.169129
vn -0.985256 0.0258202 0.169129
vn -0.985256 0.0258202 0.169129
vn -0.985256 0.0258202 0.169129
vn -0.963364 -0.218937 -0.154911
vn -0.963364 -0.218937 -0.154911
vn -0.963364 -0.218937 -0.154911
vn -0.963364 -0.218937 -0.154911
vn -0.77963 -0.472702 -0.410768
vn -0.77963 -0.472702 -0.410768
vn -0.77963 -0.472702 -0.410768
vn -0.77963 -0.472702 -0.410768
vn -0.496506 -0.613766 -0.613819
vn -0.496506 -0.613766 -0.613819
vn -0.496506 -0.613766 -0.613819
vn -0.496506 -0.613766 -0.613819
vn -0.151306 -0.70519 -0.692685
vn -0.151306 -0.70519 -0.692685
vn -0.151306 -0.70519 -0.692685
vn -0.151306 -0.70519 -0.692685
vn 0.235843 -0.674032 -0.700042
vn 0.235843 -0.674032 -0.700042
vn 0.235843 -0.674032 -0.700042
vn 0.235843 -0.674032 -0.700042
vn 0.587036 -0.527175 -0.61439
vn 0.587036 -0.527175 -0.61439
vn 0.587036 -0.527175 -0.61439
vn 0.587036 -0.527175 -0.61439
vn 0.841407 -0.215264 -0.495677
vn 0.841407 -0.215264 -0.495677
vn 0.841407 -0.215264 -0.495677
vn 0.841407 -0.215264 -0.495677
vn 0.910303 0.178215 -0.373615
vn 0.910303 0.178215 -0.373615
vn 0.910303 0.178215 -0.373615
vn 0.910303 0.178215 -0.373615
vn 0.804598 0.553355 -0.215454
vn 0.804598 0.553355 -0.215454
vn 0.804598 0.553355 -0.215454
vn 0.804598 0.553355 -0.215454
vn 0.570679 0.820432 0.0348905
vn 0.570679 0.820432 0.0348905
vn 0.570679 0.820432 0.0348905
vn 0.570679 0.820432 0.0348905
vn 0.286274 0.903305 0.31951
vn 0.286274 0.903305 0.31951
vn 0.286274 0.903305 0.31951
vn 0.286274 0.903305 0.31951
vn 0.0527004 0.779758 0.623859
vn 0.0527004 0.779758 0.623859
vn 0.0527004 0.779758 0.623859
vn 0.0527004 0.779758 0.623859
vn -0.0580999 0.504171 0.861648
vn -0.0580999 0.504171 0.861648
vn -0.0580999 0.504171 0.861648
vn -0.0580999 0.504171 0.861648
vn -0.0440053 0.138816 0.98934
vn -0.0440053 0.138816 0.98934
vn -0.0440053 0.138816 0.98934
vn -0.0440053 0.138816 0.98934
vn 0.0790642 -0.256755 0.963237
vn 0.0790642 -0.256755 0.963237
vn 0.0790642 -0.256755 0.963237
vn 0.0790642 -0.256755 0.963237
vn 0.274079 -0.57303 0.772346
vn 0.274079 -0.57303 0.772346
vn 0.274079 -0.57303 0.772346
vn 0.274079 -0.57303 0.772346
vn 0.428769 -0.792952 0.432878
vn 0.428769 -0.792952 0.432878
vn 0.428769 -0.792952 0.432878
vn 0.428769 -0.792952 0.432878
vn 0.476716 -0.877998 0.0431295
vn 0.476716 -0.877998 0.0431295
vn 0.476716 -0.877998 0.0431295
vn 0.476716 -0.877998 0.0431295
vn 0.361159 -0.85854 -0.36397
vn 0.361159 -0.85854 -0.36397
vn 0.361159 -0.85854 -0.36397
vn 0.361159 -0.85854 -0.36397
vn 0.111555 -0.751489 -0.650245
vn 0.111555 -0.751489 -0.650245
vn 0.111555 -0.751489 -0.650245
vn 0.111555 -0.751489 -0.650245
vn -0.233902 -0.620593 -0.748434
vn -0.233902 -0.620593 -0.748434
vn -0.233902 -0.620593 -0.748434
vn -0.233902 -0.620593 -0.748434
vn -0.604803 -0.47114 -0.642059
vn -0.604803 -0.47114 -0.642059
vn -0.604803 -0.47114 -0.642059
vn -0.604803 -0.47114 -0.642059
vn -0.874416 -0.327782 -0.357708
vn -0.874416 -0.327782 -0.357708
vn -0.874416 -0.327782 -0.357708
vn -0.874416 -0.327782 -0.357708
vn -0.985269 -0.170912 0.00584342
vn -0.985269 -0.170912 0.00584342
vn -0.985269 -0.170912 0.00584342
vn -0.985269 -0.170912 0.00584342
vn -0.91714 -0.0365127 0.39689
vn -0.91714 -0.0365127 0.39689
vn -0.91714 -0.0365127 0.39689
vn -0.91714 -0.0365127 0.39689
vn -0.685632 0.0769276 0.723872
vn -0.685632 0.0769276 0.723872
vn -0.685632 0.0769276 0.723872
vn -0.685632 0.0769276 0.723872
vn -0.305417 0.183349 0.9344
vn -0.305417 0.183349 0.9344
vn -0.305417 0.183349 0.9344
vn -0.305417 0.183349 0.9344
vn 0.0641087 0.31954 0.945402
vn 0.0641087 0.31954 0.945402
vn 0.0641087 0.31954 0.945402
vn 0.0641087 0.31954 0.945402
vn 0.376499 0.486428 0.788439
vn 0.376499 0.486428 0.788439
vn 0.376499 0.486428 0.788439
vn 0.376499 0.486428 0.788439
vn 0.540235 0.683888 0.49035
vn 0.540235 0.683888 0.49035
vn 0.540235 0.683888 0.49035
vn 0.540235 0.683888 0.49035
vn 0.522623 0.842192 0.132581
vn 0.522623 0.842192 0.132581
vn 0.522623 0.842192 0.132581
vn 0.522623 0.842192 0.132581
vn 0.321094 0.922323 -0.214986
vn 0.321094 0.922323 -0.214986
vn 0.321094 0.922323 -0.214986
vn 0.321094 0.922323 -0.214986
vn 0.0426421 0.862872 -0.503621
vn 0.0426421 0.862872 -0.503621
vn 0.0426421 0.862872 -0.503621
vn 0.0426421 0.862872 -0.503621
vn -0.224398 0.681156 -0.696902
vn -0.224398 0.681156 -0.696902
vn -0.224398 0.681156 -0.696902
vn -0.224398 0.681156 -0.696902
vn -0.475578 0.315567 -0.821123
vn -0.475578 0.315567 -0.821123
vn -0.475578 0.315567 -0.821123
vn -0.475578 0.315567 -0.821123
vn -0.521703 -0.0256202 -0.852742
vn -0.521703 -0.0256202 -0.852742
vn -0.521703 -0.0256202 -0.852742
vn -0.521703 -0.0256202 -0.852742
vn -0.4573 -0.413011 -0.787591
vn -0.4573 -0.413011 -0.787591
vn -0.4573 -0.413011 -0.787591
vn -0.4573 -0.413011 -0.787591
vn -0.27161 -0.724634 -0.633351
vn -0.27161 -0.724634 -0.633351
vn -0.27161 -0.724634 -0.633351
vn -0.27161 -0.724634 -0.633351
vn 4.7949e-05 -0.920978 -0.389614
vn 4.7949e-05 -0.920978 -0.389614
vn 4.7949e-05 -0.920978 -0.389614
vn 4.7949e-05 -0.920978 -0.389614
vn 0.264667 -0.957813 -0.112006
vn 0.264667 -0.957813 -0.112006
vn 0.264667 -0.957813 -0.112006
vn 0.264667 -0.957813 -0.112006
vn 0.457908 -0.85683 0.236987
vn 0.457908 -0.85683 0.236987
vn 0.457908 -0.85683 0.236987
vn 0.457908 -0.85683 0.236987
vn 0.473333 0.0360015 0.880147
vn 0.473333 0.0360015 0.880147
vn 0.473333 0.0360015 0.880147
vn 0.473333 0.0360015 0.880147
vn 0.427358 0.035565 0.903383
vn 0.427358 0.035565 0.903383
vn 0.427358 0.035565 0.903383
vn 0.427358 0.035565 0.903383
vn 0.517675 -0.330588 0.789129
vn 0.517675 -0.330588 0.789129
vn 0.517675 -0.330588 0.789129
vn 0.517675 -0.330588 0.789129
vn 0.511781 -0.663069 0.546278
vn 0.511781 -0.663069 0.546278
vn 0.511781 -0.663069 0.546278
vn 0.511781 -0.663069 0.546278
vn 0.279791 0.392868 0.875998
vn 0.279791 0.392868 0.875998
vn 0.279791 0.392868 0.875998
vn 0.279791 0.392868 0.875998
vn 0.173823 0.344097 0.922704
vn 0.173823 0.344097 0.922704
vn 0.173823 0.344097 0.922704
vn 0.173823 0.344097 0.922704
vn 0.3696 -0.418995 0.829361
vn 0.3696 -0.418995 0.829361
vn 0.3696 -0.418995 0.829361
vn 0.3696 -0.418995 0.829361
vn -0.00778903 0.635849 0.771774
vn -0.00778903 0.635849 0.771774
vn -0.00778903 0.635849 0.771774
vn -0.00778903 0.635849 0.771774
vn -0.162635 0.560634 0.811936
vn -0.162635 0.560634 0.811936
vn -0.162635 0.560634 0.811936
vn -0.162635 0.560634 0.811936
vn 0.0584096 -0.190533 0.979942
vn 0.0584096 -0.190533 0.979942
vn 0.0584096 -0.190533 0.979942
vn 0.0584096 -0.190533 0.979942
vn -0.347593 0.769963 0.535105
vn -0.347593 0.769963 0.535105
vn -0.347593 0.769963 0.535105
vn -0.347593 0.769963 0.535105
vn -0.476042 0.689792 0.545501
vn -0.476042 0.689792 0.545501
vn -0.476042 0.689792 0.545501
vn -0.476042 0.689792 0.545501
vn -0.30518 -0.0219486 0.952042
vn -0.30518 -0.0219486 0.952042
vn -0.30518 -0.0219486 0.952042
vn -0.30518 -0.0219486 0.952042
vn -0.581792 0.791101 0.188884
vn -0.581792 0.791101 0.188884
vn -0.581792 0.791101 0.188884
vn -0.581792 0.791101 0.188884
vn -0.679674 0.710041 0.184078
vn -0.679674 0.710041 0.184078
vn -0.679674 0.710041 0.184078
vn -0.679674 0.710041 0.184078
vn -0.651017 0.102986 0.752044
vn -0.651017 0.102986 0.752044
vn -0.651017 0.102986 0.752044
vn -0.651017 0.102986 0.752044
vn -0.651988 0.733787 -0.190966
vn -0.651988 0.733787 -0.190966
vn -0.651988 0.733787 -0.190966
vn -0.651988 0.733787 -0.190966
vn -0.709844 0.672502 -0.209434
vn -0.709844 0.672502 -0.209434
vn -0.709844 0.672502 -0.209434
vn -0.709844 0.672502 -0.209434
vn -0.898933 0.207029 0.386081
vn -0.898933 0.207029 0.386081
vn -0.898933 0.207029 0.386081
vn -0.898933 0.207029 0.386081
vn -0.551336 0.629762 -0.547201
vn -0.551336 0.629762 -0.547201
vn -0.551336 0.629762 -0.547201
vn -0.551336 0.629762 -0.547201
vn -0.55128 0.623774 -0.554072
vn -0.55128 0.623774 -0.554072
vn -0.55128 0.623774 -0.554072
vn -0.55128 0.623774 -0.554072
vn -0.953358 0.301783 -0.00589373
vn -0.953358 0.301783 -0.00589373
vn -0.953358 0.301783 -0.00589373
vn -0.953358 0.301783 -0.00589373
vn -0.243456 0.526232 -0.814745
vn -0.243456 0.526232 -0.814745
vn -0.243456 0.526232 -0.814745
vn -0.243456 0.526232 -0.814745
vn -0.217435 0.576858 -0.787374
vn -0.217435 0.576858 -0.787374
vn -0.217435 0.576858 -0.787374
vn -0.217435 0.576858 -0.787374
vn -0.831052 0.413313 -0.372188
vn -0.831052 0.413313 -0.372188
vn -0.831052 0.413313 -0.372188
vn -0.831052 0.413313 -0.372188
vn 0.135716 0.465501 -0.87458
vn 0.135716 0.465501 -0.87458
vn 0.135716 0.465501 -0.87458
vn 0.135716 0.465501 -0.87458
vn 0.169222 0.559016 -0.811705
vn 0.169222 0.559016 -0.811705
vn 0.169222 0.559016 -0.811705
vn 0.169222 0.559016 -0.811705
vn -0.567503 0.543135 -0.618826
vn -0.567503 0.543135 -0.618826
vn -0.567503 0.543135 -0.618826
vn -0.567503 0.543135 -0.618826
vn 0.532079 0.385336 -0.753929
vn 0.532079 0.385336 -0.753929
vn 0.532079 0.385336 -0.753929
vn 0.532079 0.385336 -0.753929
vn 0.566983 0.524213 -0.635398
vn 0.566983 0.524213 -0.635398
vn 0.566983 0.524213 -0.635398
vn 0.566983 0.524213 -0.635398
vn -0.195876 0.657103 -0.727907
vn -0.195876 0.657103 -0.727907
vn -0.195876 0.657103 -0.727907
vn -0.195876 0.657103 -0.727907
vn 0.826881 0.31159 -0.468167
vn 0.826881 0.31159 -0.468167
vn 0.826881 0.31159 -0.468167
vn 0.826881 0.31159 -0.468167
vn 0.831494 0.43945 -0.339855
vn 0.831494 0.43945 -0.339855
vn 0.831494 0.43945 -0.339855
vn 0.831494 0.43945 -0.339855
vn 0.17711 0.751626 -0.635367
vn 0.17711 0.751626 -0.635367
vn 0.17711 0.751626 -0.635367
vn 0.17711 0.751626 -0.635367
vn 0.984436 0.15069 -0.0904375
vn 0.984436 0.15069 -0.0904375
vn 0.984436 0.15069 -0.0904375
vn 0.984436 0.15069 -0.0904375
vn 0.95444 0.293893 0.0516809
vn 0.95444 0.293893 0.0516809
vn 0.95444 0.293893 0.0516809
vn 0.95444 0.293893 0.0516809
vn 0.465565 0.810912 -0.354501
vn 0.465565 0.810912 -0.354501
vn 0.465565 0.810912 -0.354501
vn 0.465565 0.810912 -0.354501
vn 0.951117 0.00121892 0.308828
vn 0.951117 0.00121892 0.308828
vn 0.951117 0.00121892 0.308828
vn 0.951117 0.00121892 0.308828
vn 0.895845 0.123064 0.426985
vn 0.895845 0.123064 0.426985
vn 0.895845 0.123064 0.426985
vn 0.895845 0.123064 0.426985
vn 0.589038 0.807535 0.0303555
vn 0.589038 0.807535 0.0303555
vn 0.589038 0.807535 0.0303555
vn 0.589038 0.807535 0.0303555
vn 0.760345 -0.163197 0.628683
vn 0.760345 -0.163197 0.628683
vn 0.760345 -0.163197 0.628683
vn 0.760345 -0.163197 0.628683
vn 0.684232 -0.0692114 0.725972
vn 0.684232 -0.0692114 0.725972
vn 0.684232 -0.0692114 0.725972
vn 0.684232 -0.0692114 0.725972
vn 0.563884 0.699779 0.43857
vn 0.563884 0.699779 0.43857
vn 0.563884 0.699779 0.43857
vn 0.563884 0.699779 0.43857
vn 0.454831 -0.372923 0.808738
vn 0.454831 -0.372923 0.808738
vn 0.454831 -0.372923 0.808738
vn 0.454831 -0.372923 0.808738
vn 0.391974 -0.320084 0.862498
vn 0.391974 -0.320084 0.862498
vn 0.391974 -0.320084 0.862498
vn 0.391974 -0.320084 0.862498
vn 0.407788 0.480958 0.776137
vn 0.407788 0.480958 0.776137
vn 0.407788 0.480958 0.776137
vn 0.407788 0.480958 0.776137
vn 0.123838 -0.610003 0.782662
vn 0.123838 -0.610003 0.782662
vn 0.123838 -0.610003 0.782662
vn 0.123838 -0.610003 0.782662
vn 0.103605 -0.593502 0.798136
vn 0.103605 -0.593502 0.798136
vn 0.103605 -0.593502 0.798136
vn 0.103605 -0.593502 0.798136
vn 0.214192 0.16467 0.962811
vn 0.214192 0.16467 0.962811
vn 0.214192 0.16467 0.962811
vn 0.214192 0.16467 0.962811
vn -0.125208 -0.816419 0.563722
vn -0.125208 -0.816419 0.563722
vn -0.125208 -0.816419 0.563722
vn -0.125208 -0.816419 0.563722
vn -0.0885912 -0.830486 0.549949
vn -0.0885912 -0.830486 0.549949
vn -0.0885912 -0.830486 0.549949
vn -0.0885912 -0.830486 0.549949
vn 0.0394655 -0.210547 0.976787
vn 0.0394655 -0.210547 0.976787
vn 0.0394655 -0.210547 0.976787
vn 0.0394655 -0.210547 0.976787
vn -0.240923 -0.946086 0.216511
vn -0.240923 -0.946086 0.216511
vn -0.240923 -0.946086 0.216511
vn -0.240923 -0.946086 0.216511
vn -0.1463 -0.971423 0.186906
vn -0.1463 -0.971423 0.186906
vn -0.1463 -0.971423 0.186906
vn -0.1463 -0.971423 0.186906
vn -0.0183741 -0.577592 0.816118
vn -0.0183741 -0.577592 0.816118
vn -0.0183741 -0.577592 0.816118
vn -0.0183741 -0.577592 0.816118
vn -0.210842 -0.960776 -0.180154
vn -0.210842 -0.960776 -0.180154
vn -0.210842 -0.960776 -0.180154
vn -0.210842 -0.960776 -0.180154
vn -0.0635732 -0.977003 -0.203525
vn -0.0635732 -0.977003 -0.203525
vn -0.0635732 -0.977003 -0.203525
vn -0.0635732 -0.977003 -0.203525
vn 0.070169 -0.848671 0.524246
vn 0.070169 -0.848671 0.524246
vn 0.070169 -0.848671 0.524246
vn 0.070169 -0.848671 0.524246
vn -0.0664455 -0.818072 -0.571264
vn -0.0664455 -0.818072 -0.571264
vn -0.0664455 -0.818072 -0.571264
vn -0.0664455 -0.818072 -0.571264
vn 0.0979119 -0.828406 -0.551505
vn 0.0979119 -0.828406 -0.551505
vn 0.0979119 -0.828406 -0.551505
vn 0.0979119 -0.828406 -0.551505
vn 0.260811 -0.941818 0.212028
vn 0.260811 -0.941818 0.212028
vn 0.260811 -0.941818 0.212028
vn 0.260811 -0.941818 0.212028
vn 0.0991696 -0.517696 -0.849797
vn 0.0991696 -0.517696 -0.849797
vn 0.0991696 -0.517696 -0.849797
vn 0.0991696 -0.517696 -0.849797
vn 0.277012 -0.511593 -0.813349
vn 0.277012 -0.511593 -0.813349
vn 0.277012 -0.511593 -0.813349
vn 0.277012 -0.511593 -0.813349
vn 0.503111 -0.858305 -0.100957
vn 0.503111 -0.858305 -0.100957
vn 0.503111 -0.858305 -0.100957
vn 0.503111 -0.858305 -0.100957
vn 0.228784 -0.150111 -0.961834
vn 0.228784 -0.150111 -0.961834
vn 0.228784 -0.150111 -0.961834
vn 0.228784 -0.150111 -0.961834
vn 0.362541 -0.118198 -0.924442
vn 0.362541 -0.118198 -0.924442
vn 0.362541 -0.118198 -0.924442
vn 0.362541 -0.118198 -0.924442
vn 0.719692 -0.595078 -0.357668
vn 0.719692 -0.595078 -0.357668
vn 0.719692 -0.595078 -0.357668
vn 0.719692 -0.595078 -0.357668
vn 0.244732 0.255701 -0.935266
vn 0.244732 0.255701 -0.935266
vn 0.244732 0.255701 -0.935266
vn 0.244732 0.255701 -0.935266
vn 0.325004 0.282782 -0.902445
vn 0.325004 0.282782 -0.902445
vn 0.325004 0.282782 -0.902445
vn 0.325004 0.282782 -0.902445
vn 0.816388 -0.215654 -0.535727
vn 0.816388 -0.215654 -0.535727
vn 0.816388 -0.215654 -0.535727
vn 0.816388 -0.215654 -0.535727
vn 0.110159 0.60271 -0.79032
vn 0.110159 0.60271 -0.79032
vn 0.110159 0.60271 -0.79032
vn 0.110159 0.60271 -0.79032
vn 0.117944 0.61489 -0.779743
vn 0.117944 0.61489 -0.779743
vn 0.117944 0.61489 -0.779743
vn 0.117944 0.61489 -0.779743
vn 0.748154 0.171298 -0.641033
vn 0.748154 0.171298 -0.641033
vn 0.748154 0.171298 -0.641033
vn 0.748154 0.171298 -0.641033
vn -0.157945 0.798127 -0.581418
vn -0.157945 0.798127 -0.581418
vn -0.157945 0.798127 -0.581418
vn -0.157945 0.798127 -0.581418
vn -0.18754 0.774579 -0.604033
vn -0.18754 0.774579 -0.604033
vn -0.18754 0.774579 -0.604033
vn -0.18754 0.774579 -0.604033
vn 0.529553 0.497699 -0.686927
vn 0.529553 0.497699 -0.686927
vn 0.529553 0.497699 -0.686927
vn 0.529553 0.497699 -0.686927
vn -0.487783 0.797828 -0.354314
vn -0.487783 0.797828 -0.354314
vn -0.487783 0.797828 -0.354314
vn -0.487783 0.797828 -0.354314
vn -0.539063 0.729366 -0.421232
vn -0.539063 0.729366 -0.421232
vn -0.539063 0.729366 -0.421232
vn -0.539063 0.729366 -0.421232
vn 0.158831 0.71284 -0.683105
vn 0.158831 0.71284 -0.683105
vn 0.158831 0.71284 -0.683105
vn 0.158831 0.71284 -0.683105
vn -0.789114 0.595019 -0.152486
vn -0.789114 0.595019 -0.152486
vn -0.789114 0.595019 -0.152486
vn -0.789114 0.595019 -0.152486
vn -0.828738 0.498771 -0.253814
vn -0.828738 0.498771 -0.253814
vn -0.828738 0.498771 -0.253814
vn -0.828738 0.498771 -0.253814
vn -0.211352 0.722209 -0.658593
vn -0.211352 0.722209 -0.658593
vn -0.211352 0.722209 -0.658593
vn -0.211352 0.722209 -0.658593
vn -0.968981 0.246954 0.00946564
vn -0.968981 0.246954 0.00946564
vn -0.968981 0.246954 0.00946564
vn -0.968981 0.246954 0.00946564
vn -0.985097 0.157181 -0.0698382
vn -0.985097 0.157181 -0.0698382
vn -0.985097 0.157181 -0.0698382
vn -0.985097 0.157181 -0.0698382
vn -0.555034 0.633579 -0.538994
vn -0.555034 0.633579 -0.538994
vn -0.555034 0.633579 -0.538994
vn -0.555034 0.633579 -0.538994
vn -0.969875 -0.113803 0.215388
vn -0.969875 -0.113803 0.215388
vn -0.969875 -0.113803 0.215388
vn -0.969875 -0.113803 0.215388
vn -0.971523 -0.132887 0.196172
vn -0.971523 -0.132887 0.196172
vn -0.971523 -0.132887 0.196172
vn -0.971523 -0.132887 0.196172
vn -0.832994 0.446639 -0.326549
vn -0.832994 0.446639 -0.326549
vn -0.832994 0.446639 -0.326549
vn -0.832994 0.446639 -0.326549
vn -0.806947 -0.391881 0.441889
vn -0.806947 -0.391881 0.441889
vn -0.806947 -0.391881 0.441889
vn -0.806947 -0.391881 0.441889
vn -0.808311 -0.386866 0.443811
vn -0.808311 -0.386866 0.443811
vn -0.808311 -0.386866 0.443811
vn -0.808311 -0.386866 0.443811
vn -0.978831 0.201171 -0.0376952
vn -0.978831 0.201171 -0.0376952
vn -0.978831 0.201171 -0.0376952
vn -0.978831 0.201171 -0.0376952
vn -0.511824 -0.588683 0.625691
vn -0.511824 -0.588683 0.625691
vn -0.511824 -0.588683 0.625691
vn -0.511824 -0.588683 0.625691
vn -0.51861 -0.539104 0.663634
vn -0.51861 -0.539104 0.663634
vn -0.51861 -0.539104 0.663634
vn -0.51861 -0.539104 0.663634
vn -0.97278 -0.0605801 0.22367
vn -0.97278 -0.0605801 0.22367
vn -0.97278 -0.0605801 0.22367
vn -0.97278 -0.0605801 0.22367
vn -0.14991 -0.662247 0.734137
vn -0.14991 -0.662247 0.734137
vn -0.14991 -0.662247 0.734137
vn -0.14991 -0.662247 0.734137
vn -0.138561 -0.656428 0.741554
vn -0.138561 -0.656428 0.741554
vn -0.138561 -0.656428 0.741554
vn -0.138561 -0.656428 0.741554
vn -0.793622 -0.290457 0.534602
vn -0.793622 -0.290457 0.534602
vn -0.793622 -0.290457 0.534602
vn -0.793622 -0.290457 0.534602
vn 0.248254 -0.661215 0.70793
vn 0.248254 -0.661215 0.70793
vn 0.248254 -0.661215 0.70793
vn 0.248254 -0.661215 0.70793
vn 0.242733 -0.611275 0.753275
vn 0.242733 -0.611275 0.753275
vn 0.242733 -0.611275 0.753275
vn 0.242733 -0.611275 0.753275
vn -0.50209 -0.364779 0.784119
vn -0.50209 -0.364779 0.784119
vn -0.50209 -0.364779 0.784119
vn -0.50209 -0.364779 0.784119
vn 0.594115 -0.529101 0.60587
vn 0.594115 -0.529101 0.60587
vn 0.594115 -0.529101 0.60587
vn 0.594115 -0.529101 0.60587
vn 0.587487 -0.475837 0.654552
vn 0.587487 -0.475837 0.654552
vn 0.587487 -0.475837 0.654552
vn 0.587487 -0.475837 0.654552
vn -0.12385 -0.28816 0.94954
vn -0.12385 -0.28816 0.94954
vn -0.12385 -0.28816 0.94954
vn -0.12385 -0.28816 0.94954
vn 0.837168 -0.357174 0.414218
vn 0.837168 -0.357174 0.414218
vn 0.837168 -0.357174 0.414218
vn 0.837168 -0.357174 0.414218
vn 0.852328 -0.281865 0.440555
vn 0.852328 -0.281865 0.440555
vn 0.852328 -0.281865 0.440555
vn 0.852328 -0.281865 0.440555
vn 0.269967 -0.0700417 0.960319
vn 0.269967 -0.0700417 0.960319
vn 0.269967 -0.0700417 0.960319
vn 0.269967 -0.0700417 0.960319
vn 0.984675 -0.126997 0.119526
vn 0.984675 -0.126997 0.119526
vn 0.984675 -0.126997 0.119526
vn 0.984675 -0.126997 0.119526
vn 0.989854 -0.0380162 0.136905
vn 0.989854 -0.0380162 0.136905
vn 0.989854 -0.0380162 0.136905
vn 0.989854 -0.0380162 0.136905
vn 0.579571 0.158965 0.799267
vn 0.579571 0.158965 0.799267
vn 0.579571 0.158965 0.799267
vn 0.579571 0.158965 0.799267
vn 0.965136 0.0654856 -0.253427
vn 0.965136 0.0654856 -0.253427
vn 0.965136 0.0654856 -0.253427
vn 0.965136 0.0654856 -0.253427
vn 0.963491 0.0940557 -0.250675
vn 0.963491 0.0940557 -0.250675
vn 0.963491 0.0940557 -0.250675
vn 0.963491 0.0940557 -0.250675
vn 0.809918 0.324791 0.488408
vn 0.809918 0.324791 0.488408
vn 0.809918 0.324791 0.488408
vn 0.809918 0.324791 0.488408
vn 0.801651 0.0984872 -0.589623
vn 0.801651 0.0984872 -0.589623
vn 0.801651 0.0984872 -0.589623
vn 0.801651 0.0984872 -0.589623
vn 0.804125 0.0668222 -0.590692
vn 0.804125 0.0668222 -0.590692
vn 0.804125 0.0668222 -0.590692
vn 0.804125 0.0668222 -0.590692
vn 0.921357 0.373175 0.108819
vn 0.921357 0.373175 0.108819
vn 0.921357 0.373175 0.108819
vn 0.921357 0.373175 0.108819
vn 0.518311 -0.000459119 -0.855192
vn 0.518311 -0.000459119 -0.855192
vn 0.518311 -0.000459119 -0.855192
vn 0.518311 -0.000459119 -0.855192
vn 0.53621 -0.0840049 -0.839894
vn 0.53621 -0.0840049 -0.839894
vn 0.53621 -0.0840049 -0.839894
vn 0.53621 -0.0840049 -0.839894
vn 0.92077 0.255734 -0.294589
vn 0.92077 0.255734 -0.294589
vn 0.92077 0.255734 -0.294589
vn 0.92077 0.255734 -0.294589
vn 0.187135 -0.205729 -0.96055
vn 0.187135 -0.205729 -0.96055
vn 0.187135 -0.205729 -0.96055
vn 0.187135 -0.205729 -0.96055
vn 0.220391 -0.323053 -0.920361
vn 0.220391 -0.323053 -0.920361
vn 0.220391 -0.323053 -0.920361
vn 0.220391 -0.323053 -0.920361
vn 0.828128 0.00201189 -0.560536
vn 0.828128 0.00201189 -0.560536
vn 0.828128 0.00201189 -0.560536
vn 0.828128 0.00201189 -0.560536
vn -0.175717 -0.441797 -0.879738
vn -0.175717 -0.441797 -0.879738
vn -0.175717 -0.441797 -0.879738
vn -0.175717 -0.441797 -0.879738
vn -0.112254 -0.598156 -0.793479
vn -0.112254 -0.598156 -0.793479
vn -0.112254 -0.598156 -0.793479
vn -0.112254 -0.598156 -0.793479
vn 0.660423 -0.344997 -0.666947
vn 0.660423 -0.344997 -0.666947
vn 0.660423 -0.344997 -0.666947
vn 0.660423 -0.344997 -0.666947
vn -0.439317 -0.63594 -0.634492
vn -0.439317 -0.63594 -0.634492
vn -0.439317 -0.63594 -0.634492
vn -0.439317 -0.63594 -0.634492
vn -0.366022 -0.757706 -0.540286
vn -0.366022 -0.757706 -0.540286
vn -0.366022 -0.757706 -0.540286
vn -0.366022 -0.757706 -0.540286
vn 0.466973 -0.672192 -0.574539
vn 0.466973 -0.672192 -0.574539
vn 0.466973 -0.672192 -0.574539
vn 0.466973 -0.672192 -0.574539
vn -0.65719 -0.697623 -0.285348
vn -0.65719 -0.697623 -0.285348
vn -0.65719 -0.697623 -0.285348
vn -0.65719 -0.697623 -0.285348
vn -0.585779 -0.79184 -0.172776
vn -0.585779 -0.79184 -0.172776
vn -0.585779 -0.79184 -0.172776
vn -0.585779 -0.79184 -0.172776
vn 0.2136 -0.93007 -0.298905
vn 0.2136 -0.93007 -0.298905
vn 0.2136 -0.93007 -0.298905
vn 0.2136 -0.93007 -0.298905
vn -0.795435 -0.599716 0.0873174
vn -0.795435 -0.599716 0.0873174
vn -0.795435 -0.599716 0.0873174
vn -0.795435 -0.599716 0.0873174
vn -0.73939 -0.64758 0.184233
vn -0.73939 -0.64758 0.184233
vn -0.73939 -0.64758 0.184233
vn -0.73939 -0.64758 0.184233
vn -0.022005 -0.999381 0.0274625
vn -0.022005 -0.999381 0.0274625
vn -0.022005 -0.999381 0.0274625
vn -0.022005 -0.999381 0.0274625
vn -0.861133 -0.318567 0.396189
vn -0.861133 -0.318567 0.396189
vn -0.861133 -0.318567 0.396189
vn -0.861133 -0.318567 0.396189
vn -0.83738 -0.320854 0.442546
vn -0.83738 -0.320854 0.442546
vn -0.83738 -0.320854 0.442546
vn -0.83738 -0.320854 0.442546
vn -0.270308 -0.892529 0.361007
vn -0.270308 -0.892529 0.361007
vn -0.270308 -0.892529 0.361007
vn -0.270308 -0.892529 0.361007
vn -0.851126 0.0444649 0.523074
vn -0.851126 0.0444649 0.523074
vn -0.851126 0.0444649 0.523074
vn -0.851126 0.0444649 0.523074
vn -0.860341 0.0528422 0.506972
vn -0.860341 0.0528422 0.506972
vn -0.860341 0.0528422 0.506972
vn -0.860341 0.0528422 0.506972
vn -0.508613 -0.631167 0.585612
vn -0.508613 -0.631167 0.585612
vn -0.508613 -0.631167 0.585612
vn -0.508613 -0.631167 0.585612
vn -0.782744 0.425589 0.454077
vn -0.782744 0.425589 0.454077
vn -0.782744 0.425589 0.454077
vn -0.782744 0.425589 0.454077
vn -0.814733 0.410913 0.409098
vn -0.814733 0.410913 0.409098
vn -0.814733 0.410913 0.409098
vn -0.814733 0.410913 0.409098
vn -0.707681 -0.273649 0.651386
vn -0.707681 -0.273649 0.651386
vn -0.707681 -0.273649 0.651386
vn -0.707681 -0.273649 0.651386
vn -0.643033 0.73174 0.225977
vn -0.643033 0.73174 0.225977
vn -0.643033 0.73174 0.225977
vn -0.643033 0.73174 0.225977
vn -0.711696 0.690636 0.128494
vn -0.711696 0.690636 0.128494
vn -0.711696 0.690636 0.128494
vn -0.711696 0.690636 0.128494
vn -0.852833 0.0633777 0.518324
vn -0.852833 0.0633777 0.518324
vn -0.852833 0.0633777 0.518324
vn -0.852833 0.0633777 0.518324
vn -0.453766 0.883812 -0.113897
vn -0.453766 0.883812 -0.113897
vn -0.453766 0.883812 -0.113897
vn -0.453766 0.883812 -0.113897
vn -0.531217 0.813406 -0.237021
vn -0.531217 0.813406 -0.237021
vn -0.531217 0.813406 -0.237021
vn -0.531217 0.813406 -0.237021
vn -0.930085 0.299649 0.21249
vn -0.930085 0.299649 0.21249
vn -0.930085 0.299649 0.21249
vn -0.930085 0.299649 0.21249
vn -0.227593 0.853781 -0.468252
vn -0.227593 0.853781 -0.468252
vn -0.227593 0.853781 -0.468252
vn -0.227593 0.853781 -0.468252
vn -0.313143 0.750997 -0.58133
vn -0.313143 0.750997 -0.58133
vn -0.313143 0.750997 -0.58133
vn -0.313143 0.750997 -0.58133
vn -0.9058 0.393789 -0.156386
vn -0.9058 0.393789 -0.156386
vn -0.9058 0.393789 -0.156386
vn -0.9058 0.393789 -0.156386
vn 0.0486092 0.661898 -0.748016
vn 0.0486092 0.661898 -0.748016
vn 0.0486092 0.661898 -0.748016
vn 0.0486092 0.661898 -0.748016
vn -0.0312223 0.554104 -0.831861
vn -0.0312223 0.554104 -0.831861
vn -0.0312223 0.554104 -0.831861
vn -0.0312223 0.554104 -0.831861
vn -0.752702 0.316666 -0.577202
vn -0.752702 0.316666 -0.577202
vn -0.752702 0.316666 -0.577202
vn -0.752702 0.316666 -0.577202
vn 0.336681 0.387538 -0.858173
vn 0.336681 0.387538 -0.858173
vn 0.336681 0.387538 -0.858173
vn 0.336681 0.387538 -0.858173
vn 0.273022 0.284498 -0.918978
vn 0.273022 0.284498 -0.918978
vn 0.273022 0.284498 -0.918978
vn 0.273022 0.284498 -0.918978
vn -0.503191 0.123355 -0.855326
vn -0.503191 0.123355 -0.855326
vn -0.503191 0.123355 -0.855326
vn -0.503191 0.123355 -0.855326
vn 0.625675 0.101691 -0.773427
vn 0.625675 0.101691 -0.773427
vn 0.625675 0.101691 -0.773427
vn 0.625675 0.101691 -0.773427
vn 0.609726 0.0401136 -0.791597
vn 0.609726 0.0401136 -0.791597
vn 0.609726 0.0401136 -0.791597
vn 0.609726 0.0401136 -0.791597
vn -0.170185 -0.104705 -0.979834
vn -0.170185 -0.104705 -0.979834
vn -0.170185 -0.104705 -0.979834
vn -0.170185 -0.104705 -0.979834
vn 0.843548 -0.0892955 -0.529579
vn 0.843548 -0.0892955 -0.529579
vn 0.843548 -0.0892955 -0.529579
vn 0.843548 -0.0892955 -0.529579
vn 0.83927 -0.0914698 -0.535965
vn 0.83927 -0.0914698 -0.535965
vn 0.83927 -0.0914698 -0.535965
vn 0.83927 -0.0914698 -0.535965
vn 0.186947 -0.298969 -0.935772
vn 0.186947 -0.298969 -0.935772
vn 0.186947 -0.298969 -0.935772
vn 0.186947 -0.298969 -0.935772
vn 0.978458 -0.134943 -0.15624
vn 0.978458 -0.134943 -0.15624
vn 0.978458 -0.134943 -0.15624
vn 0.978458 -0.134943 -0.15624
vn 0.985632 -0.0748118 -0.151435
vn 0.985632 -0.0748118 -0.151435
vn 0.985632 -0.0748118 -0.151435
vn 0.985632 -0.0748118 -0.151435
vn 0.568306 -0.355003 -0.742295
vn 0.568306 -0.355003 -0.742295
vn 0.568306 -0.355003 -0.742295
vn 0.568306 -0.355003 -0.742295
vn 0.974106 -0.0378426 0.222904
vn 0.974106 -0.0378426 0.222904
vn 0.974106 -0.0378426 0.222904
vn 0.974106 -0.0378426 0.222904
vn 0.974885 0.0735396 0.210218
vn 0.974885 0.0735396 0.210218
vn 0.974885 0.0735396 0.210218
vn 0.974885 0.0735396 0.210218
vn 0.84811 -0.238455 -0.473127
vn 0.84811 -0.238455 -0.473127
vn 0.84811 -0.238455 -0.473127
vn 0.84811 -0.238455 -0.473127
vn 0.794105 0.169455 0.58368
vn 0.794105 0.169455 0.58368
vn 0.794105 0.169455 0.58368
vn 0.794105 0.169455 0.58368
vn 0.801844 0.28009 0.527822
vn 0.801844 0.28009 0.527822
vn 0.801844 0.28009 0.527822
vn 0.801844 0.28009 0.527822
vn 0.985183 -0.00774199 -0.171332
vn 0.985183 -0.00774199 -0.171332
vn 0.985183 -0.00774199 -0.171332
vn 0.985183 -0.00774199 -0.171332
vn 0.517112 0.397762 0.757879
vn 0.517112 0.397762 0.757879
vn 0.517112 0.397762 0.757879
vn 0.517112 0.397762 0.757879
vn 0.508849 0.506366 0.69618
vn 0.508849 0.506366 0.69618
vn 0.508849 0.506366 0.69618
vn 0.508849 0.506366 0.69618
vn 0.961632 0.243387 0.126599
vn 0.961632 0.243387 0.126599
vn 0.961632 0.243387 0.126599
vn 0.961632 0.243387 0.126599
vn 0.124473 0.555312 0.822275
vn 0.124473 0.555312 0.822275
vn 0.124473 0.555312 0.822275
vn 0.124473 0.555312 0.822275
vn 0.13179 0.645902 0.751959
vn 0.13179 0.645902 0.751959
vn 0.13179 0.645902 0.751959
vn 0.13179 0.645902 0.751959
vn 0.783961 0.488936 0.382553
vn 0.783961 0.488936 0.382553
vn 0.783961 0.488936 0.382553
vn 0.783961 0.488936 0.382553
vn -0.244289 0.600768 0.761184
vn -0.244289 0.600768 0.761184
vn -0.244289 0.600768 0.761184
vn -0.244289 0.600768 0.761184
vn -0.273477 0.665251 0.694731
vn -0.273477 0.665251 0.694731
vn -0.273477 0.665251 0.694731
vn -0.273477 0.665251 0.694731
vn 0.49768 0.656535 0.566813
vn 0.49768 0.656535 0.566813
vn 0.49768 0.656535 0.566813
vn 0.49768 0.656535 0.566813
vn -0.613792 0.491536 0.617779
vn -0.613792 0.491536 0.617779
vn -0.613792 0.491536 0.617779
vn -0.613792 0.491536 0.617779
vn -0.620751 0.544518 0.564064
vn -0.620751 0.544518 0.564064
vn -0.620751 0.544518 0.564064
vn -0.620751 0.544518 0.564064
vn 0.117569 0.727527 0.67593
vn 0.117569 0.727527 0.67593
vn 0.117569 0.727527 0.67593
vn 0.117569 0.727527 0.67593
vn -0.868473 0.310208 0.386685
vn -0.868473 0.310208 0.386685
vn -0.868473 0.310208 0.386685
vn -0.868473 0.310208 0.386685
vn -0.866163 0.332761 0.372869
vn -0.866163 0.332761 0.372869
vn -0.866163 0.332761 0.372869
vn -0.866163 0.332761 0.372869
vn -0.255291 0.671849 0.695302
vn -0.255291 0.671849 0.695302
vn -0.255291 0.671849 0.695302
vn -0.255291 0.671849 0.695302
vn -0.991775 0.0647904 0.110387
vn -0.991775 0.0647904 0.110387
vn -0.991775 0.0647904 0.110387
vn -0.991775 0.0647904 0.110387
vn -0.990202 0.055092 0.128319
vn -0.990202 0.055092 0.128319
vn -0.990202 0.055092 0.128319
vn -0.990202 0.055092 0.128319
vn -0.597904 0.421709 0.681668
vn -0.597904 0.421709 0.681668
vn -0.597904 0.421709 0.681668
vn -0.597904 0.421709 0.681668
vn -0.968315 -0.199034 -0.150838
vn -0.968315 -0.199034 -0.150838
vn -0.968315 -0.199034 -0.150838
vn -0.968315 -0.199034 -0.150838
vn -0.964774 -0.253734 -0.0695028
vn -0.964774 -0.253734 -0.0695028
vn -0.964774 -0.253734 -0.0695028
vn -0.964774 -0.253734 -0.0695028
vn -0.781668 0.088108 0.61744
vn -0.781668 0.088108 0.61744
vn -0.781668 0.088108 0.61744
vn -0.781668 0.088108 0.61744
vn -0.778672 -0.508549 -0.367487
vn -0.778672 -0.508549 -0.367487
vn -0.778672 -0.508549 -0.367487
vn -0.778672 -0.508549 -0.367487
vn -0.763617 -0.588113 -0.266481
vn -0.763617 -0.588113 -0.266481
vn -0.763617 -0.588113 -0.266481
vn -0.763617 -0.588113 -0.266481
vn -0.80912 -0.318461 0.493869
vn -0.80912 -0.318461 0.493869
vn -0.80912 -0.318461 0.493869
vn -0.80912 -0.318461 0.493869
vn -0.4814 -0.707358 -0.51759
vn -0.4814 -0.707358 -0.51759
vn -0.4814 -0.707358 -0.51759
vn -0.4814 -0.707358 -0.51759
vn -0.458321 -0.760799 -0.459486
vn -0.458321 -0.760799 -0.459486
vn -0.458321 -0.760799 -0.459486
vn -0.458321 -0.760799 -0.459486
vn -0.683358 -0.661835 0.308215
vn -0.683358 -0.661835 0.308215
vn -0.683358 -0.661835 0.308215
vn -0.683358 -0.661835 0.308215
vn -0.128402 -0.736767 -0.663842
vn -0.128402 -0.736767 -0.663842
vn -0.128402 -0.736767 -0.663842
vn -0.128402 -0.736767 -0.663842
vn -0.115153 -0.75858 -0.641324
vn -0.115153 -0.75858 -0.641324
vn -0.115153 -0.75858 -0.641324
vn -0.115153 -0.75858 -0.641324
vn -0.443469 -0.895641 0.0340794
vn -0.443469 -0.895641 0.0340794
vn -0.443469 -0.895641 0.0340794
vn -0.443469 -0.895641 0.0340794
vn 0.198807 -0.587163 -0.784675
vn 0.198807 -0.587163 -0.784675
vn 0.198807 -0.587163 -0.784675
vn 0.198807 -0.587163 -0.784675
vn 0.174486 -0.569301 -0.803399
vn 0.174486 -0.569301 -0.803399
vn 0.174486 -0.569301 -0.803399
vn 0.174486 -0.569301 -0.803399
vn -0.211716 -0.935306 -0.283511
vn -0.211716 -0.935306 -0.283511
vn -0.211716 -0.935306 -0.283511
vn -0.211716 -0.935306 -0.283511
vn 0.431489 -0.256792 -0.864798
vn 0.431489 -0.256792 -0.864798
vn 0.431489 -0.256792 -0.864798
vn 0.431489 -0.256792 -0.864798
vn 0.352011 -0.210473 -0.912025
vn 0.352011 -0.210473 -0.912025
vn 0.352011 -0.210473 -0.912025
vn 0.352011 -0.210473 -0.912025
vn -0.0356385 -0.794129 -0.606704
vn -0.0356385 -0.794129 -0.606704
vn -0.0356385 -0.794129 -0.606704
vn -0.0356385 -0.794129 -0.606704
vn 0.502923 0.146216 -0.851874
vn 0.502923 0.146216 -0.851874
vn 0.502923 0.146216 -0.851874
vn 0.502923 0.146216 -0.851874
vn 0.363526 0.20811 -0.908041
vn 0.363526 0.20811 -0.908041
vn 0.363526 0.20811 -0.908041
vn 0.363526 0.20811 -0.908041
vn 0.0188634 -0.517795 -0.855297
vn 0.0188634 -0.517795 -0.855297
vn 0.0188634 -0.517795 -0.855297
vn 0.0188634 -0.517795 -0.855297
vn 0.416692 0.541915 -0.72986
vn 0.416692 0.541915 -0.72986
vn 0.416692 0.541915 -0.72986
vn 0.416692 0.541915 -0.72986
vn 0.256453 0.581048 -0.772408
vn 0.256453 0.581048 -0.772408
vn 0.256453 0.581048 -0.772408
vn 0.256453 0.581048 -0.772408
vn -0.0572017 -0.145024 -0.987773
vn -0.0572017 -0.145024 -0.987773
vn -0.0572017 -0.145024 -0.987773
vn -0.0572017 -0.145024 -0.987773
vn 0.251268 0.83482 -0.489836
vn 0.251268 0.83482 -0.489836
vn 0.251268 0.83482 -0.489836
vn 0.251268 0.83482 -0.489836
vn 0.0748215 0.854067 -0.514753
vn 0.0748215 0.854067 -0.514753
vn 0.0748215 0.854067 -0.514753
vn 0.0748215 0.854067 -0.514753
vn -0.247303 0.235176 -0.939965
vn -0.247303 0.235176 -0.939965
vn -0.247303 0.235176 -0.939965
vn -0.247303 0.235176 -0.939965
vn 0.0574917 0.988637 -0.138893
vn 0.0574917 0.988637 -0.138893
vn 0.0574917 0.988637 -0.138893
vn 0.0574917 0.988637 -0.138893
vn -0.075672 0.987748 -0.136486
vn -0.075672 0.987748 -0.136486
vn -0.075672 0.987748 -0.136486
vn -0.075672 0.987748 -0.136486
vn -0.440954 0.528865 -0.725163
vn -0.440954 0.528865 -0.725163
vn -0.440954 0.528865 -0.725163
vn -0.440954 0.528865 -0.725163
vn -0.0437623 0.960219 0.275796
vn -0.0437623 0.960219 0.275796
vn -0.0437623 0.960219 0.275796
vn -0.0437623 0.960219 0.275796
vn -0.142522 0.946142 0.290694
vn -0.142522 0.946142 0.290694
vn -0.142522 0.946142 0.290694
vn -0.142522 0.946142 0.290694
vn -0.584513 0.719686 -0.374695
vn -0.584513 0.719686 -0.374695
vn -0.584513 0.719686 -0.374695
vn -0.584513 0.719686 -0.374695
vn -0.0436557 0.784059 0.61915
vn -0.0436557 0.784059 0.61915
vn -0.0436557 0.784059 0.61915
vn -0.0436557 0.784059 0.61915
vn -0.0577191 0.778388 0.625125
vn -0.0577191 0.778388 0.625125
vn -0.0577191 0.778388 0.625125
vn -0.0577191 0.778388 0.625125
vn -0.576633 0.816277 0.0344482
vn -0.576633 0.816277 0.0344482
vn -0.576633 0.816277 0.0344482
vn -0.576633 0.816277 0.0344482
vn 0.0859154 0.527944 0.844922
vn 0.0859154 0.527944 0.844922
vn 0.0859154 0.527944 0.844922
vn 0.0859154 0.527944 0.844922
vn 0.152516 0.534092 0.831556
vn 0.152516 0.534092 0.831556
vn 0.152516 0.534092 0.831556
vn 0.152516 0.534092 0.831556
vn -0.41057 0.804173 0.429812
vn -0.41057 0.804173 0.429812
vn -0.41057 0.804173 0.429812
vn -0.41057 0.804173 0.429812
vn 0.372758 0.21043 0.903754
vn 0.372758 0.21043 0.903754
vn 0.372758 0.21043 0.903754
vn 0.372758 0.21043 0.903754
vn 0.443743 0.270413 0.854382
vn 0.443743 0.270413 0.854382
vn 0.443743 0.270413 0.854382
vn 0.443743 0.270413 0.854382
vn -0.108067 0.732162 0.672503
vn -0.108067 0.732162 0.672503
vn -0.108067 0.732162 0.672503
vn -0.108067 0.732162 0.672503
vn 0.636788 -0.0949369 0.765172
vn 0.636788 -0.0949369 0.765172
vn 0.636788 -0.0949369 0.765172
vn 0.636788 -0.0949369 0.765172
vn 0.734041 0.0137567 0.678966
vn 0.734041 0.0137567 0.678966
vn 0.734041 0.0137567 0.678966
vn 0.734041 0.0137567 0.678966
vn 0.272456 0.635146 0.722743
vn 0.272456 0.635146 0.722743
vn 0.272456 0.635146 0.722743
vn 0.272456 0.635146 0.722743
vn 0.838838 -0.302116 0.452854
vn 0.838838 -0.302116 0.452854
vn 0.838838 -0.302116 0.452854
vn 0.838838 -0.302116 0.452854
vn 0.916676 -0.185901 0.353759
vn 0.916676 -0.185901 0.353759
vn 0.916676 -0.185901 0.353759
vn 0.916676 -0.185901 0.353759
vn 0.626948 0.519815 0.580283
vn 0.626948 0.519815 0.580283
vn 0.626948 0.519815 0.580283
vn 0.626948 0.519815 0.580283
vn 0.889157 -0.452711 0.0667247
vn 0.889157 -0.452711 0.0667247
vn 0.889157 -0.452711 0.0667247
vn 0.889157 -0.452711 0.0667247
vn 0.940606 -0.337093 -0.0403539
vn 0.940606 -0.337093 -0.0403539
vn 0.940606 -0.337093 -0.0403539
vn 0.940606 -0.337093 -0.0403539
vn 0.870697 0.38297 0.308578
vn 0.870697 0.38297 0.308578
vn 0.870697 0.38297 0.308578
vn 0.870697 0.38297 0.308578
vn 0.765882 -0.556693 -0.321741
vn 0.765882 -0.556693 -0.321741
vn 0.765882 -0.556693 -0.321741
vn 0.765882 -0.556693 -0.321741
vn 0.78592 -0.450544 -0.423485
vn 0.78592 -0.450544 -0.423485
vn 0.78592 -0.450544 -0.423485
vn 0.78592 -0.450544 -0.423485
vn 0.961244 0.266155 -0.0719188
vn 0.961244 0.266155 -0.0719188
vn 0.961244 0.266155 -0.0719188
vn 0.961244 0.266155 -0.0719188
vn 0.485281 -0.616485 -0.620039
vn 0.485281 -0.616485 -0.620039
vn 0.485281 -0.616485 -0.620039
vn 0.485281 -0.616485 -0.620039
vn 0.478951 -0.525418 -0.703237
vn 0.478951 -0.525418 -0.703237
vn 0.478951 -0.525418 -0.703237
vn 0.478951 -0.525418 -0.703237
vn 0.868979 0.175269 -0.46277
vn 0.868979 0.175269 -0.46277
vn 0.868979 0.175269 -0.46277
vn 0.868979 0.175269 -0.46277
vn 0.125379 -0.634629 -0.762579
vn 0.125379 -0.634629 -0.762579
vn 0.125379 -0.634629 -0.762579
vn 0.125379 -0.634629 -0.762579
vn 0.0979946 -0.553903 -0.826794
vn 0.0979946 -0.553903 -0.826794
vn 0.0979946 -0.553903 -0.826794
vn 0.0979946 -0.553903 -0.826794
vn 0.606569 0.0870462 -0.790251
vn 0.606569 0.0870462 -0.790251
vn 0.606569 0.0870462 -0.790251
vn 0.606569 0.0870462 -0.790251
vn -0.278891 -0.615663 -0.737007
vn -0.278891 -0.615663 -0.737007
vn -0.278891 -0.615663 -0.737007
vn -0.278891 -0.615663 -0.737007
vn -0.283367 -0.573942 -0.768306
vn -0.283367 -0.573942 -0.768306
vn -0.283367 -0.573942 -0.768306
vn -0.283367 -0.573942 -0.768306
vn 0.220151 -0.0576426 -0.973761
vn 0.220151 -0.0576426 -0.973761
vn 0.220151 -0.0576426 -0.973761
vn 0.220151 -0.0576426 -0.973761
vn -0.605159 -0.605677 -0.516661
vn -0.605159 -0.605677 -0.516661
vn -0.605159 -0.605677 -0.516661
vn -0.605159 -0.605677 -0.516661
vn -0.587029 -0.626244 -0.513045
vn -0.587029 -0.626244 -0.513045
vn -0.587029 -0.626244 -0.513045
vn -0.587029 -0.626244 -0.513045
vn -0.122921 -0.230495 -0.965278
vn -0.122921 -0.230495 -0.965278
vn -0.122921 -0.230495 -0.965278
vn -0.122921 -0.230495 -0.965278
vn -0.775664 -0.614616 -0.143503
vn -0.775664 -0.614616 -0.143503
vn -0.775664 -0.614616 -0.143503
vn -0.775664 -0.614616 -0.143503
vn -0.723683 -0.679878 -0.118527
vn -0.723683 -0.679878 -0.118527
vn -0.723683 -0.679878 -0.118527
vn -0.723683 -0.679878 -0.118527
vn -0.407173 -0.465052 -0.78609
vn -0.407173 -0.465052 -0.78609
vn -0.407173 -0.465052 -0.78609
vn -0.407173 -0.465052 -0.78609
vn -0.752714 -0.605477 0.258495
vn -0.752714 -0.605477 0.258495
vn -0.752714 -0.605477 0.258495
vn -0.752714 -0.605477 0.258495
vn -0.649665 -0.707889 0.277181
vn -0.649665 -0.707889 0.277181
vn -0.649665 -0.707889 0.277181
vn -0.649665 -0.707889 0.277181
vn -0.518817 -0.694542 -0.498438
vn -0.518817 -0.694542 -0.498438
vn -0.518817 -0.694542 -0.498438
vn -0.518817 -0.694542 -0.498438
vn -0.542559 -0.553511 0.631866
vn -0.542559 -0.553511 0.631866
vn -0.542559 -0.553511 0.631866
vn -0.542559 -0.553511 0.631866
vn -0.411582 -0.660967 0.627473
vn -0.411582 -0.660967 0.627473
vn -0.411582 -0.660967 0.627473
vn -0.411582 -0.660967 0.627473
vn -0.432442 -0.890259 -0.142942
vn -0.432442 -0.890259 -0.142942
vn -0.432442 -0.890259 -0.142942
vn -0.432442 -0.890259 -0.142942
vn -0.225936 -0.450573 0.863676
vn -0.225936 -0.450573 0.863676
vn -0.225936 -0.450573 0.863676
vn -0.225936 -0.450573 0.863676
vn -0.0777782 -0.546396 0.833907
vn -0.0777782 -0.546396 0.833907
vn -0.0777782 -0.546396 0.833907
vn -0.0777782 -0.546396 0.833907
vn -0.209382 -0.961285 0.179138
vn -0.209382 -0.961285 0.179138
vn -0.209382 -0.961285 0.179138
vn -0.209382 -0.961285 0.179138
vn 0.138847 -0.218484 0.965912
vn 0.138847 -0.218484 0.965912
vn 0.138847 -0.218484 0.965912
vn 0.138847 -0.218484 0.965912
vn 0.262857 -0.278242 0.923844
vn 0.262857 -0.278242 0.923844
vn 0.262857 -0.278242 0.923844
vn 0.262857 -0.278242 0.923844
vn 0.0740633 -0.884793 0.46006
vn 0.0740633 -0.884793 0.46006
vn 0.0740633 -0.884793 0.46006
vn 0.0740633 -0.884793 0.46006
vn 0.393909 0.0844898 0.915258
vn 0.393909 0.0844898 0.915258
vn 0.393909 0.0844898 0.915258
vn 0.393909 0.0844898 0.915258
vn 0.451466 0.0584662 0.890371
vn 0.451466 0.0584662 0.890371
vn 0.451466 0.0584662 0.890371
vn 0.451466 0.0584662 0.890371
vn 0.323274 -0.678054 0.660103
vn 0.323274 -0.678054 0.660103
vn 0.323274 -0.678054 0.660103
vn 0.323274 -0.678054 0.660103
vn 0.501563 0.430205 0.750572
vn 0.501563 0.430205 0.750572
vn 0.501563 0.430205 0.750572
vn 0.501563 0.430205 0.750572
vn 0.503483 0.427788 0.750668
vn 0.503483 0.427788 0.750668
vn 0.503483 0.427788 0.750668
vn 0.503483 0.427788 0.750668
vn 0.491038 -0.314664 0.812323
vn 0.491038 -0.314664 0.812323
vn 0.491038 -0.314664 0.812323
vn 0.491038 -0.314664 0.812323
vn 0.438893 0.728031 0.526634
vn 0.438893 0.728031 0.526634
vn 0.438893 0.728031 0.526634
vn 0.438893 0.728031 0.526634
vn 0.399647 0.733917 0.549226
vn 0.399647 0.733917 0.549226
vn 0.399647 0.733917 0.549226
vn 0.399647 0.733917 0.549226
vn 0.246018 0.939782 0.237244
vn 0.246018 0.939782 0.237244
vn 0.246018 0.939782 0.237244
vn 0.246018 0.939782 0.237244
g Default
usemtl Default
s off
f 1//1 2//2 3//3 4//4
f 1//5 5//6 6//7 2//8
f 1//9 7//10 8//11 5//12
f 1//13 4//14 9//15 7//16
f 9//17 10//18 11//19 7//20
f 9//21 4//22 12//23 13//24
f 9//25 13//26 14//27 10//28
f 14//29 15//30 16//31 10//32
f 14//33 13//34 17//35 18//36
f 14//37 18//38 19//39 15//40
f 19//41 20//42 21//43 15//44
f 19//45 18//46 22//47 23//48
f 19//49 23//50 24//51 20//52
f 24//53 25//54 26//55 20//56
f 24//57 23//58 27//59 28//60
f 24//61 28//62 29//63 25//64
f 29//65 30//66 31//67 25//68
f 29//69 28//70 32//71 33//72
f 29//73 33//74 34//75 30//76
f 34//77 35//78 36//79 30//80
f 34//81 33//82 37//83 38//84
f 34//85 38//86 39//87 35//88
f 39//89 40//90 41//91 35//92
f 39//93 38//94 42//95 43//96
f 39//97 43//98 44//99 40//100
f 44//101 45//102 46//103 40//104
f 44//105 43//106 47//107 48//108
f 44//109 48//110 49//111 45//112
f 49//113 50//114 51//115 45//116
f 49//117 48//118 52//119 53//120
f 49//121 53//122 54//123 50//124
f 54//125 55//126 56//127 50//128
f 54//129 53//130 57//131 58//132
f 54//133 58//134 59//135 55//136
f 59//137 60//138 61//139 55//140
f 59//141 58//142 62//143 63//144
f 59//145 63//146 64//147 60//148
f 64//149 65//150 66//151 60//152
f 64//153 63//154 67//155 68//156
f 64//157 68//158 69//159 65//160
f 69//161 70//162 71//163 65//164
f 69//165 68//166 72//167 73//168
f 69//169 73//170 74//171 70//172
f 74//173 75//174 76//175 70//176
f 74//177 73//178 77//179 78//180
f 74//181 78//182 79//183 75//184
f 79//185 80//186 81//187 75//188
f 79//189 78//190 82//191 83//192
f 79//193 83//194 84//195 80//196
f 84//197 85//198 86//199 80//200
f 84//201 83//202 87//203 88//204
f 84//205 88//206 89//207 85//208
f 89//209 90//210 91//211 85//212
f 89//213 88//214 92//215 93//216
f 89//217 93//218 94//219 90//220
f 94//221 95//222 96//223 90//224
f 94//225 93//226 97//227 98//228
f 94//229 98//230 99//231 95//232
f 99//233 100//234 101//235 95//236
f 99//237 98//238 102//239 103//240
f 99//241 103//242 104//243 100//244
f 104//245 105//246 106//247 100//248
f 104//249 103//250 107//251 108//252
f 104//253 108//254 109//255 105//256
f 109//257 110//258 111//259 105//260
f 109//261 108//262 112//263 113//264
f 109//265 113//266 114//267 110//268
f 114//269 115//270 116//271 110//272
f 114//273 113//274 117//275 118//276
f 114//277 118//278 119//279 115//280
f 119//281 120//282 121//283 115//284
f 119//285 118//286 122//287 123//288
f 119//289 123//290 124//291 120//292
f 124//293 125//294 126//295 120//296
f 124//297 123//298 127//299 128//300
f 124//301 128//302 129//303 125//304
f 129//305 130//306 131//307 125//308
f 129//309 128//310 132//311 133//312
f 129//313 133//314 134//315 130//316
f 134//317 135//318 136//319 130//320
f 134//321 133//322 137//323 138//324
f 134//325 138//326 139//327 135//328
f 139//329 140//330 141//331 135//332
f 139//333 138//334 142//335 143//336
f 139//337 143//338 144//339 140//340
f 144//341 145//342 146//343 140//344
f 144//345 143//346 147//347 148//348
f 144//349 148//350 149//351 145//352
f 149//353 150//354 151//355 145//356
f 149//357 148//358 152//359 153//360
f 149//361 153//362 154//363 150//364
f 154//365 155//366 156//367 150//368
f 154//369 153//370 157//371 158//372
f 154//373 158//374 159//375 155//376
f 159//377 160//378 161//379 155//380
f 159//381 158//382 162//383 163//384
f 159//385 163//386 164//387 160//388
f 164//389 165//390 166//391 160//392
f 164//393 163//394 167//395 168//396
f 164//397 168//398 169//399 165//400
f 169//401 170//402 171//403 165//404
f 169//405 168//406 172//407 173//408
f 169//409 173//410 174//411 170//412
f 174//413 175//414 176//415 170//416
f 174//417 173//418 177//419 178//420
f 174//421 178//422 179//423 175//424
f 179//425 180//426 181//427 175//428
f 179//429 178//430 182//431 183//432
f 179//433 183//434 184//435 180//436
f 184//437 185//438 186//439 180//440
f 184//441 183//442 187//443 188//444
f 184//445 188//446 189//447 185//448
f 189//449 190//450 191//451 185//452
f 189//453 188//454 192//455 193//456
f 189//457 193//458 194//459 190//460
f 194//461 195//462 196//463 190//464
f 194//465 193//466 197//467 198//468
f 194//469 198//470 199//471 195//472
f 199//473 200//474 201//475 195//476
f 199//477 198//478 202//479 203//480
f 199//481 203//482 204//483 200//484
f 204//485 205//486 206//487 200//488
f 204//489 203//490 207//491 208//492
f 204//493 208//494 209//495 205//496
f 209//497 210//498 211//499 205//500
f 209//501 208//502 212//503 213//504
f 209//505 213//506 214//507 210//508
f 214//509 215//510 216//511 210//512
f 214//513 213//514 217//515 218//516
f 214//517 218//518 219//519 215//520
f 219//521 220//522 221//523 215//524
f 219//525 218//526 222//527 223//528
f 219//529 223//530 224//531 220//532
f 224//533 225//534 226//535 220//536
f 224//537 223//538 227//539 228//540
f 224//541 228//542 229//543 225//544
f 229//545 230//546 231//547 225//548
f 229//549 228//550 232//551 233//552
f 229//553 233//554 234//555 230//556
f 234//557 235//558 236//559 230//560
f 234//561 233//562 237//563 238//564
f 234//565 238//566 239//567 235//568
f 239//569 240//570 241//571 235//572
f 239//573 238//574 242//575 243//576
f 239//577 243//578 244//579 240//580
f 244//581 245//582 246//583 240//584
f 244//585 243//586 247//587 248//588
f 244//589 248//590 249//591 245//592
f 249//593 250//594 251//595 245//596
f 249//597 248//598 252//599 253//600
f 249//601 253//602 254//603 250//604
f 254//605 255//606 256//607 250//608
f 254//609 253//610 257//611 258//612
f 254//613 258//614 259//615 255//616
f 259//617 260//618 261//619 255//620
f 259//621 258//622 262//623 263//624
f 259//625 263//626 264//627 260//628
f 264//629 265//630 266//631 260//632
f 264//633 263//634 267//635 268//636
f 264//637 268//638 269//639 265//640
f 269//641 270//642 271//643 265//644
f 269//645 268//646 272//647 273//648
f 269//649 273//650 274//651 270//652
f 274//653 275//654 276//655 270//656
f 274//657 273//658 277//659 278//660
f 274//661 278//662 279//663 275//664
f 279//665 280//666 281//667 275//668
f 279//669 278//670 282//671 283//672
f 279//673 283//674 284//675 280//676
f 284//677 285//678 286//679 280//680
f 284//681 283//682 287//683 288//684
f 284//685 288//686 289//687 285//688
f 289//689 290//690 291//691 285//692
f 289//693 288//694 292//695 293//696
f 289//697 293//698 294//699 290//700
f 294//701 295//702 296//703 290//704
f 294//705 293//706 297//707 298//708
f 294//709 298//710 299//711 295//712
f 299//713 300//714 301//715 295//716
f 299//717 298//718 302//719 303//720
f 299//721 303//722 304//723 300//724
f 304//725 305//726 306//727 300//728
f 304//729 303//730 307//731 308//732
f 304//733 308//734 309//735 305//736
f 309//737 310//738 311//739 305//740
f 309//741 308//742 312//743 313//744
f 309//745 313//746 314//747 310//748
f 314//749 315//750 316//751 310//752
f 314//753 313//754 317//755 318//756
f 314//757 318//758 319//759 315//760
f 319//761 320//762 321//763 315//764
f 319//765 318//766 322//767 323//768
f 319//769 323//770 324//771 320//772
f 324//773 325//774 326//775 320//776
f 324//777 323//778 327//779 328//780
f 324//781 328//782 329//783 325//784
f 329//785 330//786 331//787 325//788
f 329//789 328//790 332//791 333//792
f 329//793 333//794 334//795 330//796
f 334//797 335//798 336//799 330//800
f 334//801 333//802 337//803 338//804
f 334//805 338//806 339//807 335//808
f 339//809 340//810 341//811 335//812
f 339//813 338//814 342//815 343//816
f 339//817 343//818 344//819 340//820
f 344//821 345//822 346//823 340//824
f 344//825 343//826 347//827 348//828
f 344//829 348//830 349//831 345//832
f 349//833 350//834 351//835 345//836
f 349//837 348//838 352//839 353//840
f 349//841 353//842 354//843 350//844
f 354//845 355//846 356//847 350//848
f 354//849 353//850 357//851 358//852
f 354//853 358//854 359//855 355//856
f 359//857 360//858 361//859 355//860
f 359//861 358//862 362//863 363//864
f 359//865 363//866 364//867 360//868
f 364//869 365//870 366//871 360//872
f 364//873 363//874 367//875 368//876
f 364//877 368//878 369//879 365//880
f 369//881 370//882 371//883 365//884
f 369//885 368//886 372//887 373//888
f 369//889 373//890 374//891 370//892
f 374//893 375//894 376//895 370//896
f 374//897 373//898 377//899 378//900
f 374//901 378//902 379//903 375//904
f 379//905 380//906 381//907 375//908
f 379//909 378//910 382//911 383//912
f 379//913 383//914 384//915 380//916
f 384//917 385//918 386//919 380//920
f 384//921 383//922 387//923 388//924
f 384//925 388//926 389//927 385//928
f 389//929 390//930 391//931 385//932
f 389//933 388//934 392//935 393//936
f 389//937 393//938 394//939 390//940
f 394//941 395//942 396//943 390//944
f 394//945 393//946 397//947 398//948
f 394//949 398//950 399//951 395//952
f 399//953 400//954 401//955 395//956
f 399//957 398//958 402//959 403//960
f 399//961 403//962 404//963 400//964
f 404//965 405//966 406//967 400//968
f 404//969 403//970 407//971 408//972
f 404//973 408//974 409//975 405//976
f 409//977 410//978 411//979 405//980
f 409//981 408//982 412//983 413//984
f 409//985 413//986 414//987 410//988
f 414//989 415//990 416//991 410//992
f 414//993 413//994 417//995 418//996
f 414//997 418//998 419//999 415//1000
f 419//1001 420//1002 421//1003 415//1004
f 419//1005 418//1006 422//1007 423//1008
f 419//1009 423//1010 424//1011 420//1012
f 424//1013 425//1014 426//1015 420//1016
f 424//1017 423//1018 427//1019 428//1020
f 424//1021 428//1022 429//1023 425//1024
f 429//1025 430//1026 431//1027 425//1028
f 429//1029 428//1030 432//1031 433//1032
f 429//1033 433//1034 434//1035 430//1036
f 434//1037 435//1038 436//1039 430//1040
f 434//1041 433//1042 437//1043 438//1044
f 434//1045 438//1046 439//1047 435//1048
f 439//1049 440//1050 441//1051 435//1052
f 439//1053 438//1054 442//1055 443//1056
f 439//1057 443//1058 444//1059 440//1060
f 444//1061 445//1062 446//1063 440//1064
f 444//1065 443//1066 447//1067 448//1068
f 444//1069 448//1070 449//1071 445//1072
f 449//1073 450//1074 451//1075 445//1076
f 449//1077 448//1078 452//1079 453//1080
f 449//1081 453//1082 454//1083 450//1084
f 454//1085 455//1086 456//1087 450//1088
f 454//1089 453//1090 457//1091 458//1092
f 454//1093 458//1094 459//1095 455//1096
f 459//1097 460//1098 461//1099 455//1100
f 459//1101 458//1102 462//1103 463//1104
f 459//1105 463//1106 464//1107 460//1108
f 464//1109 465//1110 466//1111 460//1112
f 464//1113 463//1114 467//1115 468//1116
f 464//1117 468//1118 469//1119 465//1120
f 469//1121 470//1122 471//1123 465//1124
f 469//1125 468//1126 472//1127 473//1128
f 469//1129 473//1130 474//1131 470//1132
f 474//1133 475//1134 476//1135 470//1136
f 474//1137 473//1138 477//1139 478//1140
f 474//1141 478//1142 479//1143 475//1144
f 479//1145 480//1146 481//1147 475//1148
f 479//1149 478//1150 482//1151 483//1152
f 479//1153 483//1154 484//1155 480//1156
f 484//1157 485//1158 486//1159 480//1160
f 484//1161 483//1162 487//1163 488//1164
f 484//1165 488//1166 489//1167 485//1168
f 489//1169 490//1170 491//1171 485//1172
f 489//1173 488//1174 492//1175 493//1176
f 489//1177 493//1178 494//1179 490//1180
f 494//1181 495//1182 496//1183 490//1184
f 494//1185 493//1186 497//1187 498//1188
f 494//1189 498//1190 499//1191 495//1192
f 499//1193 500//1194 501//1195 495//1196
f 499//1197 498//1198 502//1199 503//1200
f 499//1201 503//1202 504//1203 500//1204
f 504//1205 505//1206 506//1207 500//1208
f 504//1209 503//1210 507//1211 508//1212
f 504//1213 508//1214 509//1215 505//1216
f 509//1217 510//1218 511//1219 505//1220
f 509//1221 508//1222 512//1223 513//1224
f 509//1225 513//1226 514//1227 510//1228
f 514//1229 515//1230 516//1231 510//1232
f 514//1233 513//1234 517//1235 518//1236
f 514//1237 518//1238 519//1239 515//1240
f 519//1241 520//1242 521//1243 515//1244
f 519//1245 518//1246 522//1247 523//1248
f 519//1249 523//1250 524//1251 520//1252
f 524//1253 525//1254 526//1255 520//1256
f 524//1257 523//1258 527//1259 528//1260
f 524//1261 528//1262 529//1263 525//1264
f 529//1265 530//1266 531//1267 525//1268
f 529//1269 528//1270 532//1271 533//1272
f 529//1273 533//1274 534//1275 530//1276
f 534//1277 535//1278 536//1279 530//1280
f 534//1281 533//1282 537//1283 538//1284
f 534//1285 538//1286 539//1287 535//1288
f 539//1289 540//1290 541//1291 535//1292
f 539//1293 538//1294 542//1295 543//1296
f 539//1297 543//1298 544//1299 540//1300
f 544//1301 545//1302 546//1303 540//1304
f 544//1305 543//1306 547//1307 548//1308
f 544//1309 548//1310 549//1311 545//1312
f 549//1313 550//1314 551//1315 545//1316
f 549//1317 548//1318 552//1319 553//1320
f 549//1321 553//1322 554//1323 550//1324
f 554//1325 555//1326 556//1327 550//1328
f 554//1329 553//1330 557//1331 558//1332
f 554//1333 558//1334 559//1335 555//1336
f 559//1337 560//1338 561//1339 555//1340
f 559//1341 558//1342 562//1343 563//1344
f 559//1345 563//1346 564//1347 560//1348
f 564//1349 565//1350 566//1351 560//1352
f 564//1353 563//1354 567//1355 568//1356
f 564//1357 568//1358 569//1359 565//1360
f 569//1361 570//1362 571//1363 565//1364
f 569//1365 568//1366 572//1367 573//1368
f 569//1369 573//1370 574//1371 570//1372
f 574//1373 575//1374 576//1375 570//1376
f 574//1377 573//1378 577//1379 578//1380
f 574//1381 578//1382 579//1383 575//1384
f 579//1385 580//1386 581//1387 575//1388
f 579//1389 578//1390 582//1391 583//1392
f 579//1393 583//1394 584//1395 580//1396
f 584//1397 585//1398 586//1399 580//1400
f 584//1401 583//1402 587//1403 588//1404
f 584//1405 588//1406 589//1407 585//1408
f 589//1409 590//1410 591//1411 585//1412
f 589//1413 588//1414 592//1415 593//1416
f 589//1417 593//1418 594//1419 590//1420
f 594//1421 595//1422 596//1423 590//1424
f 594//1425 593//1426 597//1427 598//1428
f 594//1429 598//1430 599//1431 595//1432
f 599//1433 600//1434 601//1435 595//1436
f 599//1437 598//1438 602//1439 603//1440
f 599//1441 603//1442 604//1443 600//1444
f 604//1445 605//1446 606//1447 600//1448
f 604//1449 603//1450 607//1451 608//1452
f 604//1453 608//1454 609//1455 605//1456
f 609//1457 610//1458 611//1459 605//1460
f 609//1461 608//1462 612//1463 613//1464
f 609//1465 613//1466 614//1467 610//1468
f 614//1469 615//1470 616//1471 610//1472
f 614//1473 613//1474 617//1475 618//1476
f 614//1477 618//1478 619//1479 615//1480
f 619//1481 620//1482 621//1483 615//1484
f 619//1485 618//1486 622//1487 623//1488
f 619//1489 623//1490 624//1491 620//1492
f 624//1493 625//1494 626//1495 620//1496
f 624//1497 623//1498 627//1499 628//1500
f 624//1501 628//1502 629//1503 625//1504
f 629//1505 630//1506 631//1507 625//1508
f 629//1509 628//1510 632//1511 633//1512
f 629//1513 633//1514 634//1515 630//1516
f 634//1517 635//1518 636//1519 630//1520
f 634//1521 633//1522 637//1523 638//1524
f 634//1525 638//1526 639//1527 635//1528
f 639//1529 640//1530 641//1531 635//1532
f 639//1533 638//1534 642//1535 643//1536
f 639//1537 643//1538 644//1539 640//1540
f 644//1541 645//1542 646//1543 640//1544
f 644//1545 643//1546 647//1547 648//1548
f 644//1549 648//1550 649//1551 645//1552
f 649//1553 650//1554 651//1555 645//1556
f 649//1557 648//1558 652//1559 653//1560
f 649//1561 653//1562 654//1563 650//1564
f 654//1565 655//1566 656//1567 650//1568
f 654//1569 653//1570 657//1571 658//1572
f 654//1573 658//1574 659//1575 655//1576
f 659//1577 660//1578 661//1579 655//1580
f 659//1581 658//1582 662//1583 663//1584
f 659//1585 663//1586 664//1587 660//1588
f 664//1589 665//1590 666//1591 660//1592
f 664//1593 663//1594 667//1595 668//1596
f 664//1597 668//1598 669//1599 665//1600
f 669//1601 670//1602 671//1603 665//1604
f 669//1605 668//1606 672//1607 673//1608
f 669//1609 673//1610 674//1611 670//1612
f 674//1613 675//1614 676//1615 670//1616
f 674//1617 673//1618 677//1619 678//1620
f 674//1621 678//1622 679//1623 675//1624
f 679//1625 680//1626 681//1627 675//1628
f 679//1629 678//1630 682//1631 683//1632
f 679//1633 683//1634 684//1635 680//1636
f 684//1637 685//1638 686//1639 680//1640
f 684//1641 683//1642 687//1643 688//1644
f 684//1645 688//1646 689//1647 685//1648
f 689//1649 690//1650 691//1651 685//1652
f 689//1653 688//1654 692//1655 693//1656
f 689//1657 693//1658 694//1659 690//1660
f 694//1661 695//1662 696//1663 690//1664
f 694//1665 693//1666 697//1667 698//1668
f 694//1669 698//1670 699//1671 695//1672
f 699//1673 700//1674 701//1675 695//1676
f 699//1677 698//1678 702//1679 703//1680
f 699//1681 703//1682 704//1683 700//1684
f 704//1685 705//1686 706//1687 700//1688
f 704//1689 703//1690 707//1691 708//1692
f 704//1693 708//1694 709//1695 705//1696
f 709//1697 710//1698 711//1699 705//1700
f 709//1701 708//1702 712//1703 713//1704
f 709//1705 713//1706 714//1707 710//1708
f 714//1709 715//1710 716//1711 710//1712
f 714//1713 713//1714 717//1715 718//1716
f 714//1717 718//1718 719//1719 715//1720
f 719//1721 720//1722 721//1723 715//1724
f 719//1725 718//1726 722//1727 723//1728
f 719//1729 723//1730 724//1731 720//1732
f 724//1733 725//1734 726//1735 720//1736
f 724//1737 723//1738 727//1739 728//1740
f 724//1741 728//1742 729//1743 725//1744
f 729//1745 730//1746 731//1747 725//1748
f 729//1749 728//1750 732//1751 733//1752
f 729//1753 733//1754 734//1755 730//1756
f 734//1757 735//1758 736//1759 730//1760
f 734//1761 733//1762 737//1763 738//1764
f 734//1765 738//1766 739//1767 735//1768
f 739//1769 740//1770 741//1771 735//1772
f 739//1773 738//1774 742//1775 743//1776
f 739//1777 743//1778 744//1779 740//1780
f 744//1781 745//1782 746//1783 740//1784
f 744//1785 743//1786 747//1787 748//1788
f 744//1789 748//1790 749//1791 745//1792
f 749//1793 750//1794 751//1795 745//1796
f 749//1797 748//1798 752//1799 753//1800
f 749//1801 753//1802 754//1803 750//1804
f 754//1805 755//1806 756//1807 750//1808
f 754//1809 753//1810 757//1811 758//1812
f 754//1813 758//1814 759//1815 755//1816
f 759//1817 760//1818 761//1819 755//1820
f 759//1821 758//1822 762//1823 763//1824
f 759//1825 763//1826 764//1827 760//1828
f 764//1829 765//1830 766//1831 760//1832
f 764//1833 763//1834 767//1835 768//1836
f 764//1837 768//1838 769//1839 765//1840
f 769//1841 770//1842 771//1843 765//1844
f 769//1845 768//1846 772//1847 773//1848
f 769//1849 773//1850 774//1851 770//1852
f 774//1853 775//1854 776//1855 770//1856
f 774//1857 773//1858 777//1859 778//1860
f 774//1861 778//1862 779//1863 775//1864
f 779//1865 780//1866 781//1867 775//1868
f 779//1869 778//1870 782//1871 783//1872
f 779//1873 783//1874 784//1875 780//1876
f 784//1877 785//1878 786//1879 780//1880
f 784//1881 783//1882 787//1883 788//1884
f 784//1885 788//1886 789//1887 785//1888
f 789//1889 790//1890 791//1891 785//1892
f 789//1893 788//1894 792//1895 793//1896
f 789//1897 793//1898 794//1899 790//1900
f 794//1901 795//1902 796//1903 790//1904
f 794//1905 793//1906 797//1907 798//1908
f 794//1909 798//1910 799//1911 795//1912
f 799//1913 800//1914 801//1915 795//1916
f 799//1917 798//1918 802//1919 803//1920
f 799//1921 803//1922 804//1923 800//1924
f 804//1925 805//1926 806//1927 800//1928
f 804//1929 803//1930 807//1931 808//1932
f 804//1933 808//1934 809//1935 805//1936
f 809//1937 810//1938 811//1939 805//1940
f 809//1941 808//1942 812//1943 813//1944
f 809//1945 813//1946 814//1947 810//1948
f 814//1949 815//1950 816//1951 810//1952
f 814//1953 813//1954 817//1955 818//1956
f 814//1957 818//1958 819//1959 815//1960
f 819//1961 820//1962 821//1963 815//1964
f 819//1965 818//1966 822//1967 823//1968
f 819//1969 823//1970 824//1971 820//1972
f 824//1973 825//1974 826//1975 820//1976
f 824//1977 823//1978 827//1979 828//1980
f 824//1981 828//1982 829//1983 825//1984
f 829//1985 830//1986 831//1987 825//1988
f 829//1989 828//1990 832//1991 833//1992
f 829//1993 833//1994 834//1995 830//1996
f 834//1997 835//1998 836//1999 830//2000
f 834//2001 833//2002 837//2003 838//2004
f 834//2005 838//2006 839//2007 835//2008
f 839//2009 840//2010 841//2011 835//2012
f 839//2013 838//2014 842//2015 843//2016
f 839//2017 843//2018 844//2019 840//2020
f 844//2021 845//2022 846//2023 840//2024
f 844//2025 843//2026 847//2027 848//2028
f 844//2029 848//2030 849//2031 845//2032
f 849//2033 850//2034 851//2035 845//2036
f 849//2037 848//2038 852//2039 853//2040
f 849//2041 853//2042 854//2043 850//2044
f 854//2045 855//2046 856//2047 850//2048
f 854//2049 853//2050 857//2051 858//2052
f 854//2053 858//2054 859//2055 855//2056
f 859//2057 860//2058 861//2059 855//2060
f 859//2061 858//2062 862//2063 863//2064
f 859//2065 863//2066 864//2067 860//2068
f 864//2069 865//2070 866//2071 860//2072
f 864//2073 863//2074 867//2075 868//2076
f 864//2077 868//2078 869//2079 865//2080
f 869//2081 870//2082 871//2083 865//2084
f 869//2085 868//2086 872//2087 873//2088
f 869//2089 873//2090 874//2091 870//2092
f 874//2093 875//2094 876//2095 870//2096
f 874//2097 873//2098 877//2099 878//2100
f 874//2101 878//2102 879//2103 875//2104
f 879//2105 880//2106 881//2107 875//2108
f 879//2109 878//2110 882//2111 883//2112
f 879//2113 883//2114 884//2115 880//2116
f 884//2117 885//2118 886//2119 880//2120
f 884//2121 883//2122 887//2123 888//2124
f 884//2125 888//2126 889//2127 885//2128
f 889//2129 890//2130 891//2131 885//2132
f 889//2133 888//2134 892//2135 893//2136
f 889//2137 893//2138 894//2139 890//2140
f 894//2141 895//2142 896//2143 890//2144
f 894//2145 893//2146 897//2147 898//2148
f 894//2149 898//2150 899//2151 895//2152
f 899//2153 900//2154 901//2155 895//2156
f 899//2157 898//2158 902//2159 903//2160
f 899//2161 903//2162 904//2163 900//2164
f 904//2165 905//2166 906//2167 900//2168
f 904//2169 903//2170 907//2171 908//2172
f 904//2173 908//2174 909//2175 905//2176
f 909//2177 910//2178 911//2179 905//2180
f 909//2181 908//2182 912//2183 913//2184
f 909//2185 913//2186 914//2187 910//2188
f 914//2189 915//2190 916//2191 910//2192
f 914//2193 913//2194 917//2195 918//2196
f 914//2197 918//2198 919//2199 915//2200
f 919//2201 920//2202 921//2203 915//2204
f 919//2205 918//2206 922//2207 923//2208
f 919//2209 923//2210 924//2211 920//2212
f 924//2213 925//2214 926//2215 920//2216
f 924//2217 923//2218 927//2219 928//2220
f 924//2221 928//2222 929//2223 925//2224
f 929//2225 930//2226 931//2227 925//2228
f 929//2229 928//2230 932//2231 933//2232
f 929//2233 933//2234 934//2235 930//2236
f 934//2237 935//2238 936//2239 930//2240
f 934//2241 933//2242 937//2243 938//2244
f 934//2245 938//2246 939//2247 935//2248
f 939//2249 940//2250 941//2251 935//2252
f 939//2253 938//2254 942//2255 943//2256
f 939//2257 943//2258 944//2259 940//2260
f 944//2261 945//2262 946//2263 940//2264
f 944//2265 943//2266 947//2267 948//2268
f 944//2269 948//2270 949//2271 945//2272
f 949//2273 950//2274 951//2275 945//2276
f 949//2277 948//2278 952//2279 953//2280
f 949//2281 953//2282 954//2283 950//2284
f 954//2285 955//2286 956//2287 950//2288
f 954//2289 953//2290 957//2291 958//2292
f 954//2293 958//2294 959//2295 955//2296
f 959//2297 960//2298 961//2299 955//2300
f 959//2301 958//2302 962//2303 963//2304
f 959//2305 963//2306 964//2307 960//2308
f 964//2309 965//2310 966//2311 960//2312
f 964//2313 963//2314 967//2315 968//2316
f 964//2317 968//2318 969//2319 965//2320
f 969//2321 970//2322 971//2323 965//2324
f 969//2325 968//2326 972//2327 973//2328
f 969//2329 973//2330 974//2331 970//2332
f 974//2333 975//2334 976//2335 970//2336
f 974//2337 973//2338 6//2339 5//2340
f 974//2341 5//2342 8//2343 975//2344
f 976//2345 977//2346 978//2347 979//2348
f 976//2349 979//2350 971//2351 970//2352
f 976//2353 975//2354 980//2355 977//2356
f 980//2357 981//2358 982//2359 977//2360
f 980//2361 975//2362 8//2363 983//2364
f 980//2365 983//2366 984//2367 981//2368
f 984//2369 985//2370 986//2371 981//2372
f 984//2373 983//2374 11//2375 987//2376
f 984//2377 987//2378 988//2379 985//2380
f 988//2381 989//2382 990//2383 985//2384
f 988//2385 987//2386 16//2387 991//2388
f 988//2389 991//2390 992//2391 989//2392
f 992//2393 993//2394 994//2395 989//2396
f 992//2397 991//2398 21//2399 995//2400
f 992//2401 995//2402 996//2403 993//2404
f 996//2405 997//2406 998//2407 993//2408
f 996//2409 995//2410 26//2411 999//2412
f 996//2413 999//2414 1000//2415 997//2416
f 1000//2417 1001//2418 1002//2419 997//2420
f 1000//2421 999//2422 31//2423 1003//2424
f 1000//2425 1003//2426 1004//2427 1001//2428
f 1004//2429 1005//2430 1006//2431 1001//2432
f 1004//2433 1003//2434 36//2435 1007//2436
f 1004//2437 1007//2438 1008//2439 1005//2440
f 1008//2441 1009//2442 1010//2443 1005//2444
f 1008//2445 1007//2446 41//2447 1011//2448
f 1008//2449 1011//2450 1012//2451 1009//2452
f 1012//2453 1013//2454 1014//2455 1009//2456
f 1012//2457 1011//2458 46//2459 1015//2460
f 1012//2461 1015//2462 1016//2463 1013//2464
f 1016//2465 1017//2466 1018//2467 1013//2468
f 1016//2469 1015//2470 51//2471 1019//2472
f 1016//2473 1019//2474 1020//2475 1017//2476
f 1020//2477 1021//2478 1022//2479 1017//2480
f 1020//2481 1019//2482 56//2483 1023//2484
f 1020//2485 1023//2486 1024//2487 1021//2488
f 1024//2489 1025//2490 1026//2491 1021//2492
f 1024//2493 1023//2494 61//2495 1027//2496
f 1024//2497 1027//2498 1028//2499 1025//2500
f 1028//2501 1029//2502 1030//2503 1025//2504
f 1028//2505 1027//2506 66//2507 1031//2508
f 1028//2509 1031//2510 1032//2511 1029//2512
f 1032//2513 1033//2514 1034//2515 1029//2516
f 1032//2517 1031//2518 71//2519 1035//2520
f 1032//2521 1035//2522 1036//2523 1033//2524
f 1036//2525 1037//2526 1038//2527 1033//2528
f 1036//2529 1035//2530 76//2531 1039//2532
f 1036//2533 1039//2534 1040//2535 1037//2536
f 1040//2537 1041//2538 1042//2539 1037//2540
f 1040//2541 1039//2542 81//2543 1043//2544
f 1040//2545 1043//2546 1044//2547 1041//2548
f 1044//2549 1045//2550 1046//2551 1041//2552
f 1044//2553 1043//2554 86//2555 1047//2556
f 1044//2557 1047//2558 1048//2559 1045//2560
f 1048//2561 1049//2562 1050//2563 1045//2564
f 1048//2565 1047//2566 91//2567 1051//2568
f 1048//2569 1051//2570 1052//2571 1049//2572
f 1052//2573 1053//2574 1054//2575 1049//2576
f 1052//2577 1051//2578 96//2579 1055//2580
f 1052//2581 1055//2582 1056//2583 1053//2584
f 1056//2585 1057//2586 1058//2587 1053//2588
f 1056//2589 1055//2590 101//2591 1059//2592
f 1056//2593 1059//2594 1060//2595 1057//2596
f 1060//2597 1061//2598 1062//2599 1057//2600
f 1060//2601 1059//2602 106//2603 1063//2604
f 1060//2605 1063//2606 1064//2607 1061//2608
f 1064//2609 1065//2610 1066//2611 1061//2612
f 1064//2613 1063//2614 111//2615 1067//2616
f 1064//2617 1067//2618 1068//2619 1065//2620
f 1068//2621 1069//2622 1070//2623 1065//2624
f 1068//2625 1067//2626 116//2627 1071//2628
f 1068//2629 1071//2630 1072//2631 1069//2632
f 1072//2633 1073//2634 1074//2635 1069//2636
f 1072//2637 1071//2638 121//2639 1075//2640
f 1072//2641 1075//2642 1076//2643 1073//2644
f 1076//2645 1077//2646 1078//2647 1073//2648
f 1076//2649 1075//2650 126//2651 1079//2652
f 1076//2653 1079//2654 1080//2655 1077//2656
f 1080//2657 1081//2658 1082//2659 1077//2660
f 1080//2661 1079//2662 131//2663 1083//2664
f 1080//2665 1083//2666 1084//2667 1081//2668
f 1084//2669 1085//2670 1086//2671 1081//2672
f 1084//2673 1083//2674 136//2675 1087//2676
f 1084//2677 1087//2678 1088//2679 1085//2680
f 1088//2681 1089//2682 1090//2683 1085//2684
f 1088//2685 1087//2686 141//2687 1091//2688
f 1088//2689 1091//2690 1092//2691 1089//2692
f 1092//2693 1093//2694 1094//2695 1089//2696
f 1092//2697 1091//2698 146//2699 1095//2700
f 1092//2701 1095//2702 1096//2703 1093//2704
f 1096//2705 1097//2706 1098//2707 1093//2708
f 1096//2709 1095//2710 151//2711 1099//2712
f 1096//2713 1099//2714 1100//2715 1097//2716
f 1100//2717 1101//2718 1102//2719 1097//2720
f 1100//2721 1099//2722 156//2723 1103//2724
f 1100//2725 1103//2726 1104//2727 1101//2728
f 1104//2729 1105//2730 1106//2731 1101//2732
f 1104//2733 1103//2734 161//2735 1107//2736
f 1104//2737 1107//2738 1108//2739 1105//2740
f 1108//2741 1109//2742 1110//2743 1105//2744
f 1108//2745 1107//2746 166//2747 1111//2748
f 1108//2749 1111//2750 1112//2751 1109//2752
f 1112//2753 1113//2754 1114//2755 1109//2756
f 1112//2757 1111//2758 171//2759 1115//2760
f 1112//2761 1115//2762 1116//2763 1113//2764
f 1116//2765 1117//2766 1118//2767 1113//2768
f 1116//2769 1115//2770 176//2771 1119//2772
f 1116//2773 1119//2774 1120//2775 1117//2776
f 1120//2777 1121//2778 1122//2779 1117//2780
f 1120//2781 1119//2782 181//2783 1123//2784
f 1120//2785 1123//2786 1124//2787 1121//2788
f 1124//2789 1125//2790 1126//2791 1121//2792
f 1124//2793 1123//2794 186//2795 1127//2796
f 1124//2797 1127//2798 1128//2799 1125//2800
f 1128//2801 1129//2802 1130//2803 1125//2804
f 1128//2805 1127//2806 191//2807 1131//2808
f 1128//2809 1131//2810 1132//2811 1129//2812
f 1132//2813 1133//2814 1134//2815 1129//2816
f 1132//2817 1131//2818 196//2819 1135//2820
f 1132//2821 1135//2822 1136//2823 1133//2824
f 1136//2825 1137//2826 1138//2827 1133//2828
f 1136//2829 1135//2830 201//2831 1139//2832
f 1136//2833 1139//2834 1140//2835 1137//2836
f 1140//2837 1141//2838 1142//2839 1137//2840
f 1140//2841 1139//2842 206//2843 1143//2844
f 1140//2845 1143//2846 1144//2847 1141//2848
f 1144//2849 1145//2850 1146//2851 1141//2852
f 1144//2853 1143//2854 211//2855 1147//2856
f 1144//2857 1147//2858 1148//2859 1145//2860
f 1148//2861 1149//2862 1150//2863 1145//2864
f 1148//2865 1147//2866 216//2867 1151//2868
f 1148//2869 1151//2870 1152//2871 1149//2872
f 1152//2873 1153//2874 1154//2875 1149//2876
f 1152//2877 1151//2878 221//2879 1155//2880
f 1152//2881 1155//2882 1156//2883 1153//2884
f 1156//2885 1157//2886 1158//2887 1153//2888
f 1156//2889 1155//2890 226//2891 1159//2892
f 1156//2893 1159//2894 1160//2895 1157//2896
f 1160//2897 1161//2898 1162//2899 1157//2900
f 1160//2901 1159//2902 231//2903 1163//2904
f 1160//2905 1163//2906 1164//2907 1161//2908
f 1164//2909 1165//2910 1166//2911 1161//2912
f 1164//2913 1163//2914 236//2915 1167//2916
f 1164//2917 1167//2918 1168//2919 1165//2920
f 1168//2921 1169//2922 1170//2923 1165//2924
f 1168//2925 1167//2926 241//2927 1171//2928
f 1168//2929 1171//2930 1172//2931 1169//2932
f 1172//2933 1173//2934 1174//2935 1169//2936
f 1172//2937 1171//2938 246//2939 1175//2940
f 1172//2941 1175//2942 1176//2943 1173//2944
f 1176//2945 1177//2946 1178//2947 1173//2948
f 1176//2949 1175//2950 251//2951 1179//2952
f 1176//2953 1179//2954 1180//2955 1177//2956
f 1180//2957 1181//2958 1182//2959 1177//2960
f 1180//2961 1179//2962 256//2963 1183//2964
f 1180//2965 1183//2966 1184//2967 1181//2968
f 1184//2969 1185//2970 1186//2971 1181//2972
f 1184//2973 1183//2974 261//2975 1187//2976
f 1184//2977 1187//2978 1188//2979 1185//2980
f 1188//2981 1189//2982 1190//2983 1185//2984
f 1188//2985 1187//2986 266//2987 1191//2988
f 1188//2989 1191//2990 1192//2991 1189//2992
f 1192//2993 1193//2994 1194//2995 1189//2996
f 1192//2997 1191//2998 271//2999 1195//3000
f 1192//3001 1195//3002 1196//3003 1193//3004
f 1196//3005 1197//3006 1198//3007 1193//3008
f 1196//3009 1195//3010 276//3011 1199//3012
f 1196//3013 1199//3014 1200//3015 1197//3016
f 1200//3017 1201//3018 1202//3019 1197//3020
f 1200//3021 1199//3022 281//3023 1203//3024
f 1200//3025 1203//3026 1204//3027 1201//3028
f 1204//3029 1205//3030 1206//3031 1201//3032
f 1204//3033 1203//3034 286//3035 1207//3036
f 1204//3037 1207//3038 1208//3039 1205//3040
f 1208//3041 1209//3042 1210//3043 1205//3044
f 1208//3045 1207//3046 291//3047 1211//3048
f 1208//3049 1211//3050 1212//3051 1209//3052
f 1212//3053 1213//3054 1214//3055 1209//3056
f 1212//3057 1211//3058 296//3059 1215//3060
f 1212//3061 1215//3062 1216//3063 1213//3064
f 1216//3065 1217//3066 1218//3067 1213//3068
f 1216//3069 1215//3070 301//3071 1219//3072
f 1216//3073 1219//3074 1220//3075 1217//3076
f 1220//3077 1221//3078 1222//3079 1217//3080
f 1220//3081 1219//3082 306//3083 1223//3084
f 1220//3085 1223//3086 1224//3087 1221//3088
f 1224//3089 1225//3090 1226//3091 1221//3092
f 1224//3093 1223//3094 311//3095 1227//3096
f 1224//3097 1227//3098 1228//3099 1225//3100
f 1228//3101 1229//3102 1230//3103 1225//3104
f 1228//3105 1227//3106 316//3107 1231//3108
f 1228//3109 1231//3110 1232//3111 1229//3112
f 1232//3113 1233//3114 1234//3115 1229//3116
f 1232//3117 1231//3118 321//3119 1235//3120
f 1232//3121 1235//3122 1236//3123 1233//3124
f 1236//3125 1237//3126 1238//3127 1233//3128
f 1236//3129 1235//3130 326//3131 1239//3132
f 1236//3133 1239//3134 1240//3135 1237//3136
f 1240//3137 1241//3138 1242//3139 1237//3140
f 1240//3141 1239//3142 331//3143 1243//3144
f 1240//3145 1243//3146 1244//3147 1241//3148
f 1244//3149 1245//3150 1246//3151 1241//3152
f 1244//3153 1243//3154 336//3155 1247//3156
f 1244//3157 1247//3158 1248//3159 1245//3160
f 1248//3161 1249//3162 1250//3163 1245//3164
f 1248//3165 1247//3166 341//3167 1251//3168
f 1248//3169 1251//3170 1252//3171 1249//3172
f 1252//3173 1253//3174 1254//3175 1249//3176
f 1252//3177 1251//3178 346//3179 1255//3180
f 1252//3181 1255//3182 1256//3183 1253//3184
f 1256//3185 1257//3186 1258//3187 1253//3188
f 1256//3189 1255//3190 351//3191 1259//3192
f 1256//3193 1259//3194 1260//3195 1257//3196
f 1260//3197 1261//3198 1262//3199 1257//3200
f 1260//3201 1259//3202 356//3203 1263//3204
f 1260//3205 1263//3206 1264//3207 1261//3208
f 1264//3209 1265//3210 1266//3211 1261//3212
f 1264//3213 1263//3214 361//3215 1267//3216
f 1264//3217 1267//3218 1268//3219 1265//3220
f 1268//3221 1269//3222 1270//3223 1265//3224
f 1268//3225 1267//3226 366//3227 1271//3228
f 1268//3229 1271//3230 1272//3231 1269//3232
f 1272//3233 1273//3234 1274//3235 1269//3236
f 1272//3237 1271//3238 371//3239 1275//3240
f 1272//3241 1275//3242 1276//3243 1273//3244
f 1276//3245 1277//3246 1278//3247 1273//3248
f 1276//3249 1275//3250 376//3251 1279//3252
f 1276//3253 1279//3254 1280//3255 1277//3256
f 1280//3257 1281//3258 1282//3259 1277//3260
f 1280//3261 1279//3262 381//3263 1283//3264
f 1280//3265 1283//3266 1284//3267 1281//3268
f 1284//3269 1285//3270 1286//3271 1281//3272
f 1284//3273 1283//3274 386//3275 1287//3276
f 1284//3277 1287//3278 1288//3279 1285//3280
f 1288//3281 1289//3282 1290//3283 1285//3284
f 1288//3285 1287//3286 391//3287 1291//3288
f 1288//3289 1291//3290 1292//3291 1289//3292
f 1292//3293 1293//3294 1294//3295 1289//3296
f 1292//3297 1291//3298 396//3299 1295//3300
f 1292//3301 1295//3302 1296//3303 1293//3304
f 1296//3305 1297//3306 1298//3307 1293//3308
f 1296//3309 1295//3310 401//3311 1299//3312
f 1296//3313 1299//3314 1300//3315 1297//3316
f 1300//3317 1301//3318 1302//3319 1297//3320
f 1300//3321 1299//3322 406//3323 1303//3324
f 1300//3325 1303//3326 1304//3327 1301//3328
f 1304//3329 1305//3330 1306//3331 1301//3332
f 1304//3333 1303//3334 411//3335 1307//3336
f 1304//3337 1307//3338 1308//3339 1305//3340
f 1308//3341 1309//3342 1310//3343 1305//3344
f 1308//3345 1307//3346 416//3347 1311//3348
f 1308//3349 1311//3350 1312//3351 1309//3352
f 1312//3353 1313//3354 1314//3355 1309//3356
f 1312//3357 1311//3358 421//3359 1315//3360
f 1312//3361 1315//3362 1316//3363 1313//3364
f 1316//3365 1317//3366 1318//3367 1313//3368
f 1316//3369 1315//3370 426//3371 1319//3372
f 1316//3373 1319//3374 1320//3375 1317//3376
f 1320//3377 1321//3378 1322//3379 1317//3380
f 1320//3381 1319//3382 431//3383 1323//3384
f 1320//3385 1323//3386 1324//3387 1321//3388
f 1324//3389 1325//3390 1326//3391 1321//3392
f 1324//3393 1323//3394 436//3395 1327//3396
f 1324//3397 1327//3398 1328//3399 1325//3400
f 1328//3401 1329//3402 1330//3403 1325//3404
f 1328//3405 1327//3406 441//3407 1331//3408
f 1328//3409 1331//3410 1332//3411 1329//3412
f 1332//3413 1333//3414 1334//3415 1329//3416
f 1332//3417 1331//3418 446//3419 1335//3420
f 1332//3421 1335//3422 1336//3423 1333//3424
f 1336//3425 1337//3426 1338//3427 1333//3428
f 1336//3429 1335//3430 451//3431 1339//3432
f 1336//3433 1339//3434 1340//3435 1337//3436
f 1340//3437 1341//3438 1342//3439 1337//3440
f 1340//3441 1339//3442 456//3443 1343//3444
f 1340//3445 1343//3446 1344//3447 1341//3448
f 1344//3449 1345//3450 1346//3451 1341//3452
f 1344//3453 1343//3454 461//3455 1347//3456
f 1344//3457 1347//3458 1348//3459 1345//3460
f 1348//3461 1349//3462 1350//3463 1345//3464
f 1348//3465 1347//3466 466//3467 1351//3468
f 1348//3469 1351//3470 1352//3471 1349//3472
f 1352//3473 3//3474 2//3475 1349//3476
f 1352//3477 1351//3478 471//3479 1353//3480
f 1352//3481 1353//3482 1354//3483 3//3484
f 1354//3485 12//3486 4//3487 3//3488
f 1354//3489 1353//3490 476//3491 1355//3492
f 1354//3493 1355//3494 1356//3495 12//3496
f 1356//3497 17//3498 13//3499 12//3500
f 1356//3501 1355//3502 481//3503 1357//3504
f 1356//3505 1357//3506 1358//3507 17//3508
f 1358//3509 22//3510 18//3511 17//3512
f 1358//3513 1357//3514 486//3515 1359//3516
f 1358//3517 1359//3518 1360//3519 22//3520
f 1360//3521 27//3522 23//3523 22//3524
f 1360//3525 1359//3526 491//3527 1361//3528
f 1360//3529 1361//3530 1362//3531 27//3532
f 1362//3533 32//3534 28//3535 27//3536
f 1362//3537 1361//3538 496//3539 1363//3540
f 1362//3541 1363//3542 1364//3543 32//3544
f 1364//3545 37//3546 33//3547 32//3548
f 1364//3549 1363//3550 501//3551 1365//3552
f 1364//3553 1365//3554 1366//3555 37//3556
f 1366//3557 42//3558 38//3559 37//3560
f 1366//3561 1365//3562 506//3563 1367//3564
f 1366//3565 1367//3566 1368//3567 42//3568
f 1368//3569 47//3570 43//3571 42//3572
f 1368//3573 1367//3574 511//3575 1369//3576
f 1368//3577 1369//3578 1370//3579 47//3580
f 1370//3581 52//3582 48//3583 47//3584
f 1370//3585 1369//3586 516//3587 1371//3588
f 1370//3589 1371//3590 1372//3591 52//3592
f 1372//3593 57//3594 53//3595 52//3596
f 1372//3597 1371//3598 521//3599 1373//3600
f 1372//3601 1373//3602 1374//3603 57//3604
f 1374//3605 62//3606 58//3607 57//3608
f 1374//3609 1373//3610 526//3611 1375//3612
f 1374//3613 1375//3614 1376//3615 62//3616
f 1376//3617 67//3618 63//3619 62//3620
f 1376//3621 1375//3622 531//3623 1377//3624
f 1376//3625 1377//3626 1378//3627 67//3628
f 1378//3629 72//3630 68//3631 67//3632
f 1378//3633 1377//3634 536//3635 1379//3636
f 1378//3637 1379//3638 1380//3639 72//3640
f 1380//3641 77//3642 73//3643 72//3644
f 1380//3645 1379//3646 541//3647 1381//3648
f 1380//3649 1381//3650 1382//3651 77//3652
f 1382//3653 82//3654 78//3655 77//3656
f 1382//3657 1381//3658 546//3659 1383//3660
f 1382//3661 1383//3662 1384//3663 82//3664
f 1384//3665 87//3666 83//3667 82//3668
f 1384//3669 1383//3670 551//3671 1385//3672
f 1384//3673 1385//3674 1386//3675 87//3676
f 1386//3677 92//3678 88//3679 87//3680
f 1386//3681 1385//3682 556//3683 1387//3684
f 1386//3685 1387//3686 1388//3687 92//3688
f 1388//3689 97//3690 93//3691 92//3692
f 1388//3693 1387//3694 561//3695 1389//3696
f 1388//3697 1389//3698 1390//3699 97//3700
f 1390//3701 102//3702 98//3703 97//3704
f 1390//3705 1389//3706 566//3707 1391//3708
f 1390//3709 1391//3710 1392//3711 102//3712
f 1392//3713 107//3714 103//3715 102//3716
f 1392//3717 1391//3718 571//3719 1393//3720
f 1392//3721 1393//3722 1394//3723 107//3724
f 1394//3725 112//3726 108//3727 107//3728
f 1394//3729 1393//3730 576//3731 1395//3732
f 1394//3733 1395//3734 1396//3735 112//3736
f 1396//3737 117//3738 113//3739 112//3740
f 1396//3741 1395//3742 581//3743 1397//3744
f 1396//3745 1397//3746 1398//3747 117//3748
f 1398//3749 122//3750 118//3751 117//3752
f 1398//3753 1397//3754 586//3755 1399//3756
f 1398//3757 1399//3758 1400//3759 122//3760
f 1400//3761 127//3762 123//3763 122//3764
f 1400//3765 1399//3766 591//3767 1401//3768
f 1400//3769 1401//3770 1402//3771 127//3772
f 1402//3773 132//3774 128//3775 127//3776
f 1402//3777 1401//3778 596//3779 1403//3780
f 1402//3781 1403//3782 1404//3783 132//3784
f 1404//3785 137//3786 133//3787 132//3788
f 1404//3789 1403//3790 601//3791 1405//3792
f 1404//3793 1405//3794 1406//3795 137//3796
f 1406//3797 142//3798 138//3799 137//3800
f 1406//3801 1405//3802 606//3803 1407//3804
f 1406//3805 1407//3806 1408//3807 142//3808
f 1408//3809 147//3810 143//3811 142//3812
f 1408//3813 1407//3814 611//3815 1409//3816
f 1408//3817 1409//3818 1410//3819 147//3820
f 1410//3821 152//3822 148//3823 147//3824
f 1410//3825 1409//3826 616//3827 1411//3828
f 1410//3829 1411//3830 1412//3831 152//3832
f 1412//3833 157//3834 153//3835 152//3836
f 1412//3837 1411//3838 621//3839 1413//3840
f 1412//3841 1413//3842 1414//3843 157//3844
f 1414//3845 162//3846 158//3847 157//3848
f 1414//3849 1413//3850 626//3851 1415//3852
f 1414//3853 1415//3854 1416//3855 162//3856
f 1416//3857 167//3858 163//3859 162//3860
f 1416//3861 1415//3862 631//3863 1417//3864
f 1416//3865 1417//3866 1418//3867 167//3868
f 1418//3869 172//3870 168//3871 167//3872
f 1418//3873 1417//3874 636//3875 1419//3876
f 1418//3877 1419//3878 1420//3879 172//3880
f 1420//3881 177//3882 173//3883 172//3884
f 1420//3885 1419//3886 641//3887 1421//3888
f 1420//3889 1421//3890 1422//3891 177//3892
f 1422//3893 182//3894 178//3895 177//3896
f 1422//3897 1421//3898 646//3899 1423//3900
f 1422//3901 1423//3902 1424//3903 182//3904
f 1424//3905 187//3906 183//3907 182//3908
f 1424//3909 1423//3910 651//3911 1425//3912
f 1424//3913 1425//3914 1426//3915 187//3916
f 1426//3917 192//3918 188//3919 187//3920
f 1426//3921 1425//3922 656//3923 1427//3924
f 1426//3925 1427//3926 1428//3927 192//3928
f 1428//3929 197//3930 193//3931 192//3932
f 1428//3933 1427//3934 661//3935 1429//3936
f 1428//3937 1429//3938 1430//3939 197//3940
f 1430//3941 202//3942 198//3943 197//3944
f 1430//3945 1429//3946 666//3947 1431//3948
f 1430//3949 1431//3950 1432//3951 202//3952
f 1432//3953 207//3954 203//3955 202//3956
f 1432//3957 1431//3958 671//3959 1433//3960
f 1432//3961 1433//3962 1434//3963 207//3964
f 1434//3965 212//3966 208//3967 207//3968
f 1434//3969 1433//3970 676//3971 1435//3972
f 1434//3973 1435//3974 1436//3975 212//3976
f 1436//3977 217//3978 213//3979 212//3980
f 1436//3981 1435//3982 681//3983 1437//3984
f 1436//3985 1437//3986 1438//3987 217//3988
f 1438//3989 222//3990 218//3991 217//3992
f 1438//3993 1437//3994 686//3995 1439//3996
f 1438//3997 1439//3998 1440//3999 222//4000
f 1440//4001 227//4002 223//4003 222//4004
f 1440//4005 1439//4006 691//4007 1441//4008
f 1440//4009 1441//4010 1442//4011 227//4012
f 1442//4013 232//4014 228//4015 227//4016
f 1442//4017 1441//4018 696//4019 1443//4020
f 1442//4021 1443//4022 1444//4023 232//4024
f 1444//4025 237//4026 233//4027 232//4028
f 1444//4029 1443//4030 701//4031 1445//4032
f 1444//4033 1445//4034 1446//4035 237//4036
f 1446//4037 242//4038 238//4039 237//4040
f 1446//4041 1445//4042 706//4043 1447//4044
f 1446//4045 1447//4046 1448//4047 242//4048
f 1448//4049 247//4050 243//4051 242//4052
f 1448//4053 1447//4054 711//4055 1449//4056
f 1448//4057 1449//4058 1450//4059 247//4060
f 1450//4061 252//4062 248//4063 247//4064
f 1450//4065 1449//4066 716//4067 1451//4068
f 1450//4069 1451//4070 1452//4071 252//4072
f 1452//4073 257//4074 253//4075 252//4076
f 1452//4077 1451//4078 721//4079 1453//4080
f 1452//4081 1453//4082 1454//4083 257//4084
f 1454//4085 262//4086 258//4087 257//4088
f 1454//4089 1453//4090 726//4091 1455//4092
f 1454//4093 1455//4094 1456//4095 262//4096
f 1456//4097 267//4098 263//4099 262//4100
f 1456//4101 1455//4102 731//4103 1457//4104
f 1456//4105 1457//4106 1458//4107 267//4108
f 1458//4109 272//4110 268//4111 267//4112
f 1458//4113 1457//4114 736//4115 1459//4116
f 1458//4117 1459//4118 1460//4119 272//4120
f 1460//4121 277//4122 273//4123 272//4124
f 1460//4125 1459//4126 741//4127 1461//4128
f 1460//4129 1461//4130 1462//4131 277//4132
f 1462//4133 282//4134 278//4135 277//4136
f 1462//4137 1461//4138 746//4139 1463//4140
f 1462//4141 1463//4142 1464//4143 282//4144
f 1464//4145 287//4146 283//4147 282//4148
f 1464//4149 1463//4150 751//4151 1465//4152
f 1464//4153 1465//4154 1466//4155 287//4156
f 1466//4157 292//4158 288//4159 287//4160
f 1466//4161 1465//4162 756//4163 1467//4164
f 1466//4165 1467//4166 1468//4167 292//4168
f 1468//4169 297//4170 293//4171 292//4172
f 1468//4173 1467//4174 761//4175 1469//4176
f 1468//4177 1469//4178 1470//4179 297//4180
f 1470//4181 302//4182 298//4183 297//4184
f 1470//4185 1469//4186 766//4187 1471//4188
f 1470//4189 1471//4190 1472//4191 302//4192
f 1472//4193 307//4194 303//4195 302//4196
f 1472//4197 1471//4198 771//4199 1473//4200
f 1472//4201 1473//4202 1474//4203 307//4204
f 1474//4205 312//4206 308//4207 307//4208
f 1474//4209 1473//4210 776//4211 1475//4212
f 1474//4213 1475//4214 1476//4215 312//4216
f 1476//4217 317//4218 313//4219 312//4220
f 1476//4221 1475//4222 781//4223 1477//4224
f 1476//4225 1477//4226 1478//4227 317//4228
f 1478//4229 322//4230 318//4231 317//4232
f 1478//4233 1477//4234 786//4235 1479//4236
f 1478//4237 1479//4238 1480//4239 322//4240
f 1480//4241 327//4242 323//4243 322//4244
f 1480//4245 1479//4246 791//4247 1481//4248
f 1480//4249 1481//4250 1482//4251 327//4252
f 1482//4253 332//4254 328//4255 327//4256
f 1482//4257 1481//4258 796//4259 1483//4260
f 1482//4261 1483//4262 1484//4263 332//4264
f 1484//4265 337//4266 333//4267 332//4268
f 1484//4269 1483//4270 801//4271 1485//4272
f 1484//4273 1485//4274 1486//4275 337//4276
f 1486//4277 342//4278 338//4279 337//4280
f 1486//4281 1485//4282 806//4283 1487//4284
f 1486//4285 1487//4286 1488//4287 342//4288
f 1488//4289 347//4290 343//4291 342//4292
f 1488//4293 1487//4294 811//4295 1489//4296
f 1488//4297 1489//4298 1490//4299 347//4300
f 1490//4301 352//4302 348//4303 347//4304
f 1490//4305 1489//4306 816//4307 1491//4308
f 1490//4309 1491//4310 1492//4311 352//4312
f 1492//4313 357//4314 353//4315 352//4316
f 1492//4317 1491//4318 821//4319 1493//4320
f 1492//4321 1493//4322 1494//4323 357//4324
f 1494//4325 362//4326 358//4327 357//4328
f 1494//4329 1493//4330 826//4331 1495//4332
f 1494//4333 1495//4334 1496//4335 362//4336
f 1496//4337 367//4338 363//4339 362//4340
f 1496//4341 1495//4342 831//4343 1497//4344
f 1496//4345 1497//4346 1498//4347 367//4348
f 1498//4349 372//4350 368//4351 367//4352
f 1498//4353 1497//4354 836//4355 1499//4356
f 1498//4357 1499//4358 1500//4359 372//4360
f 1500//4361 377//4362 373//4363 372//4364
f 1500//4365 1499//4366 841//4367 1501//4368
f 1500//4369 1501//4370 1502//4371 377//4372
f 1502//4373 382//4374 378//4375 377//4376
f 1502//4377 1501//4378 846//4379 1503//4380
f 1502//4381 1503//4382 1504//4383 382//4384
f 1504//4385 387//4386 383//4387 382//4388
f 1504//4389 1503//4390 851//4391 1505//4392
f 1504//4393 1505//4394 1506//4395 387//4396
f 1506//4397 392//4398 388//4399 387//4400
f 1506//4401 1505//4402 856//4403 1507//4404
f 1506//4405 1507//4406 1508//4407 392//4408
f 1508//4409 397//4410 393//4411 392//4412
f 1508//4413 1507//4414 861//4415 1509//4416
f 1508//4417 1509//4418 1510//4419 397//4420
f 1510//4421 402//4422 398//4423 397//4424
f 1510//4425 1509//4426 866//4427 1511//4428
f 1510//4429 1511//4430 1512//4431 402//4432
f 1512//4433 407//4434 403//4435 402//4436
f 1512//4437 1511//4438 871//4439 1513//4440
f 1512//4441 1513//4442 1514//4443 407//4444
f 1514//4445 412//4446 408//4447 407//4448
f 1514//4449 1513//4450 876//4451 1515//4452
f 1514//4453 1515//4454 1516//4455 412//4456
f 1516//4457 417//4458 413//4459 412//4460
f 1516//4461 1515//4462 881//4463 1517//4464
f 1516//4465 1517//4466 1518//4467 417//4468
f 1518//4469 422//4470 418//4471 417//4472
f 1518//4473 1517//4474 886//4475 1519//4476
f 1518//4477 1519//4478 1520//4479 422//4480
f 1520//4481 427//4482 423//4483 422//4484
f 1520//4485 1519//4486 891//4487 1521//4488
f 1520//4489 1521//4490 1522//4491 427//4492
f 1522//4493 432//4494 428//4495 427//4496
f 1522//4497 1521//4498 896//4499 1523//4500
f 1522//4501 1523//4502 1524//4503 432//4504
f 1524//4505 437//4506 433//4507 432//4508
f 1524//4509 1523//4510 901//4511 1525//4512
f 1524//4513 1525//4514 1526//4515 437//4516
f 1526//4517 442//4518 438//4519 437//4520
f 1526//4521 1525//4522 906//4523 1527//4524
f 1526//4525 1527//4526 1528//4527 442//4528
f 1528//4529 447//4530 443//4531 442//4532
f 1528//4533 1527//4534 911//4535 1529//4536
f 1528//4537 1529//4538 1530//4539 447//4540
f 1530//4541 452//4542 448//4543 447//4544
f 1530//4545 1529//4546 916//4547 1531//4548
f 1530//4549 1531//4550 1532//4551 452//4552
f 1532//4553 457//4554 453//4555 452//4556
f 1532//4557 1531//4558 921//4559 1533//4560
f 1532//4561 1533//4562 1534//4563 457//4564
f 1534//4565 462//4566 458//4567 457//4568
f 1534//4569 1533//4570 926//4571 1535//4572
f 1534//4573 1535//4574 1536//4575 462//4576
f 1536//4577 467//4578 463//4579 462//4580
f 1536//4581 1535//4582 931//4583 1537//4584
f 1536//4585 1537//4586 1538//4587 467//4588
f 1538//4589 472//4590 468//4591 467//4592
f 1538//4593 1537//4594 936//4595 1539//4596
f 1538//4597 1539//4598 1540//4599 472//4600
f 1540//4601 477//4602 473//4603 472//4604
f 1540//4605 1539//4606 941//4607 1541//4608
f 1540//4609 1541//4610 1542//4611 477//4612
f 1542//4613 482//4614 478//4615 477//4616
f 1542//4617 1541//4618 946//4619 1543//4620
f 1542//4621 1543//4622 1544//4623 482//4624
f 1544//4625 487//4626 483//4627 482//4628
f 1544//4629 1543//4630 951//4631 1545//4632
f 1544//4633 1545//4634 1546//4635 487//4636
f 1546//4637 492//4638 488//4639 487//4640
f 1546//4641 1545//4642 956//4643 1547//4644
f 1546//4645 1547//4646 1548//4647 492//4648
f 1548//4649 497//4650 493//4651 492//4652
f 1548//4653 1547//4654 961//4655 1549//4656
f 1548//4657 1549//4658 1550//4659 497//4660
f 1550//4661 502//4662 498//4663 497//4664
f 1550//4665 1549//4666 966//4667 1551//4668
f 1550//4669 1551//4670 1552//4671 502//4672
f 1552//4673 507//4674 503//4675 502//4676
f 1552//4677 1551//4678 971//4679 979//4680
f 1552//4681 979//4682 978//4683 507//4684
f 1551//4685 966//4686 965//4687 971//4688
f 1549//4689 961//4690 960//4691 966//4692
f 1547//4693 956//4694 955//4695 961//4696
f 1545//4697 951//4698 950//4699 956//4700
f 1543//4701 946//4702 945//4703 951//4704
f 1541//4705 941//4706 940//4707 946//4708
f 1539//4709 936//4710 935//4711 941//4712
f 1537//4713 931//4714 930//4715 936//4716
f 1535//4717 926//4718 925//4719 931//4720
f 1533//4721 921//4722 920//4723 926//4724
f 1531//4725 916//4726 915//4727 921//4728
f 1529//4729 911//4730 910//4731 916//4732
f 1527//4733 906//4734 905//4735 911//4736
f 1525//4737 901//4738 900//4739 906//4740
f 1523//4741 896//4742 895//4743 901//4744
f 1521//4745 891//4746 890//4747 896//4748
f 1519//4749 886//4750 885//4751 891//4752
f 1517//4753 881//4754 880//4755 886//4756
f 1515//4757 876//4758 875//4759 881//4760
f 1513//4761 871//4762 870//4763 876//4764
f 1511//4765 866//4766 865//4767 871//4768
f 1509//4769 861//4770 860//4771 866//4772
f 1507//4773 856//4774 855//4775 861//4776
f 1505//4777 851//4778 850//4779 856//4780
f 1503//4781 846//4782 845//4783 851//4784
f 1501//4785 841//4786 840//4787 846//4788
f 1499//4789 836//4790 835//4791 841//4792
f 1497//4793 831//4794 830//4795 836//4796
f 1495//4797 826//4798 825//4799 831//4800
f 1493//4801 821//4802 820//4803 826//4804
f 1491//4805 816//4806 815//4807 821//4808
f 1489//4809 811//4810 810//4811 816//4812
f 1487//4813 806//4814 805//4815 811//4816
f 1485//4817 801//4818 800//4819 806//4820
f 1483//4821 796//4822 795//4823 801//4824
f 1481//4825 791//4826 790//4827 796//4828
f 1479//4829 786//4830 785//4831 791//4832
f 1477//4833 781//4834 780//4835 786//4836
f 1475//4837 776//4838 775//4839 781//4840
f 1473//4841 771//4842 770//4843 776//4844
f 1471//4845 766//4846 765//4847 771//4848
f 1469//4849 761//4850 760//4851 766//4852
f 1467//4853 756//4854 755//4855 761//4856
f 1465//4857 751//4858 750//4859 756//4860
f 1463//4861 746//4862 745//4863 751//4864
f 1461//4865 741//4866 740//4867 746//4868
f 1459//4869 736//4870 735//4871 741//4872
f 1457//4873 731//4874 730//4875 736//4876
f 1455//4877 726//4878 725//4879 731//4880
f 1453//4881 721//4882 720//4883 726//4884
f 1451//4885 716//4886 715//4887 721//4888
f 1449//4889 711//4890 710//4891 716//4892
f 1447//4893 706//4894 705//4895 711//4896
f 1445//4897 701//4898 700//4899 706//4900
f 1443//4901 696//4902 695//4903 701//4904
f 1441//4905 691//4906 690//4907 696//4908
f 1439//4909 686//4910 685//4911 691//4912
f 1437//4913 681//4914 680//4915 686//4916
f 1435//4917 676//4918 675//4919 681//4920
f 1433//4921 671//4922 670//4923 676//4924
f 1431//4925 666//4926 665//4927 671//4928
f 1429//4929 661//4930 660//4931 666//4932
f 1427//4933 656//4934 655//4935 661//4936
f 1425//4937 651//4938 650//4939 656//4940
f 1423//4941 646//4942 645//4943 651//4944
f 1421//4945 641//4946 640//4947 646//4948
f 1419//4949 636//4950 635//4951 641//4952
f 1417//4953 631//4954 630//4955 636//4956
f 1415//4957 626//4958 625//4959 631//4960
f 1413//4961 621//4962 620//4963 626//4964
f 1411//4965 616//4966 615//4967 621//4968
f 1409//4969 611//4970 610//4971 616//4972
f 1407//4973 606//4974 605//4975 611//4976
f 1405//4977 601//4978 600//4979 606//4980
f 1403//4981 596//4982 595//4983 601//4984
f 1401//4985 591//4986 590//4987 596//4988
f 1399//4989 586//4990 585//4991 591//4992
f 1397//4993 581//4994 580//4995 586//4996
f 1395//4997 576//4998 575//4999 581//5000
f 1393//5001 571//5002 570//5003 576//5004
f 1391//5005 566//5006 565//5007 571//5008
f 1389//5009 561//5010 560//5011 566//5012
f 1387//5013 556//5014 555//5015 561//5016
f 1385//5017 551//5018 550//5019 556//5020
f 1383//5021 546//5022 545//5023 551//5024
f 1381//5025 541//5026 540//5027 546//5028
f 1379//5029 536//5030 535//5031 541//5032
f 1377//5033 531//5034 530//5035 536//5036
f 1375//5037 526//5038 525//5039 531//5040
f 1373//5041 521//5042 520//5043 526//5044
f 1371//5045 516//5046 515//5047 521//5048
f 1369//5049 511//5050 510//5051 516//5052
f 1367//5053 506//5054 505//5055 511//5056
f 1365//5057 501//5058 500//5059 506//5060
f 1363//5061 496//5062 495//5063 501//5064
f 1361//5065 491//5066 490//5067 496//5068
f 1359//5069 486//5070 485//5071 491//5072
f 1357//5073 481//5074 480//5075 486//5076
f 1355//5077 476//5078 475//5079 481//5080
f 1353//5081 471//5082 470//5083 476//5084
f 1351//5085 466//5086 465//5087 471//5088
f 1350//5089 6//5090 973//5091 972//5092
f 1350//5093 972//5094 1346//5095 1345//5096
f 1350//5097 1349//5098 2//5099 6//5100
f 1347//5101 461//5102 460//5103 466//5104
f 1346//5105 972//5106 968//5107 967//5108
f 1346//5109 967//5110 1342//5111 1341//5112
f 1343//5113 456//5114 455//5115 461//5116
f 1342//5117 967//5118 963//5119 962//5120
f 1342//5121 962//5122 1338//5123 1337//5124
f 1339//5125 451//5126 450//5127 456//5128
f 1338//5129 962//5130 958//5131 957//5132
f 1338//5133 957//5134 1334//5135 1333//5136
f 1335//5137 446//5138 445//5139 451//5140
f 1334//5141 957//5142 953//5143 952//5144
f 1334//5145 952//5146 1330//5147 1329//5148
f 1331//5149 441//5150 440//5151 446//5152
f 1330//5153 952//5154 948//5155 947//5156
f 1330//5157 947//5158 1326//5159 1325//5160
f 1327//5161 436//5162 435//5163 441//5164
f 1326//5165 947//5166 943//5167 942//5168
f 1326//5169 942//5170 1322//5171 1321//5172
f 1323//5173 431//5174 430//5175 436//5176
f 1322//5177 942//5178 938//5179 937//5180
f 1322//5181 937//5182 1318//5183 1317//5184
f 1319//5185 426//5186 425//5187 431//5188
f 1318//5189 937//5190 933//5191 932//5192
f 1318//5193 932//5194 1314//5195 1313//5196
f 1315//5197 421//5198 420//5199 426//5200
f 1314//5201 932//5202 928//5203 927//5204
f 1314//5205 927//5206 1310//5207 1309//5208
f 1311//5209 416//5210 415//5211 421//5212
f 1310//5213 927//5214 923//5215 922//5216
f 1310//5217 922//5218 1306//5219 1305//5220
f 1307//5221 411//5222 410//5223 416//5224
f 1306//5225 922//5226 918//5227 917//5228
f 1306//5229 917//5230 1302//5231 1301//5232
f 1303//5233 406//5234 405//5235 411//5236
f 1302//5237 917//5238 913//5239 912//5240
f 1302//5241 912//5242 1298//5243 1297//5244
f 1299//5245 401//5246 400//5247 406//5248
f 1298//5249 912//5250 908//5251 907//5252
f 1298//5253 907//5254 1294//5255 1293//5256
f 1295//5257 396//5258 395//5259 401//5260
f 1294//5261 907//5262 903//5263 902//5264
f 1294//5265 902//5266 1290//5267 1289//5268
f 1291//5269 391//5270 390//5271 396//5272
f 1290//5273 902//5274 898//5275 897//5276
f 1290//5277 897//5278 1286//5279 1285//5280
f 1287//5281 386//5282 385//5283 391//5284
f 1286//5285 897//5286 893//5287 892//5288
f 1286//5289 892//5290 1282//5291 1281//5292
f 1283//5293 381//5294 380//5295 386//5296
f 1282//5297 892//5298 888//5299 887//5300
f 1282//5301 887//5302 1278//5303 1277//5304
f 1279//5305 376//5306 375//5307 381//5308
f 1278//5309 887//5310 883//5311 882//5312
f 1278//5313 882//5314 1274//5315 1273//5316
f 1275//5317 371//5318 370//5319 376//5320
f 1274//5321 882//5322 878//5323 877//5324
f 1274//5325 877//5326 1270//5327 1269//5328
f 1271//5329 366//5330 365//5331 371//5332
f 1270//5333 877//5334 873//5335 872//5336
f 1270//5337 872//5338 1266//5339 1265//5340
f 1267//5341 361//5342 360//5343 366//5344
f 1266//5345 872//5346 868//5347 867//5348
f 1266//5349 867//5350 1262//5351 1261//5352
f 1263//5353 356//5354 355//5355 361//5356
f 1262//5357 867//5358 863//5359 862//5360
f 1262//5361 862//5362 1258//5363 1257//5364
f 1259//5365 351//5366 350//5367 356//5368
f 1258//5369 862//5370 858//5371 857//5372
f 1258//5373 857//5374 1254//5375 1253//5376
f 1255//5377 346//5378 345//5379 351//5380
f 1254//5381 857//5382 853//5383 852//5384
f 1254//5385 852//5386 1250//5387 1249//5388
f 1251//5389 341//5390 340//5391 346//5392
f 1250//5393 852//5394 848//5395 847//5396
f 1250//5397 847//5398 1246//5399 1245//5400
f 1247//5401 336//5402 335//5403 341//5404
f 1246//5405 847//5406 843//5407 842//5408
f 1246//5409 842//5410 1242//5411 1241//5412
f 1243//5413 331//5414 330//5415 336//5416
f 1242//5417 842//5418 838//5419 837//5420
f 1242//5421 837//5422 1238//5423 1237//5424
f 1239//5425 326//5426 325//5427 331//5428
f 1238//5429 837//5430 833//5431 832//5432
f 1238//5433 832//5434 1234//5435 1233//5436
f 1235//5437 321//5438 320//5439 326//5440
f 1234//5441 832//5442 828//5443 827//5444
f 1234//5445 827//5446 1230//5447 1229//5448
f 1231//5449 316//5450 315//5451 321//5452
f 1230//5453 827//5454 823//5455 822//5456
f 1230//5457 822//5458 1226//5459 1225//5460
f 1227//5461 311//5462 310//5463 316//5464
f 1226//5465 822//5466 818//5467 817//5468
f 1226//5469 817//5470 1222//5471 1221//5472
f 1223//5473 306//5474 305//5475 311//5476
f 1222//5477 817//5478 813//5479 812//5480
f 1222//5481 812//5482 1218//5483 1217//5484
f 1219//5485 301//5486 300//5487 306//5488
f 1218//5489 812//5490 808//5491 807//5492
f 1218//5493 807//5494 1214//5495 1213//5496
f 1215//5497 296//5498 295//5499 301//5500
f 1214//5501 807//5502 803//5503 802//5504
f 1214//5505 802//5506 1210//5507 1209//5508
f 1211//5509 291//5510 290//5511 296//5512
f 1210//5513 802//5514 798//5515 797//5516
f 1210//5517 797//5518 1206//5519 1205//5520
f 1207//5521 286//5522 285//5523 291//5524
f 1206//5525 797//5526 793//5527 792//5528
f 1206//5529 792//5530 1202//5531 1201//5532
f 1203//5533 281//5534 280//5535 286//5536
f 1202//5537 792//5538 788//5539 787//5540
f 1202//5541 787//5542 1198//5543 1197//5544
f 1199//5545 276//5546 275//5547 281//5548
f 1198//5549 787//5550 783//5551 782//5552
f 1198//5553 782//5554 1194//5555 1193//5556
f 1195//5557 271//5558 270//5559 276//5560
f 1194//5561 782//5562 778//5563 777//5564
f 1194//5565 777//5566 1190//5567 1189//5568
f 1191//5569 266//5570 265//5571 271//5572
f 1190//5573 777//5574 773//5575 772//5576
f 1190//5577 772//5578 1186//5579 1185//5580
f 1187//5581 261//5582 260//5583 266//5584
f 1186//5585 772//5586 768//5587 767//5588
f 1186//5589 767//5590 1182//5591 1181//5592
f 1183//5593 256//5594 255//5595 261//5596
f 1182//5597 767//5598 763//5599 762//5600
f 1182//5601 762//5602 1178//5603 1177//5604
f 1179//5605 251//5606 250//5607 256//5608
f 1178//5609 762//5610 758//5611 757//5612
f 1178//5613 757//5614 1174//5615 1173//5616
f 1175//5617 246//5618 245//5619 251//5620
f 1174//5621 757//5622 753//5623 752//5624
f 1174//5625 752//5626 1170//5627 1169//5628
f 1171//5629 241//5630 240//5631 246//5632
f 1170//5633 752//5634 748//5635 747//5636
f 1170//5637 747//5638 1166//5639 1165//5640
f 1167//5641 236//5642 235//5643 241//5644
f 1166//5645 747//5646 743//5647 742//5648
f 1166//5649 742//5650 1162//5651 1161//5652
f 1163//5653 231//5654 230//5655 236//5656
f 1162//5657 742//5658 738//5659 737//5660
f 1162//5661 737//5662 1158//5663 1157//5664
f 1159//5665 226//5666 225//5667 231//5668
f 1158//5669 737//5670 733//5671 732//5672
f 1158//5673 732//5674 1154//5675 1153//5676
f 1155//5677 221//5678 220//5679 226//5680
f 1154//5681 732//5682 728//5683 727//5684
f 1154//5685 727//5686 1150//5687 1149//5688
f 1151//5689 216//5690 215//5691 221//5692
f 1150//5693 727//5694 723//5695 722//5696
f 1150//5697 722//5698 1146//5699 1145//5700
f 1147//5701 211//5702 210//5703 216//5704
f 1146//5705 722//5706 718//5707 717//5708
f 1146//5709 717//5710 1142//5711 1141//5712
f 1143//5713 206//5714 205//5715 211//5716
f 1142//5717 717//5718 713//5719 712//5720
f 1142//5721 712//5722 1138//5723 1137//5724
f 1139//5725 201//5726 200//5727 206//5728
f 1138//5729 712//5730 708//5731 707//5732
f 1138//5733 707//5734 1134//5735 1133//5736
f 1135//5737 196//5738 195//5739 201//5740
f 1134//5741 707//5742 703//5743 702//5744
f 1134//5745 702//5746 1130//5747 1129//5748
f 1131//5749 191//5750 190//5751 196//5752
f 1130//5753 702//5754 698//5755 697//5756
f 1130//5757 697//5758 1126//5759 1125//5760
f 1127//5761 186//5762 185//5763 191//5764
f 1126//5765 697//5766 693//5767 692//5768
f 1126//5769 692//5770 1122//5771 1121//5772
f 1123//5773 181//5774 180//5775 186//5776
f 1122//5777 692//5778 688//5779 687//5780
f 1122//5781 687//5782 1118//5783 1117//5784
f 1119//5785 176//5786 175//5787 181//5788
f 1118//5789 687//5790 683//5791 682//5792
f 1118//5793 682//5794 1114//5795 1113//5796
f 1115//5797 171//5798 170//5799 176//5800
f 1114//5801 682//5802 678//5803 677//5804
f 1114//5805 677//5806 1110//5807 1109//5808
f 1111//5809 166//5810 165//5811 171//5812
f 1110//5813 677//5814 673//5815 672//5816
f 1110//5817 672//5818 1106//5819 1105//5820
f 1107//5821 161//5822 160//5823 166//5824
f 1106//5825 672//5826 668//5827 667//5828
f 1106//5829 667//5830 1102//5831 1101//5832
f 1103//5833 156//5834 155//5835 161//5836
f 1102//5837 667//5838 663//5839 662//5840
f 1102//5841 662//5842 1098//5843 1097//5844
f 1099//5845 151//5846 150//5847 156//5848
f 1098//5849 662//5850 658//5851 657//5852
f 1098//5853 657//5854 1094//5855 1093//5856
f 1095//5857 146//5858 145//5859 151//5860
f 1094//5861 657//5862 653//5863 652//5864
f 1094//5865 652//5866 1090//5867 1089//5868
f 1091//5869 141//5870 140//5871 146//5872
f 1090//5873 652//5874 648//5875 647//5876
f 1090//5877 647//5878 1086//5879 1085//5880
f 1087//5881 136//5882 135//5883 141//5884
f 1086//5885 647//5886 643//5887 642//5888
f 1086//5889 642//5890 1082//5891 1081//5892
f 1083//5893 131//5894 130//5895 136//5896
f 1082//5897 642//5898 638//5899 637//5900
f 1082//5901 637//5902 1078//5903 1077//5904
f 1079//5905 126//5906 125//5907 131//5908
f 1078//5909 637//5910 633//5911 632//5912
f 1078//5913 632//5914 1074//5915 1073//5916
f 1075//5917 121//5918 120//5919 126//5920
f 1074//5921 632//5922 628//5923 627//5924
f 1074//5925 627//5926 1070//5927 1069//5928
f 1071//5929 116//5930 115//5931 121//5932
f 1070//5933 627//5934 623//5935 622//5936
f 1070//5937 622//5938 1066//5939 1065//5940
f 1067//5941 111//5942 110//5943 116//5944
f 1066//5945 622//5946 618//5947 617//5948
f 1066//5949 617//5950 1062//5951 1061//5952
f 1063//5953 106//5954 105//5955 111//5956
f 1062//5957 617//5958 613//5959 612//5960
f 1062//5961 612//5962 1058//5963 1057//5964
f 1059//5965 101//5966 100//5967 106//5968
f 1058//5969 612//5970 608//5971 607//5972
f 1058//5973 607//5974 1054//5975 1053//5976
f 1055//5977 96//5978 95//5979 101//5980
f 1054//5981 607//5982 603//5983 602//5984
f 1054//5985 602//5986 1050//5987 1049//5988
f 1051//5989 91//5990 90//5991 96//5992
f 1050//5993 602//5994 598//5995 597//5996
f 1050//5997 597//5998 1046//5999 1045//6000
f 1047//6001 86//6002 85//6003 91//6004
f 1046//6005 597//6006 593//6007 592//6008
f 1046//6009 592//6010 1042//6011 1041//6012
f 1043//6013 81//6014 80//6015 86//6016
f 1042//6017 592//6018 588//6019 587//6020
f 1042//6021 587//6022 1038//6023 1037//6024
f 1039//6025 76//6026 75//6027 81//6028
f 1038//6029 587//6030 583//6031 582//6032
f 1038//6033 582//6034 1034//6035 1033//6036
f 1035//6037 71//6038 70//6039 76//6040
f 1034//6041 582//6042 578//6043 577//6044
f 1034//6045 577//6046 1030//6047 1029//6048
f 1031//6049 66//6050 65//6051 71//6052
f 1030//6053 577//6054 573//6055 572//6056
f 1030//6057 572//6058 1026//6059 1025//6060
f 1027//6061 61//6062 60//6063 66//6064
f 1026//6065 572//6066 568//6067 567//6068
f 1026//6069 567//6070 1022//6071 1021//6072
f 1023//6073 56//6074 55//6075 61//6076
f 1022//6077 567//6078 563//6079 562//6080
f 1022//6081 562//6082 1018//6083 1017//6084
f 1019//6085 51//6086 50//6087 56//6088
f 1018//6089 562//6090 558//6091 557//6092
f 1018//6093 557//6094 1014//6095 1013//6096
f 1015//6097 46//6098 45//6099 51//6100
f 1014//6101 557//6102 553//6103 552//6104
f 1014//6105 552//6106 1010//6107 1009//6108
f 1011//6109 41//6110 40//6111 46//6112
f 1010//6113 552//6114 548//6115 547//6116
f 1010//6117 547//6118 1006//6119 1005//6120
f 1007//6121 36//6122 35//6123 41//6124
f 1006//6125 547//6126 543//6127 542//6128
f 1006//6129 542//6130 1002//6131 1001//6132
f 1003//6133 31//6134 30//6135 36//6136
f 1002//6137 542//6138 538//6139 537//6140
f 1002//6141 537//6142 998//6143 997//6144
f 999//6145 26//6146 25//6147 31//6148
f 998//6149 537//6150 533//6151 532//6152
f 998//6153 532//6154 994//6155 993//6156
f 995//6157 21//6158 20//6159 26//6160
f 994//6161 532//6162 528//6163 527//6164
f 994//6165 527//6166 990//6167 989//6168
f 991//6169 16//6170 15//6171 21//6172
f 990//6173 527//6174 523//6175 522//6176
f 990//6177 522//6178 986//6179 985//6180
f 987//6181 11//6182 10//6183 16//6184
f 986//6185 522//6186 518//6187 517//6188
f 986//6189 517//6190 982//6191 981//6192
f 983//6193 8//6194 7//6195 11//6196
f 982//6197 517//6198 513//6199 512//6200
f 982//6201 512//6202 978//6203 977//6204
f 978//6205 512//6206 508//6207 507//6208
